-0.00012132459154593514  -0.005974080809773993 -0.00039024892869169743 0.6  0.3  0.0
0.012847191980947078  -0.007332326234738592 -0.005859651362991617 0.6  0.3  0.0
0.022207304260624793  -0.008445255853948943 -0.010636988924948864 0.6  0.3  0.0
0.02831562951003668  -0.009328251880767243 -0.014808903287426938 0.6  0.3  0.0
0.03163628236189897  -0.009993817835539863 -0.018435316145447727 0.6  0.3  0.0
0.02756425984790543  -0.01001795193848551 -0.025283840206631086 0.6  0.3  0.0
0.022335062627491034  -0.01010225999828708 -0.02787037851207859 0.6  0.3  0.0
0.01656872829693406  -0.01006109371308268 -0.028115351955978293 0.6  0.3  0.0
0.010784285081353411  -0.009710577233667578 -0.02518036969098095 0.6  0.3  0.0
0.010786907854523185  -0.010140457214080974 -0.031085867733624484 0.6  0.3  0.0
0.0100136993131915  -0.01032085360889741 -0.03335550465413014 0.6  0.3  0.0
0.008785062043184598  -0.010253009089666143 -0.032404011324389505 0.6  0.3  0.0
0.007347339251102787  -0.009952839095125416 -0.028777510778878065 0.6  0.3  0.0
0.0018769654171119782  -0.009058036242161028 -0.022815295728747766 0.6  0.3  0.0
-0.002814789741244113  -0.008258745239181449 -0.011652247094317591 0.6  0.3  0.0
-0.006893452631249501  -0.007573394254983675 -0.00402562197893417 0.6  0.3  0.0
-0.010344091685626024  -0.007104827610599405 0.005209241297220885 0.6  0.3  0.0
-0.008770198548114151  -0.006457609072428698 0.011571716968148758 0.6  0.3  0.0
-0.006536554530544329  -0.0056510986823901915 0.018323273138189017 0.6  0.3  0.0
-0.004058387798438219  -0.004932906048745204 0.027204279919495804 0.6  0.3  0.0
-0.0018384903244426545  -0.004362611931533946 0.037561454945481576 0.6  0.3  0.0
-0.0015067499046099212  -0.005486609047597425 0.05727425504056258 0.6  0.3  0.0
-0.0011567706031874855  -0.006728067209337218 0.07825477649114138 0.6  0.3  0.0
-0.0011446289111068384  -0.008005403132019358 0.10061588770648172 0.6  0.3  0.0
-0.0017226977493211483  -0.009221001056897257 0.12377599098536898 0.6  0.3  0.0
-0.00573183599787611  -0.007834043912114714 0.14701754420697227 0.6  0.3  0.0
-0.011732960124086766  -0.006628246492318338 0.16739866041897308 0.6  0.3  0.0
-0.019190917579193133  -0.005656422051630871 0.1847307272214232 0.6  0.3  0.0
-0.027511379886943393  -0.004990479878584996 0.1989988254289308 0.6  0.3  0.0
-0.03429600650458871  -0.005097391097767619 0.2142490151055426 0.6  0.3  0.0
-0.041827423067477734  -0.00525629945323439 0.22741437657636868 0.6  0.3  0.0
-0.04917974222943256  -0.00542381253868781 0.23663074633003664 0.6  0.3  0.0
-0.055549521347707256  -0.005541907325005736 0.24005762371017414 0.6  0.3  0.0
-0.06094359501328882  -0.0009503757128814152 0.23961804841001513 0.6  0.3  0.0
-0.06484087872836226  0.002734396544689786 0.2323331394214741 0.6  0.3  0.0
-0.06680866762297824  0.005739631042694635 0.22120553085862021 0.6  0.3  0.0
-0.0666358178138363  0.00799683000099145 0.20356708134484425 0.6  0.3  0.0
-0.07422079231739494  0.0108178734966606 0.1584854788583832 0.6  0.3  0.0
-0.07560755036439858  0.014718792985534194 0.11109110462776044 0.6  0.3  0.0
-0.07311436934142877  0.018783756552114176 0.061443573812801675 0.6  0.3  0.0
-0.06806936285721926  0.02254255049454501 0.016205606494739892 0.6  0.3  0.0
-0.05818515807626706  0.02887855405892023 -0.01898674190718093 0.6  0.3  0.0
-0.04706733873754113  0.034277364254871386 -0.054346709660470185 0.6  0.3  0.0
-0.03504678840810618  0.060970245851570785 0.009444854383298881 0.6  0.3  0.0
-0.025134074545617332  0.08176650856404953 0.05771694136915997 0.6  0.3  0.0
-0.011762776919781165  0.09483295343662138 0.07636877008614809 0.6  0.3  0.0
-4.709309710004307e-05  0.10506641394341287 0.08513161035501554 0.6  0.3  0.0
0.010022612211835185  0.1132451875628659 0.09027356227812396 0.6  0.3  0.0
0.018284250092353613  0.11989123217651151 0.09603205337070599 0.6  0.3  0.0
0.040164251385572725  0.10237532682152939 0.19116211770720645 0.6  0.3  0.0
0.06220961889260221  0.0869908995690713 0.2550498937073003 0.6  0.3  0.0
0.08342900307481965  0.0727240132436043 0.3030811301152469 0.6  0.3  0.0
0.13297583895575293  0.07825855695842236 0.2491453825149996 0.6  0.3  0.0
0.17433306345334704  0.07076969386139732 0.20260406283930482 0.6  0.3  0.0
0.21049752911151176  0.062148107056796624 0.1582471352148932 0.6  0.3  0.0
0.24344110098147914  0.05337508854141889 0.11537753303316955 0.6  0.3  0.0
0.27451678151788705  0.044652873586773605 0.07639372653019208 0.6  0.3  0.0
0.2887697898292105  0.035161595860759016 -0.010661419823064663 0.6  0.3  0.0
0.3060995286285603  0.03748219867244505 -0.014613410236012387 0.6  0.3  0.0
0.32316805826158074  0.04026661142804983 -0.028934733716774297 0.6  0.3  0.0
0.34031749490299595  0.04397396277699066 -0.048456438725792875 0.6  0.3  0.0
0.3496049785594679  0.04764156068847485 -0.07880742192483584 0.6  0.3  0.0
0.35858629588080015  0.052189412880604864 -0.10184676396855526 0.6  0.3  0.0
0.36821686571499396  0.0582375356843313 -0.12306560819531405 0.6  0.3  0.0
0.3785662623042347  0.06559647020548037 -0.14101609223349643 0.6  0.3  0.0
0.38452452787306324  0.07246982445843497 -0.15200731547317667 0.6  0.3  0.0
0.38911209479855063  0.07216796464030747 -0.20834665726843446 0.6  0.3  0.0
0.39510696660434896  0.08555341586938112 -0.1912902745731225 0.6  0.3  0.0
0.40666023870228646  0.09655807439745787 -0.1776362010745502 0.6  0.3  0.0
0.41741444858362275  0.10585484165534453 -0.15442775546434154 0.6  0.3  0.0
0.42859604136861146  0.11570621132166188 -0.12978144869417244 0.6  0.3  0.0
0.4403557947336866  0.12601190462505069 -0.10323003132933214 0.6  0.3  0.0
0.4527555904459358  0.1366352440666458 -0.07496132660718298 0.6  0.3  0.0
0.45894746818935067  0.14448137132449407 -0.06927861288001046 0.6  0.3  0.0
0.46592980020763924  0.15265109598690685 -0.06111085748280248 0.6  0.3  0.0
0.47378913715898247  0.16106448543836185 -0.0511302526243457 0.6  0.3  0.0
0.4825580820999395  0.1696363747324926 -0.040142737876226284 0.6  0.3  0.0
0.49168615536583  0.17778199227266692 -0.03028673376832536 0.6  0.3  0.0
0.501355037296424  0.18619197416809874 -0.01926482290801458 0.6  0.3  0.0
0.5119163929881687  0.19391424912370286 -0.009005017844125206 0.6  0.3  0.0
0.5190581558677778  0.20434401540917133 -0.004120243722391005 0.6  0.3  0.0
0.5329021263513612  0.21020289578965043 0.0006175889009342678 0.6  0.3  0.0
0.5469994681203038  0.21652249889389888 0.004587354936949456 0.6  0.3  0.0
0.5577985012984187  0.21664576612981135 -0.0177305553870747 0.6  0.3  0.0
0.5749106451620327  0.2253955550330095 -0.0036234752980553522 0.6  0.3  0.0
0.5801253510537852  0.23625008726917465 -0.0016849736214317246 0.6  0.3  0.0
0.5858137408734728  0.24665713162367825 -0.0013367039031039819 0.6  0.3  0.0
0.5921651708365062  0.25681854435067053 -0.0029300908187021328 0.6  0.3  0.0
0.5992358229490561  0.26684858980280624 -0.006565762285522727 0.6  0.3  0.0
0.6071119098312596  0.26999706749482055 -0.0028929185852683823 0.6  0.3  0.0
0.6159898134561914  0.272963472238272 -0.0017849564426940443 0.6  0.3  0.0
0.6104355064913763  0.2658383459416396 -0.01645251260405087 0.6  0.3  0.0
0.6082474222940222  0.2604139983824784 -0.029025862389746908 0.6  0.3  0.0
0.6032844356093974  0.2564194775449959 -0.02576214590448637 0.6  0.3  0.0
0.6026760890881415  0.25151369310118 -0.018315223385989343 0.6  0.3  0.0
0.6009198654116948  0.24801205021452724 -0.008416362831064023 0.6  0.3  0.0
0.5987198749833172  0.24448771614596404 0.0012561128271603595 0.6  0.3  0.0
0.5898287492987219  0.24333308111092006 -0.05007675894657641 0.6  0.3  0.0
0.583088675807118  0.2424621418298068 -0.07717826988728155 0.6  0.3  0.0
0.5765224098120574  0.2429439065843904 -0.09220526732285754 0.6  0.3  0.0
0.5711553943287516  0.24374767542764153 -0.1001838942739844 0.6  0.3  0.0
0.5754209571757548  0.2454124076426487 -0.09138541592950192 0.6  0.3  0.0
0.5797900270200113  0.24727802195668344 -0.07976704309713242 0.6  0.3  0.0
0.5841729708856167  0.24932163635991453 -0.06617314100816843 0.6  0.3  0.0
0.588558041049586  0.2515136038755401 -0.051044732716455696 0.6  0.3  0.0
0.5865459833701134  0.2530307887988745 -0.05268399687205108 0.6  0.3  0.0
0.5850018978663833  0.2548229879739013 -0.05307409295427683 0.6  0.3  0.0
0.5839934200768389  0.2568407316315364 -0.052298796385265134 0.6  0.3  0.0
0.5835663504534039  0.2590441282642431 -0.05034397394557442 0.6  0.3  0.0
0.5835323003927281  0.25915889173611756 -0.037912074858562385 0.6  0.3  0.0
0.5839119243071067  0.25842754751815555 -0.02829950841167933 0.6  0.3  0.0
0.5849287403513409  0.2586456719587998 -0.021645951415692637 0.6  0.3  0.0
0.5865426802675652  0.2594401550406207 -0.014527748325286957 0.6  0.3  0.0
0.5852064610750423  0.2577755912630462 -0.007172748501764955 0.6  0.3  0.0
0.5845440235370477  0.256938990253148 -0.0030816404972904173 0.6  0.3  0.0
0.5848515800392412  0.25462812678274566 0.010022441889375846 0.6  0.3  0.0
0.585393802658464  0.2561208878467981 0.00886930185366318 0.6  0.3  0.0
0.5833617910985298  0.25405062385015675 0.01297459773426229 0.6  0.3  0.0
0.5819259964513758  0.2529599977374703 0.0158681118994148 0.6  0.3  0.0
0.5810810901428708  0.2528990036874718 0.01744320247585049 0.6  0.3  0.0
0.5816571674007033  0.2559419153898412 0.02684573902916884 0.6  0.3  0.0
0.5811748414447195  0.2552997601963647 0.024789170953212588 0.6  0.3  0.0
0.581240599526241  0.2559624624967098 0.02274843914170419 0.6  0.3  0.0
0.5819206382417846  0.2576949693568587 0.019594707792296356 0.6  0.3  0.0
0.5832474868671864  0.2602987401606965 0.014602192772153754 0.6  0.3  0.0
0.5815155036860338  0.2608378813148028 0.018335201651662504 0.6  0.3  0.0
0.5805882603108019  0.2621564320811147 0.019848092880343275 0.6  0.3  0.0
0.5804349630642823  0.26404521991866947 0.019343662601180863 0.6  0.3  0.0
0.5810297371316354  0.26637992466767124 0.01674919969851324 0.6  0.3  0.0
0.5802146026271326  0.26871519702681096 0.01577208688470981 0.6  0.3  0.0
0.5800467738601746  0.26921314896106313 0.02429032487999529 0.6  0.3  0.0
0.5811710682169103  0.27287600799232076 0.014590532937031114 0.6  0.3  0.0
0.5830197128121165  0.2761072979012308 0.0067552721714481834 0.6  0.3  0.0
0.5838081856173903  0.28073639779832754 0.0038403156631108865 0.6  0.3  0.0
0.584168076105951  0.28607062027087465 0.009137892053221599 0.6  0.3  0.0
0.5877409808838253  0.29037054854257455 0.0036645291424180102 0.6  0.3  0.0
0.5915956521504016  0.2945253056115187 -0.000943656987494706 0.6  0.3  0.0
0.5942484737902924  0.29922836408505454 -0.0005033549775583751 0.6  0.3  0.0
0.5974649979193731  0.30358140970315856 -0.0004595657775694768 0.6  0.3  0.0
0.6012225161927368  0.30757756975112044 -0.0006396924986463256 0.6  0.3  0.0
0.6054538462642366  0.31122422540872446 -0.0009106732565646578 0.6  0.3  0.0
0.6098652349378123  0.3167319447886788 -0.0005534489807627679 0.6  0.3  0.0
0.6147947841988446  0.3215488783163701 -0.0006956480614169934 0.6  0.3  0.0
0.6194544668790279  0.3235345919957374 0.005400715071875302 0.6  0.3  0.0
0.625424450027799  0.32771178420276476 -0.00043095080562746864 0.6  0.3  0.0
0.6295590118458939  0.3327273358867034 -0.00015150533638041822 0.6  0.3  0.0
0.6339381563130185  0.336685135656015 -0.00019923335929344284 0.6  0.3  0.0
0.6279113529553041  0.3359245688145761 -0.00416277939289186 0.6  0.3  0.0
0.6221912423947601  0.33671477716688425 -0.002831747602745202 0.6  0.3  0.0
0.6135895299172845  0.32913181568537736 0.037995168157141795 0.6  0.3  0.0
0.6062433496226259  0.32332851774577787 0.06394319002488681 0.6  0.3  0.0
0.5995247722708736  0.3184220035477517 0.08156251408657103 0.6  0.3  0.0
0.5931490645362056  0.31349097253510766 0.09840743106556579 0.6  0.3  0.0
0.5917592289271165  0.30777545870464496 0.0675949900719065 0.6  0.3  0.0
0.5904044710727585  0.3022544782246964 0.03803166550707682 0.6  0.3  0.0
0.5890219789154981  0.29690871695650417 0.015966623251402936 0.6  0.3  0.0
0.5876936495498587  0.29169215347562827 -0.0038257316538635594 0.6  0.3  0.0
0.5838392201066367  0.2862062374600109 -0.0032416421598831027 0.6  0.3  0.0
0.5802976771975324  0.28107763201535624 -0.0018201368300462884 0.6  0.3  0.0
0.5771489414763897  0.276271624607732 -0.00044935278883367967 0.6  0.3  0.0
0.5742814688791573  0.2716171655609479 0.0009348528689015101 0.6  0.3  0.0
0.5711141370805264  0.2668232733529411 -0.008972859353506387 0.6  0.3  0.0
0.5685870459314021  0.26234148855500666 -0.016922211740393937 0.6  0.3  0.0
0.5664061372452087  0.25814376620490714 -0.023034976249934756 0.6  0.3  0.0
0.5645705970882055  0.25418246683111745 -0.02726165511971574 0.6  0.3  0.0
0.5638480067989458  0.2496994677549609 -0.025891378756741662 0.6  0.3  0.0
0.560880403045151  0.24760463507692182 -0.03345280039732121 0.6  0.3  0.0
0.5590866455693156  0.2426504087797755 -0.025519695634344343 0.6  0.3  0.0
0.5576410667376733  0.23842482854252361 -0.018124661299749496 0.6  0.3  0.0
0.555404288920595  0.23384677320993405 -0.01581865857455113 0.6  0.3  0.0
0.55358237914741  0.22982068549920034 -0.012768358250549958 0.6  0.3  0.0
0.5521668222515106  0.22624410053952476 -0.008838207356469854 0.6  0.3  0.0
0.5511377727876635  0.22304620799740352 -0.004722110388993209 0.6  0.3  0.0
0.5490484777990948  0.21979698056450359 -0.0043613663433985355 0.6  0.3  0.0
0.5473872243909178  0.2169828331590742 -0.0029826044337165616 0.6  0.3  0.0
0.5461453292853989  0.21455034482042987 -0.0018513276259146329 0.6  0.3  0.0
0.5453132721102673  0.21245409611542412 -0.0010849390555125885 0.6  0.3  0.0
0.5449155314567142  0.2100098796814422 -0.0020123112368048953 0.6  0.3  0.0
0.5449866518596221  0.20795749095231453 -0.0022704010884331918 0.6  0.3  0.0
0.5439144037206276  0.20851910100285534 -0.010857857320429803 0.6  0.3  0.0
0.5462691494188112  0.20576522114283224 -0.01232701108136462 0.6  0.3  0.0
0.5462785839219969  0.20463037316251634 -0.011810455654979925 0.6  0.3  0.0
0.5465834594758794  0.20389668817160764 -0.013044958442762202 0.6  0.3  0.0
0.5472382369381771  0.20347897739566842 -0.015196350143246037 0.6  0.3  0.0
0.548270119207908  0.20331815357636204 -0.017856385427664073 0.6  0.3  0.0
0.5499490833433734  0.2041473668805702 -0.014011691609576828 0.6  0.3  0.0
0.5519216749376025  0.2050812207540747 -0.010186088133524408 0.6  0.3  0.0
0.5540853790400282  0.20620862508836835 -0.006522160420458967 0.6  0.3  0.0
0.5563047611832549  0.20754194271193155 -0.003626275779787746 0.6  0.3  0.0
0.5578647932638722  0.21016123192142383 -0.006035167702338408 0.6  0.3  0.0
0.5597507038851016  0.21278213585659814 -0.008154372679805212 0.6  0.3  0.0
0.5619326489665161  0.21539438331942756 -0.010007300735062003 0.6  0.3  0.0
0.5620766038940587  0.2192495860243368 -0.014509106877926935 0.6  0.3  0.0
0.5660994934246978  0.22185678485187654 -0.007444446593205103 0.6  0.3  0.0
0.5700394540560149  0.22456076264831112 -0.003399988910669934 0.6  0.3  0.0
0.5740986619213615  0.22726392153509523 -0.0011282842960617595 0.6  0.3  0.0
0.5766995989366859  0.2270049706406752 -0.006368507935558547 0.6  0.3  0.0
0.5808821887321111  0.23179538869267416 -0.003272346775237963 0.6  0.3  0.0
0.585074819618679  0.23621131428506878 -0.0019993496361759046 0.6  0.3  0.0
0.5894188477287637  0.24043880316951605 -0.001550590175214858 0.6  0.3  0.0
0.5939858440203767  0.24459456681839564 -0.0014832579558791898 0.6  0.3  0.0
0.5993484669325991  0.24846092975922757 -0.0011073300638210597 0.6  0.3  0.0
0.6051350490652303  0.2522875805329334 -0.0009626405133925122 0.6  0.3  0.0
0.6112952595413328  0.2561253593857018 -0.000959210350638386 0.6  0.3  0.0
0.6144089872755295  0.26103360435084644 2.890141045826136e-05 0.6  0.3  0.0
0.6204850108210471  0.2640712854098544 -0.0011231563416839127 0.6  0.3  0.0
0.6265392173994002  0.2673109543421031 -0.001760797512426871 0.6  0.3  0.0
0.6327159403563178  0.27082956075394593 -0.003204458226606786 0.6  0.3  0.0
0.6390459744290597  0.27456883046030095 -0.005562376396383543 0.6  0.3  0.0
0.6358444789647635  0.2693803564702979 -0.009266759174955936 0.6  0.3  0.0
0.6289931704326358  0.2660905449970163 -0.035033797763671076 0.6  0.3  0.0
0.6229957568233978  0.26237487346342686 -0.053438789804809504 0.6  0.3  0.0
0.6191731015419486  0.25970966582657357 -0.05972249585451505 0.6  0.3  0.0
0.6163539657156827  0.25826689342824977 -0.05309599445430182 0.6  0.3  0.0
0.6141307035962402  0.25693439395222395 -0.04466399311746613 0.6  0.3  0.0
0.6123089617535313  0.25582108197944475 -0.035086982632758446 0.6  0.3  0.0
0.6109966510356653  0.2548204447370281 -0.024878618538676553 0.6  0.3  0.0
0.6090422458024108  0.2537972324924252 -0.023970196599271562 0.6  0.3  0.0
0.6076848763121813  0.2530247668876046 -0.022885281965044246 0.6  0.3  0.0
0.6069096571313949  0.2524481287997233 -0.021639955812129564 0.6  0.3  0.0
0.6068214667131352  0.25198610229161844 -0.019643719806316344 0.6  0.3  0.0
0.603976560055357  0.24981619517178177 -0.009553983474077996 0.6  0.3  0.0
0.6020891442288112  0.2480550795362026 -0.003659964400325809 0.6  0.3  0.0
0.6012054154007689  0.24672427350983123 0.0019956317457733254 0.6  0.3  0.0
0.6010679170972394  0.2458068750733951 0.006685015186966859 0.6  0.3  0.0
0.6000162598830405  0.2439551123859502 0.0040758583351351955 0.6  0.3  0.0
0.6007612915340093  0.24413501191649792 0.002559787320463281 0.6  0.3  0.0
0.6003154204659185  0.24139518059277384 0.007101857487578933 0.6  0.3  0.0
0.6023018691444505  0.2414954541605599 0.002840072413023618 0.6  0.3  0.0
0.6021018179184103  0.24022013952882437 0.001688475048585601 0.6  0.3  0.0
0.6025400117023902  0.23952211957156266 0.0010825804832209377 0.6  0.3  0.0
0.6036208316692658  0.23938455848721713 0.0007144310904026562 0.6  0.3  0.0
0.6053309764191628  0.23978060782513394 0.00041491313637454023 0.6  0.3  0.0
0.6061335468036042  0.23869348688092554 0.00036886037271835655 0.6  0.3  0.0
0.6074848757924824  0.23827025822052017 0.00022092940848818197 0.6  0.3  0.0
0.609435758155944  0.23844460525835107 -5.84804382180107e-05 0.6  0.3  0.0
0.611944487161812  0.23919123028930198 -0.00046524884700454867 0.6  0.3  0.0
0.6098760794095994  0.23759798282256916 0.0015443089804477133 0.6  0.3  0.0
0.6089685393263659  0.23869782438132492 0.011011536432213268 0.6  0.3  0.0
0.609353483587663  0.23806061447098725 0.006911972720596588 0.6  0.3  0.0
0.608994940148258  0.23635803127305177 0.011206278817361094 0.6  0.3  0.0
0.6075126533093772  0.23712982419401565 0.005016702291121856 0.6  0.3  0.0
0.6068663441734424  0.23821270077520457 0.0016084397457469778 0.6  0.3  0.0
0.6072295552990215  0.23962740637496913 -0.001612659952340628 0.6  0.3  0.0
0.6086727207784494  0.24135718891937472 -0.005064268196181215 0.6  0.3  0.0
0.6085592756625421  0.24261589223962546 0.0011226381696623948 0.6  0.3  0.0
0.6096217371640331  0.2441100380333073 0.0061688253982449546 0.6  0.3  0.0
0.6118079345248093  0.2457827761114538 0.010235867117154759 0.6  0.3  0.0
0.6150221582704091  0.24757436718684245 0.013563183353240499 0.6  0.3  0.0
0.6175896822327313  0.25082154087371644 0.006529173360555271 0.6  0.3  0.0
0.621241511316998  0.25393874184447635 0.0016106257047554555 0.6  0.3  0.0
0.6236522771052435  0.2547858439379515 0.0011355939416877292 0.6  0.3  0.0
0.6299558375483819  0.25839580692930203 -0.005322798843346386 0.6  0.3  0.0
0.633766420637025  0.2624767996233039 -0.0023357446858756153 0.6  0.3  0.0
0.6354207996760235  0.26638502677008224 0.005391635723330809 0.6  0.3  0.0
0.6419844383068452  0.2696675251212613 0.0030793397442622937 0.6  0.3  0.0
0.6483218899100448  0.27254855645557774 0.0020733821083900143 0.6  0.3  0.0
0.6542432822420491  0.27791762861836633 0.001509162697413881 0.6  0.3  0.0
0.6604267008036536  0.2824959191792448 0.0011488274701893925 0.6  0.3  0.0
0.6535557940967003  0.28384453427058304 -0.015292961069585335 0.6  0.3  0.0
0.6487743583809428  0.2860431221920407 -0.023906802379542312 0.6  0.3  0.0
0.6434612952135692  0.2874839004490768 -0.020508576183398654 0.6  0.3  0.0
0.6389901473006647  0.2899884252270358 -0.0235535304998967 0.6  0.3  0.0
0.6341815925794634  0.2924221481559794 -0.025993818497072965 0.6  0.3  0.0
0.6260938045193887  0.2878485401064275 0.010380804498368004 0.6  0.3  0.0
0.6205979966500101  0.28310235497663216 0.01166828776816179 0.6  0.3  0.0
0.61551559983961  0.27905063281374476 0.008102830806515044 0.6  0.3  0.0
0.6109105433915365  0.27525181972217017 0.004436448668952363 0.6  0.3  0.0
0.6064880116747248  0.27156111879402 0.0022714210427234793 0.6  0.3  0.0
0.6032356659978105  0.26669624775091383 -0.004854332325750426 0.6  0.3  0.0
0.6002325895694632  0.26207326959684274 -0.011390228659933013 0.6  0.3  0.0
0.5973712813768699  0.257659390705242 -0.01732580844118279 0.6  0.3  0.0
0.5947338142037566  0.2533408856782463 -0.020915918605671713 0.6  0.3  0.0
0.5900717920237528  0.24914391177620418 -0.025190532078646917 0.6  0.3  0.0
0.5857917465624699  0.24555317579477984 -0.02612299883292515 0.6  0.3  0.0
0.5820458213337243  0.24216935998171674 -0.02494941804460845 0.6  0.3  0.0
0.5789461293741297  0.2389538665821059 -0.021710714352501836 0.6  0.3  0.0
0.5755639063987908  0.23511296277922542 -0.025542708833655878 0.6  0.3  0.0
0.5726003975543215  0.2315854884146359 -0.02734598278106191 0.6  0.3  0.0
0.5723624007538504  0.22818590844365938 -0.02876487893546425 0.6  0.3  0.0
0.5698675153078767  0.22520897009230148 -0.02444301104873267 0.6  0.3  0.0
0.5662844477092447  0.22124911585462775 -0.02204561292510654 0.6  0.3  0.0
0.5632570113007135  0.21776583195536464 -0.01854780507645191 0.6  0.3  0.0
0.5603467271487218  0.21707962122655827 -0.022506788155144793 0.6  0.3  0.0
0.5584944551746347  0.2138224277975092 -0.015007090446817679 0.6  0.3  0.0
0.5560546684569326  0.21053356564464704 -0.011928441021122262 0.6  0.3  0.0
0.5539977021161957  0.20786846004265908 -0.007883570523078445 0.6  0.3  0.0
0.5523497802461839  0.20570129305804674 -0.0041340968976898915 0.6  0.3  0.0
0.5511238353423651  0.2039413258551455 -0.0018243137094857845 0.6  0.3  0.0
0.5493788529647107  0.20241367920573244 -0.004430898748758596 0.6  0.3  0.0
0.5480698558934924  0.20132869499062112 -0.0060093848686841415 0.6  0.3  0.0
0.5471861971470573  0.20061069920327815 -0.00663618288326773 0.6  0.3  0.0
0.5467019931946621  0.20023913491529555 -0.006840554490328065 0.6  0.3  0.0
0.548668496157911  0.19842839521922145 -0.012242610947157905 0.6  0.3  0.0
0.5498811306531566  0.19867472529083127 -0.009062650273183082 0.6  0.3  0.0
0.5514035147392469  0.19904594328318323 -0.007173267522108385 0.6  0.3  0.0
0.5531878318373262  0.1995772222424091 -0.006030462706913821 0.6  0.3  0.0
0.5530168930048216  0.2022209875666824 -0.013884766388098796 0.6  0.3  0.0
0.5557114541265332  0.20314012244649132 -0.01666678381867934 0.6  0.3  0.0
0.5582623333121313  0.20446066041695765 -0.019565771061001807 0.6  0.3  0.0
0.5607860717731152  0.20605715863545296 -0.022443312583445327 0.6  0.3  0.0
0.5629957734925191  0.2086420473309328 -0.019891149923135665 0.6  0.3  0.0
0.5652938757512156  0.2114784042174165 -0.017645156668059922 0.6  0.3  0.0
0.5677040587674984  0.21444048855081735 -0.015512833351179214 0.6  0.3  0.0
0.5701808801274616  0.2175040570957229 -0.013606959551416949 0.6  0.3  0.0
0.5727218864085611  0.2212807056642387 -0.010924432447105427 0.6  0.3  0.0
0.5755006682797151  0.22510320899828895 -0.008241246081478259 0.6  0.3  0.0
0.5785082851482423  0.22896633983666323 -0.005613085437906482 0.6  0.3  0.0
0.5817340042286983  0.23286806676461563 -0.003300489116399355 0.6  0.3  0.0
0.5838226380496869  0.2340044276479054 -0.01827843033589075 0.6  0.3  0.0
0.5857431620316493  0.2403088497221609 -0.009314058008932787 0.6  0.3  0.0
0.591640623143284  0.24518522153990735 -0.006711295357185438 0.6  0.3  0.0
0.5970728519883145  0.24994197599444481 -0.005056388285258397 0.6  0.3  0.0
0.6021733002555627  0.2549574013745544 -0.0030553716315585753 0.6  0.3  0.0
0.6075770992523801  0.2599524910285991 -0.00200656625123706 0.6  0.3  0.0
0.6133443208111621  0.2650025236226026 -0.0015396746428439807 0.6  0.3  0.0
0.6194255801043534  0.2701436972017796 -0.0014617494721309056 0.6  0.3  0.0
0.6240287649182127  0.27472341928665633 -0.00015460061444762772 0.6  0.3  0.0
0.6292291156221005  0.2793125387336508 2.484377084055315e-05 0.6  0.3  0.0
0.6349555641031065  0.283852636076437 -0.00023265624078944614 0.6  0.3  0.0
0.6411104425610863  0.2884839630104198 -0.00045156589470436996 0.6  0.3  0.0
0.6472881341689092  0.2915951746334914 -0.0002106295594588212 0.6  0.3  0.0
0.6391244241656912  0.28609946522228497 -0.0005681016958307553 0.6  0.3  0.0
0.6360296002429199  0.2799823859729889 -0.01513140242402526 0.6  0.3  0.0
0.6361291621103331  0.27698467177785896 -0.009400951738792606 0.6  0.3  0.0
0.6272885681238541  0.2742415283673754 -0.028939808365156965 0.6  0.3  0.0
0.6197557705049256  0.2716041691407511 -0.037757490743646906 0.6  0.3  0.0
0.6129192183871047  0.26915986627696764 -0.04126959703528931 0.6  0.3  0.0
0.6064296869473527  0.26724139956455917 -0.04160920826957357 0.6  0.3  0.0
0.6056871792161056  0.26598959933553706 -0.03136991343963305 0.6  0.3  0.0
0.6052561256345386  0.26485149574275224 -0.020830163754087062 0.6  0.3  0.0
0.6051794028759345  0.26396188001285387 -0.010850785111780906 0.6  0.3  0.0
0.6055490776501521  0.2633467494375474 -0.004924606908352558 0.6  0.3  0.0
0.603110152107875  0.26155679512451047 -0.002351313767064009 0.6  0.3  0.0
0.6012386676776595  0.2601708465097712 -0.0009806540600695351 0.6  0.3  0.0
0.5999648099773491  0.25911672330282837 -0.0002643013330864911 0.6  0.3  0.0
0.5993329296341541  0.2583719969374266 9.066338802267155e-05 0.6  0.3  0.0
0.5971026309125333  0.25575125417761513 0.0033483850913123255 0.6  0.3  0.0
0.5959988731092761  0.2537264722367201 0.006266537854628968 0.6  0.3  0.0
0.5958271547645986  0.2522781005473557 0.008164347256693506 0.6  0.3  0.0
0.5964663903111119  0.25136241503945306 0.008837422220939967 0.6  0.3  0.0
0.5960895280883518  0.24948214838606667 0.02039212787307683 0.6  0.3  0.0
0.597699065638533  0.2485472804071121 0.01407604055977043 0.6  0.3  0.0
0.5998363895325983  0.24825139877668503 0.008594631659019136 0.6  0.3  0.0
0.6025314202557207  0.24852078196362345 0.004511970923900004 0.6  0.3  0.0
0.6023279188572734  0.2467293825222633 0.0040415096830806255 0.6  0.3  0.0
0.602735208660783  0.24560937488383253 0.0032860746832908995 0.6  0.3  0.0
0.6036988078783443  0.24515791631085204 0.0022507628384937596 0.6  0.3  0.0
0.6052544570287148  0.24528383929979145 0.0015178899442638031 0.6  0.3  0.0
0.6048391536711147  0.24337485796913733 0.0011704849814383605 0.6  0.3  0.0
0.6050644765785392  0.2421806793586095 0.0008351748369031316 0.6  0.3  0.0
0.6059392663610286  0.2416767212522869 0.0004528176957163391 0.6  0.3  0.0
0.6075502670268084  0.24180451756419669 2.883474711165091e-06 0.6  0.3  0.0
0.6053280933770644  0.24269260142639287 0.009860690741002862 0.6  0.3  0.0
0.6034619889143393  0.23981169141177777 0.010067344902809075 0.6  0.3  0.0
0.6042228544809244  0.2400991610748788 0.0046635467488257976 0.6  0.3  0.0
0.6055708479512594  0.24076240053050743 0.0018097229322160584 0.6  0.3  0.0
0.6045276709145335  0.24092228667610113 0.002055295689118471 0.6  0.3  0.0
0.6045317903733111  0.24151662224560225 0.001816281862768824 0.6  0.3  0.0
0.6056311122952315  0.24250086789639838 0.0014313366239458345 0.6  0.3  0.0
0.6078067958219522  0.24381242808509104 0.0010725150269732485 0.6  0.3  0.0
0.6088180060951232  0.24550308707918406 0.0010233604421397882 0.6  0.3  0.0
0.6109687379676165  0.24737615635760168 0.0008324737614077081 0.6  0.3  0.0
0.6141703478918684  0.2494089042105962 0.0005902350263289901 0.6  0.3  0.0
0.6183018250317532  0.25160466709690404 0.0003518329870326934 0.6  0.3  0.0
0.6191884453579901  0.2527143626520161 0.0032883161365559552 0.6  0.3  0.0
0.6237002159676545  0.2564733746366764 0.0012557308439484407 0.6  0.3  0.0
0.6286719266816706  0.25977808819750814 0.00024288351160040673 0.6  0.3  0.0
0.6340795202591586  0.26254875070082573 3.452423648536322e-05 0.6  0.3  0.0
0.6364281938140398  0.2677168171196716 0.007145915853216604 0.6  0.3  0.0
0.6438099464696498  0.2719629387497859 0.0034156687871818867 0.6  0.3  0.0
0.6510551782847994  0.2757104114527854 0.0015706174598365845 0.6  0.3  0.0
0.6582561485858323  0.278952899517737 0.0006688207927447306 0.6  0.3  0.0
0.662501860108547  0.2834857179717813 0.002662239645092428 0.6  0.3  0.0
0.6536977917802073  0.28459647753611583 -0.013453816593846073 0.6  0.3  0.0
0.6458379167679277  0.2852182271658286 -0.014986930937169567 0.6  0.3  0.0
0.6404387593326271  0.287950803999434 -0.02235061015181172 0.6  0.3  0.0
0.6377697871090845  0.29082030320297214 -0.029838973036679768 0.6  0.3  0.0
0.6347395468510216  0.29356059773808085 -0.036528501697808545 0.6  0.3  0.0
0.6278622799077219  0.28855739637937494 0.002640040832390618 0.6  0.3  0.0
0.6217606170963134  0.2850928592808399 0.02905700842540243 0.6  0.3  0.0
0.6168684122619136  0.28095378856011893 0.015761159676411597 0.6  0.3  0.0
0.6122113222522114  0.27720044201888033 0.006597782300641427 0.6  0.3  0.0
0.6077133698154432  0.2735780757638117 -0.0021088638642758843 0.6  0.3  0.0
0.603578834974575  0.2699268975471008 -0.0079700141218282 0.6  0.3  0.0
0.5998796441213257  0.26531450407693746 -0.011532206403099581 0.6  0.3  0.0
0.5965011411887684  0.2608948059881091 -0.014028186369722495 0.6  0.3  0.0
0.5933469859648614  0.25671739492877593 -0.01648493124442267 0.6  0.3  0.0
0.5904995659324779  0.25263484227674615 -0.016666564464789396 0.6  0.3  0.0
0.5854606177746884  0.2489082366550253 -0.023081338170851978 0.6  0.3  0.0
0.5811498700430732  0.24535238858392291 -0.027225791092541116 0.6  0.3  0.0
0.5773699354527745  0.24201658148895894 -0.02885218649637285 0.6  0.3  0.0
0.5740497317809724  0.23886649262075502 -0.028237549692605304 0.6  0.3  0.0
0.5730817715930483  0.23488589846098518 -0.02970535237899014 0.6  0.3  0.0
0.5698056324750262  0.23119762069405017 -0.02713014542501343 0.6  0.3  0.0
0.5671827396380772  0.22783867726486035 -0.0232999589809602 0.6  0.3  0.0
0.56507258950235  0.22476061773488767 -0.01804408529411258 0.6  0.3  0.0
0.5621646378202775  0.2209271777089105 -0.01626346220555155 0.6  0.3  0.0
0.5595211757435642  0.21973151835120655 -0.023127972808691326 0.6  0.3  0.0
0.5577104880246299  0.21613726560708027 -0.01631259728074327 0.6  0.3  0.0
0.5562157117187286  0.21317951533648202 -0.009194809181530896 0.6  0.3  0.0
0.5534157910317731  0.2102669615801576 -0.008082839940286845 0.6  0.3  0.0
0.5510500431674437  0.2078645949295274 -0.005930766316265505 0.6  0.3  0.0
0.5491279137442171  0.2058898762570048 -0.0033875072185583 0.6  0.3  0.0
0.5476481656151371  0.2042749585643592 -0.0017894099118632482 0.6  0.3  0.0
0.546688640824517  0.20249047886508528 -0.0020637953256409823 0.6  0.3  0.0
0.5461765759022734  0.20111801439390023 -0.0016497950791051952 0.6  0.3  0.0
0.5476076162937129  0.19888430364011767 -0.003262505358954432 0.6  0.3  0.0
0.5480727223980627  0.19841246098125215 -0.0014806944988912745 0.6  0.3  0.0
0.547947381095666  0.1981964803248574 -0.005164154165438105 0.6  0.3  0.0
0.548232162072608  0.1982504288174471 -0.009224918816706128 0.6  0.3  0.0
0.5488938324783748  0.19857237808739966 -0.013566969044107922 0.6  0.3  0.0
0.5481685565468991  0.20092619946802262 -0.024641692041173058 0.6  0.3  0.0
0.5506651088184883  0.20138728375494552 -0.019105180465951076 0.6  0.3  0.0
0.5532042314462071  0.20228861715991525 -0.014064462757745031 0.6  0.3  0.0
0.5558753702404433  0.2035404362446969 -0.009489195638249046 0.6  0.3  0.0
0.5586343040137765  0.2051241533691289 -0.005409859066929946 0.6  0.3  0.0
0.5611165763630338  0.2080575221581784 -0.007309271693314225 0.6  0.3  0.0
0.563714374776944  0.2111185602214871 -0.009237812996872735 0.6  0.3  0.0
0.5664202669114725  0.2142762168557655 -0.011175286512435226 0.6  0.3  0.0
0.5690245574362218  0.2175538604146701 -0.013019857196514727 0.6  0.3  0.0
0.5727820181182026  0.22112970407947163 -0.009004880753819113 0.6  0.3  0.0
0.5758535502740635  0.2217854144166675 -0.018639756326844212 0.6  0.3  0.0
0.5810458606343928  0.22621142499011637 -0.009225642922929909 0.6  0.3  0.0
0.5861016978796569  0.23027504735536578 -0.004370115991099285 0.6  0.3  0.0
0.5866872337378706  0.23610615937667995 -0.002633023238734538 0.6  0.3  0.0
0.5911793754717318  0.2408120073951051 -0.0034315826202582864 0.6  0.3  0.0
0.5955116915311538  0.24546262098099386 -0.0030297737721739423 0.6  0.3  0.0
0.5998545718096092  0.2501112273109554 -0.002071779564560749 0.6  0.3  0.0
0.6049194215407813  0.2549462498647034 -0.0014165600261747777 0.6  0.3  0.0
0.6103753064398034  0.25984132672409604 -0.001186666531259357 0.6  0.3  0.0
0.6161808023560468  0.2648271924673027 -0.0012543704481361138 0.6  0.3  0.0
0.6222912274247379  0.2699031487820149 -0.002298324878763646 0.6  0.3  0.0
0.6267230031574094  0.2742038021976481 -0.0007833440453956484 0.6  0.3  0.0
0.6317759207030457  0.2785024325104669 -0.00036018164723390634 0.6  0.3  0.0
0.637355777338483  0.28286840166908545 -0.00017646691213441426 0.6  0.3  0.0
0.64029012306558  0.28742666219673657 0.004579517624012805 0.6  0.3  0.0
0.6361841154026556  0.2804490053003425 -0.015506856158347737 0.6  0.3  0.0
0.635541382947679  0.27664681545641295 -0.016312581572466376 0.6  0.3  0.0
0.6351562325909094  0.27312572194016976 -0.014349888313932892 0.6  0.3  0.0
0.6300207106088507  0.2703646692640835 -0.03738171894708292 0.6  0.3  0.0
0.6248673364254742  0.26789979203184516 -0.03920846003508065 0.6  0.3  0.0
0.6203493112955635  0.26549850119961765 -0.03556647997199652 0.6  0.3  0.0
0.6161532790046211  0.2632593209597819 -0.02877511413774792 0.6  0.3  0.0
0.6126896542831507  0.26115585984650014 -0.01942427598499748 0.6  0.3  0.0
0.6112755271313481  0.2600478051084048 -0.01688386533446388 0.6  0.3  0.0
0.6103612127924768  0.2592080152945906 -0.013963558958360212 0.6  0.3  0.0
0.6099695329112527  0.25854545029489623 -0.011140550323805962 0.6  0.3  0.0
0.610054556832899  0.25807453160697025 -0.00832772623504975 0.6  0.3  0.0
0.6074430448452544  0.2559539305231818 -0.0035428921630249015 0.6  0.3  0.0
0.6054664696890756  0.2542541625582952 -0.0006281893469307046 0.6  0.3  0.0
0.6041435810919585  0.2529198774636995 0.00204820229186767 0.6  0.3  0.0
0.6039172693193154  0.2519059187650739 0.005571853146595791 0.6  0.3  0.0
0.6020064526893376  0.24957580080931516 0.005163549999986342 0.6  0.3  0.0
0.6021188910794639  0.24956604856867973 0.006357483035236225 0.6  0.3  0.0
0.6018408021699019  0.24800830808752064 0.003249255419257066 0.6  0.3  0.0
0.6012861652959361  0.2455086467741785 0.007657611718937988 0.6  0.3  0.0
0.600599834869658  0.2443981133452709 0.0038382808117123812 0.6  0.3  0.0
0.6005853506776735  0.24382523746083637 0.0017705649245860142 0.6  0.3  0.0
0.6012879342902235  0.24378693041934174 0.0006714984859006313 0.6  0.3  0.0
0.6027065942140698  0.24426279699421158 7.776707289858231e-05 0.6  0.3  0.0
0.603736573831395  0.24264779056578795 0.00043077636607891616 0.6  0.3  0.0
0.6052811197975373  0.2417163081284951 0.0005326196681586094 0.6  0.3  0.0
0.6073671196532763  0.24138263728151588 0.00040344383384109157 0.6  0.3  0.0
0.6099823833543893  0.2416053636988173 9.69949838856865e-05 0.6  0.3  0.0
0.6086899752275132  0.24007646622738038 0.001097816101222622 0.6  0.3  0.0
0.6086704511450628  0.24129785082952845 0.010579919060955274 0.6  0.3  0.0
0.6095014186809005  0.24069386727609202 0.005761226668986067 0.6  0.3  0.0
0.6110850171515073  0.24084267557134445 0.003032111160654588 0.6  0.3  0.0
0.6090531634532741  0.23967575088906237 0.001434470828149659 0.6  0.3  0.0
0.606843565990365  0.23731878752649294 0.0045178782488038685 0.6  0.3  0.0
0.6073733918013248  0.2378775399730338 0.0015331310992629183 0.6  0.3  0.0
0.6086370709600443  0.2386371963662671 -0.0007747640591907645 0.6  0.3  0.0
0.6079612554083664  0.23937486722337903 0.002423686256812645 0.6  0.3  0.0
0.6083604311437397  0.24042630314386745 0.004807728701339236 0.6  0.3  0.0
0.6098358361868054  0.2417582623123991 0.006326839686255099 0.6  0.3  0.0
0.6123350373906126  0.24331938832692349 0.007079627030033982 0.6  0.3  0.0
0.6135341540755453  0.24529817109605567 0.004312257973343917 0.6  0.3  0.0
0.6158283436353824  0.247527148881298 0.00234431839799531 0.6  0.3  0.0
0.6191111934182815  0.24982834263825585 0.0011179079249722759 0.6  0.3  0.0
0.6232481223513997  0.2520485421981533 0.00021600115731550812 0.6  0.3  0.0
0.6218774141038056  0.2543082004195455 0.01483928903253514 0.6  0.3  0.0
0.6277916037846999  0.2581662503998856 0.00719901566584528 0.6  0.3  0.0
0.6334760359985516  0.2612685289041861 0.0037885087248442553 0.6  0.3  0.0
0.6391785321049507  0.264023018921351 0.0021240382345268007 0.6  0.3  0.0
0.6445868557821969  0.26905316435427196 0.0014602868298839377 0.6  0.3  0.0
0.6504711309170556  0.2734438539877503 0.0010101116904696872 0.6  0.3  0.0
0.6567608788446723  0.2772166786242527 0.0006609049529627011 0.6  0.3  0.0
0.6633188158955062  0.2803998821791598 0.00037756944855875824 0.6  0.3  0.0
0.6528624451176767  0.2818674492613189 -0.015935825761118825 0.6  0.3  0.0
0.6441957015685247  0.28398929583360366 -0.02607464967203931 0.6  0.3  0.0
0.6359149332618215  0.285418796083061 -0.02723766454528474 0.6  0.3  0.0
0.6288500309407091  0.2883741352962108 -0.035856133264404164 0.6  0.3  0.0
0.6262690116304334  0.2910121287242919 -0.04541774984576134 0.6  0.3  0.0
0.6197118866698128  0.2858737985870541 -0.008486449545985299 0.6  0.3  0.0
0.6140030780610538  0.281475303446505 0.02100848808323519 0.6  0.3  0.0
0.6088915412705352  0.27775507052597515 0.043402392695913686 0.6  0.3  0.0
0.6049308452108415  0.2738985690363246 0.020578361606212174 0.6  0.3  0.0
0.6010713932328536  0.27020381334401244 0.0016002056192193082 0.6  0.3  0.0
0.597286981588347  0.26654887144213546 -0.015164733255947464 0.6  0.3  0.0
0.5935931899659592  0.2628943479718445 -0.029160563941365965 0.6  0.3  0.0
0.5897625923061934  0.25803956682719326 -0.025825898127227496 0.6  0.3  0.0
0.5862177861183518  0.25332519211311283 -0.02088645217091998 0.6  0.3  0.0
0.5830027677623858  0.24876359602047632 -0.014300042915791268 0.6  0.3  0.0
0.5804404359933886  0.24434508135011554 -0.007148393269586664 0.6  0.3  0.0
0.5755095735043136  0.24081703781141375 -0.018629576916266932 0.6  0.3  0.0
0.5710971202550711  0.23751494203809895 -0.027705994306206662 0.6  0.3  0.0
0.5671232140821851  0.2344373529025477 -0.03426777606195303 0.6  0.3  0.0
0.5661745672192144  0.23124084749470777 -0.039769626425913196 0.6  0.3  0.0
0.5614264653699885  0.22719672898905544 -0.035349316587098445 0.6  0.3  0.0
0.557421589610504  0.22354789662480454 -0.030142129327096992 0.6  0.3  0.0
0.5540254616920445  0.22025738851422696 -0.02392680218998827 0.6  0.3  0.0
0.5511733452148789  0.21728312647960818 -0.016626505867424715 0.6  0.3  0.0
0.5483302890585251  0.21601507156849026 -0.02551525355483845 0.6  0.3  0.0
0.5461758749082614  0.21257007630591776 -0.021976632370333656 0.6  0.3  0.0
0.5443453642079729  0.20976434842690264 -0.01797369851008689 0.6  0.3  0.0
0.5428478555424303  0.20743430407488553 -0.013276302368640039 0.6  0.3  0.0
0.5399862220412377  0.20548034978708318 -0.013063357164981367 0.6  0.3  0.0
0.5375706273706174  0.20395127942321317 -0.011846524786305991 0.6  0.3  0.0
0.5356017609005923  0.2027863046165712 -0.009829120766244212 0.6  0.3  0.0
0.5340717808480774  0.20193341054914982 -0.007244678848341568 0.6  0.3  0.0
0.5342740453436107  0.20039406589611142 -0.00711628626810165 0.6  0.3  0.0
0.5348901597308741  0.1992009121293909 -0.006260225366848299 0.6  0.3  0.0
0.5371395797795201  0.19701168444739667 -0.009162334213168083 0.6  0.3  0.0
0.5386856264394546  0.19669699581462663 -0.004831988074738953 0.6  0.3  0.0
0.5390275078383819  0.19711069143917315 -0.009231315140489804 0.6  0.3  0.0
0.5380895058460052  0.19947950680615845 -0.019244349343550182 0.6  0.3  0.0
0.5396238764869057  0.19990016660998633 -0.023575147492221275 0.6  0.3  0.0
0.5411437278748188  0.2007567289668276 -0.028135795277910266 0.6  0.3  0.0
0.5439037312140311  0.20191821128674747 -0.024281404026587478 0.6  0.3  0.0
0.5467561295494215  0.20330461567515593 -0.020540808756731064 0.6  0.3  0.0
0.5497053326509068  0.2049280838448068 -0.017127373920510634 0.6  0.3  0.0
0.552756008249708  0.20680821346774886 -0.014137472673298204 0.6  0.3  0.0
0.5551651033417506  0.21001070234866215 -0.01272152136625312 0.6  0.3  0.0
0.5576184383759882  0.213301156466777 -0.011602018779456418 0.6  0.3  0.0
0.5597257729888151  0.21673157158978149 -0.010922120567269548 0.6  0.3  0.0
0.5619784310649748  0.2202285439529967 -0.010225830384781644 0.6  0.3  0.0
0.565752482830879  0.22399921029358721 -0.007488882285733497 0.6  0.3  0.0
0.5687045694393508  0.22470857910251288 -0.020260074060587215 0.6  0.3  0.0
0.5711152898265645  0.23045262775159217 -0.010048317730258152 0.6  0.3  0.0
0.5773249096673355  0.23451860563621815 -0.005328672627144213 0.6  0.3  0.0
0.5820477541409387  0.23937278859280242 -0.003504934119999069 0.6  0.3  0.0
0.5868276226831209  0.24418612421513647 -0.002306705176516247 0.6  0.3  0.0
0.5918198392118623  0.24899048685503677 -0.0016410383792643804 0.6  0.3  0.0
0.5971202352768616  0.2538117779373807 -0.0012446890223930676 0.6  0.3  0.0
0.6019280212915494  0.2589312632416732 -0.0008180823326777169 0.6  0.3  0.0
0.607233632687642  0.2640244665189728 -0.0006482643904318689 0.6  0.3  0.0
0.6129893886483244  0.2691523497366249 -0.000689223573234032 0.6  0.3  0.0
0.6190519525625756  0.27430031264768784 -0.0008477326939348028 0.6  0.3  0.0
0.6245161950631709  0.2779955271620343 -0.0005027944698928208 0.6  0.3  0.0
0.6306091649505434  0.2817623579739643 -0.00039164231467770706 0.6  0.3  0.0
0.6372243373806187  0.2856299245731005 -0.00043462330947621573 0.6  0.3  0.0
0.6404938536996518  0.28969171185142745 0.004603172691255281 0.6  0.3  0.0
0.6359798370944945  0.2823639889960464 -0.012315907251625485 0.6  0.3  0.0
0.6344946422411779  0.2775730317311762 -0.012533299116231323 0.6  0.3  0.0
0.6285861564425995  0.2742111033171404 -0.03477444444732441 0.6  0.3  0.0
0.6237519196071932  0.2707311935155439 -0.046323276805959254 0.6  0.3  0.0
0.620108015323023  0.2684600759891086 -0.04248857812875211 0.6  0.3  0.0
0.6170893874740729  0.26671229049450096 -0.03482217318570826 0.6  0.3  0.0
0.6143508692606262  0.2649420636482375 -0.02589151334948575 0.6  0.3  0.0
0.6118989671627962  0.2632696380887755 -0.016199354394352765 0.6  0.3  0.0
0.609702306670025  0.26180933392577527 -0.015206075977483238 0.6  0.3  0.0
0.6079542371753277  0.26059372772716566 -0.014014023928162613 0.6  0.3  0.0
0.6067650918745047  0.2597010330258572 -0.012644492499778788 0.6  0.3  0.0
0.6061213948316417  0.25927919121683213 -0.013420216440265396 0.6  0.3  0.0
0.603219697753111  0.2567184421955132 -0.0061826416122293 0.6  0.3  0.0
0.6009730559715194  0.25466107844655544 -0.001837837103723019 0.6  0.3  0.0
0.5995766962962524  0.2530688187097857 0.002188735663668664 0.6  0.3  0.0
0.5991542016941759  0.2519174704380721 0.006269806427744665 0.6  0.3  0.0
0.5975087105053304  0.24994157182910173 0.004710439503021278 0.6  0.3  0.0
0.5967068720849277  0.2486381447558544 0.0027316345255811864 0.6  0.3  0.0
0.5956261083571377  0.24616946910031998 0.008890997685711916 0.6  0.3  0.0
0.5977759222609488  0.2480078247620109 0.005048169217540616 0.6  0.3  0.0
0.5968092686294411  0.24620426912776186 0.0023137516816911473 0.6  0.3  0.0
0.5965777107802905  0.24515806767838702 0.0009268137633438149 0.6  0.3  0.0
0.597073132367945  0.2447735662410475 0.00020594571333983883 0.6  0.3  0.0
0.598273165299994  0.24497855385198233 -0.00021125611439172753 0.6  0.3  0.0
0.5986215763138332  0.24333300249706313 0.00018438787539369552 0.6  0.3  0.0
0.599517048001547  0.2424422472067072 0.00036249049459439965 0.6  0.3  0.0
0.6010188290664517  0.24220889425556136 0.00031917045348601834 0.6  0.3  0.0
0.6031293985208268  0.2425838638621929 9.991191123594106e-05 0.6  0.3  0.0
0.6014239510454779  0.24102261763084537 0.0003368860444193416 0.6  0.3  0.0
0.600553479478158  0.24018443426816077 0.0003631830598196146 0.6  0.3  0.0
0.6005782450185447  0.24000178608080702 0.00017381901411545007 0.6  0.3  0.0
0.6000503530701289  0.23849535658359539 0.0037756521728166065 0.6  0.3  0.0
0.5981680262180985  0.2412258375783483 0.009682503589828525 0.6  0.3  0.0
0.5982788910185619  0.24192850921363052 0.004086221547730328 0.6  0.3  0.0
0.5991440561331087  0.2431722542444698 0.001214589227106632 0.6  0.3  0.0
0.600905773249405  0.24484853680720214 -0.0009534626171309414 0.6  0.3  0.0
0.6013382531874285  0.24585281052768224 0.002202020155492308 0.6  0.3  0.0
0.6028546648550467  0.24717114300247772 0.004466832528736892 0.6  0.3  0.0
0.6054269936733818  0.24873091679062817 0.00582986200361862 0.6  0.3  0.0
0.6089752542165571  0.2504613656693118 0.006437459974425047 0.6  0.3  0.0
0.6113111987122073  0.2536627417958348 0.0031685946195527796 0.6  0.3  0.0
0.6147030529026298  0.25674978581254304 0.0009709888159579361 0.6  0.3  0.0
0.6190091980591519  0.25954135042093807 -0.002912361757885888 0.6  0.3  0.0
0.6220725553854548  0.2601458206133147 -0.0015065056004444426 0.6  0.3  0.0
0.6265208291075045  0.26524609182047376 -0.0012204420263303096 0.6  0.3  0.0
0.6313810911129458  0.2694536335744562 -0.0005981170174544588 0.6  0.3  0.0
0.6367025590404838  0.27318646717696915 -0.00022974997043591816 0.6  0.3  0.0
0.6424228476046189  0.2765117423465772 -1.9023011334790024e-05 0.6  0.3  0.0
0.6459851315778219  0.28184323964735064 0.006774553384300396 0.6  0.3  0.0
0.6534403025068642  0.28638931900182657 0.004558439203302383 0.6  0.3  0.0
0.6606420734833878  0.29016716294106376 0.0029241104638280733 0.6  0.3  0.0
0.65573859208933  0.29105679900485143 -0.010767503544693746 0.6  0.3  0.0
0.648631475732448  0.2927072024364526 -0.020042268538020318 0.6  0.3  0.0
0.6418640942963955  0.2940268638286014 -0.02279691015016718 0.6  0.3  0.0
0.6359968032603514  0.2965990592520096 -0.03116122778469442 0.6  0.3  0.0
0.6259479518739364  0.29173143980521743 0.006619879478497966 0.6  0.3  0.0
0.6211214449497428  0.2876721339403893 0.006496974589392346 0.6  0.3  0.0
0.6163314367103115  0.2836930524184564 0.005314982158002801 0.6  0.3  0.0
0.6120863521933002  0.279988668736934 0.003199508344924998 0.6  0.3  0.0
0.6079870296156099  0.27639186018851686 0.0018372371239206524 0.6  0.3  0.0
0.6041826049443754  0.2717472200736383 -0.008225410965619974 0.6  0.3  0.0
0.6005794814100117  0.26728743855781717 -0.017423067350952778 0.6  0.3  0.0
0.5971911354197033  0.2630025545404751 -0.0257460168562796 0.6  0.3  0.0
0.5939927349380323  0.2587772306070993 -0.03165631281952359 0.6  0.3  0.0
0.5897121882159982  0.25421542143468495 -0.032888658748869364 0.6  0.3  0.0
0.585782471695758  0.24989376952853357 -0.03238637363894593 0.6  0.3  0.0
0.5822582518093771  0.2461625838383186 -0.0287083737826007 0.6  0.3  0.0
0.5794288076846635  0.24255224295859665 -0.02321244495272432 0.6  0.3  0.0
0.5757567112298017  0.23884877925267778 -0.02873326541810871 0.6  0.3  0.0
0.5725203319418514  0.23539529675501375 -0.03212148033713408 0.6  0.3  0.0
0.5720897464650077  0.23203577025458574 -0.03404850460791407 0.6  0.3  0.0
0.5693260566842033  0.22900906809260538 -0.03160446038397258 0.6  0.3  0.0
0.5657743168833035  0.2249755756022255 -0.02790157543259369 0.6  0.3  0.0
0.5626389374825759  0.2237171497392849 -0.034313490949768155 0.6  0.3  0.0
0.560290524875639  0.21985336604127956 -0.025822322494342773 0.6  0.3  0.0
0.5582747882487096  0.21664556189522383 -0.017183945226423726 0.6  0.3  0.0
0.5558183790982169  0.21325300624519816 -0.015725970002211997 0.6  0.3  0.0
0.5537861199385768  0.2103768455620941 -0.013118584149454469 0.6  0.3  0.0
0.5521739027870733  0.20793716926114097 -0.00940414416993025 0.6  0.3  0.0
0.5509816188217979  0.20586916080226372 -0.0050750303157184335 0.6  0.3  0.0
0.5488865308744685  0.20416726526622878 -0.006630705852112301 0.6  0.3  0.0
0.547250826571765  0.20286952673071057 -0.007115627615135353 0.6  0.3  0.0
0.5460648150594379  0.20192984281726764 -0.006780663472766115 0.6  0.3  0.0
0.5453087360964695  0.20127263864120623 -0.005644279481578203 0.6  0.3  0.0
0.5470501023983475  0.199077965573562 -0.010833882854193618 0.6  0.3  0.0
0.5479936779015981  0.19886498831329186 -0.008482922302558609 0.6  0.3  0.0
0.549362929967457  0.198829509292363 -0.006926698621330767 0.6  0.3  0.0
0.5492875273301335  0.2008061403582524 -0.013606177156076465 0.6  0.3  0.0
0.5507883413164003  0.20076490187334814 -0.012887236947558252 0.6  0.3  0.0
0.5523944680313023  0.2012221049258398 -0.012785548411719127 0.6  0.3  0.0
0.5541939205442973  0.20203584110522768 -0.01296527840192081 0.6  0.3  0.0
0.5561477739540869  0.20310677847734218 -0.013266032924516563 0.6  0.3  0.0
0.5590062448451718  0.20535135089345705 -0.013634343387020144 0.6  0.3  0.0
0.56194539038293  0.20780855963085085 -0.014091521049987203 0.6  0.3  0.0
0.5649662878993024  0.21040937784457547 -0.014479423592553142 0.6  0.3  0.0
0.5680598076804038  0.21312658888308358 -0.014756264312851559 0.6  0.3  0.0
0.5709587881631574  0.21673734897535796 -0.011755676037806573 0.6  0.3  0.0
0.5738001105179142  0.22041547849607224 -0.009344971958796976 0.6  0.3  0.0
0.5768287894374149  0.22414781165740572 -0.007051543272789879 0.6  0.3  0.0
0.5790653433095408  0.2248423663513562 -0.018494083204675882 0.6  0.3  0.0
0.5798593972036807  0.2315758910950661 -0.010545959226345932 0.6  0.3  0.0
0.5844863830728718  0.23673538045461429 -0.006685841331511334 0.6  0.3  0.0
0.5888204515546082  0.24182716005857485 -0.003923599444118717 0.6  0.3  0.0
0.593136955216863  0.24689595585809962 -0.002375302209656823 0.6  0.3  0.0
0.5978967768172742  0.25172413903990926 -0.0014599693219813751 0.6  0.3  0.0
0.6030201844229481  0.2565596148080174 -0.0010445008516633408 0.6  0.3  0.0
0.6085163496340806  0.2614483321459131 -0.0009422645496721682 0.6  0.3  0.0
0.6142810273436015  0.26641275291963296 -0.0010537743816162472 0.6  0.3  0.0
0.6185329850930547  0.27126311855351976 -0.0001296492309515797 0.6  0.3  0.0
0.6234113858277041  0.27610163610253863 -0.00015498137812596343 0.6  0.3  0.0
0.6288402578770738  0.2809122671264193 -0.0006132309031522542 0.6  0.3  0.0
0.6347217320813742  0.2857796967664962 -0.0009362955784809088 0.6  0.3  0.0
0.6373892566925009  0.2891008055278115 0.0037954981511271898 0.6  0.3  0.0
0.6349765863592807  0.28445168621484507 -0.006244345565558682 0.6  0.3  0.0
0.6317812818093748  0.2789785265406146 -0.019620620767718214 0.6  0.3  0.0
0.6317237385664604  0.2766878312325377 -0.014944779659369405 0.6  0.3  0.0
0.6295516989716952  0.27313696416683325 -0.007549382329841703 0.6  0.3  0.0
0.6212705942236604  0.27076983795568516 -0.025556632935599705 0.6  0.3  0.0
0.6141700261356778  0.26833730294347735 -0.0334380753629477 0.6  0.3  0.0
0.6076920155859283  0.26600168533332513 -0.03631574358662765 0.6  0.3  0.0
0.6063918008256608  0.2650637637433516 -0.028468616312535628 0.6  0.3  0.0
0.6054767148160172  0.26432201778833325 -0.019778932421947178 0.6  0.3  0.0
0.6050248232938658  0.26382615738635995 -0.010623984160906113 0.6  0.3  0.0
0.6049320358846397  0.2634641983088332 -0.004891873690091677 0.6  0.3  0.0
0.6025514751936839  0.26151314485571653 -0.0017516452110257533 0.6  0.3  0.0
0.6007175143046667  0.2602420346278682 -0.0008062788137075453 0.6  0.3  0.0
0.5994393631980808  0.2592634769109078 -0.0003123033240993257 0.6  0.3  0.0
0.5987605113952879  0.25855468371909673 -5.698956644639258e-05 0.6  0.3  0.0
0.5962626323677195  0.25617203637260155 0.001098802989529443 0.6  0.3  0.0
0.596298934326443  0.2559999046639011 0.004777424572320672 0.6  0.3  0.0
0.5958138743263961  0.25423992423861064 0.003137391624067884 0.6  0.3  0.0
0.5961244054866858  0.25317247173257307 0.0021114259943104076 0.6  0.3  0.0
0.5955382874356017  0.25096493432458955 0.0029422703177536444 0.6  0.3  0.0
0.5958084990538267  0.24951703826243768 0.0028848438938004774 0.6  0.3  0.0
0.5968733234325193  0.2487387724642178 0.002045439027108518 0.6  0.3  0.0
0.5986648286320857  0.24855810506189338 0.0014036100650582405 0.6  0.3  0.0
0.5974737256193926  0.2454970618105779 0.00950437009113541 0.6  0.3  0.0
0.5987444869095062  0.24536941664805562 0.0051301471467693266 0.6  0.3  0.0
0.6003541442315269  0.24567080491426346 0.0027230816729876357 0.6  0.3  0.0
0.6024030951717475  0.2464205217997693 0.0013187949555464593 0.6  0.3  0.0
0.6020088218791747  0.24458607175229127 0.0012582181323844172 0.6  0.3  0.0
0.6022433419398336  0.24344024912549841 0.0011050974659469431 0.6  0.3  0.0
0.6036531874057888  0.2449311768805993 0.008945267033119677 0.6  0.3  0.0
0.6057372013113308  0.2447621558421391 0.004371941332235188 0.6  0.3  0.0
0.603214467916352  0.24343506284759933 0.002266087019722053 0.6  0.3  0.0
0.6015400588800289  0.24288290279228023 0.0011006345941494875 0.6  0.3  0.0
0.6008357460809078  0.24299359695379277 0.0003323118116593673 0.6  0.3  0.0
0.6011465613534744  0.24367814302355068 -0.00026690705477058643 0.6  0.3  0.0
0.5996241940941484  0.24375500722714585 0.0009285493871227143 0.6  0.3  0.0
0.5980439005949654  0.24255378831388144 0.007356452735597681 0.6  0.3  0.0
0.599443747748629  0.2441187129264191 0.0042392583719544664 0.6  0.3  0.0
0.6016420779556996  0.24578676041666858 0.0024226386585922046 0.6  0.3  0.0
0.6023701562444201  0.24811509417749492 0.0017783034290575848 0.6  0.3  0.0
0.6041858652818681  0.2505776025046923 0.001290434231725109 0.6  0.3  0.0
0.6070376195463363  0.2531375477175513 0.0009088411173142389 0.6  0.3  0.0
0.6108261819427855  0.25574745156466244 0.0006213075306823034 0.6  0.3  0.0
0.6130566550809579  0.2585450705039692 0.0002902403132892182 0.6  0.3  0.0
0.6138887489961014  0.2617798459028252 0.007482600138230161 0.6  0.3  0.0
0.6194825001579449  0.2644657262767214 0.0031040830593216592 0.6  0.3  0.0
0.6251353654450474  0.267087396796179 0.0010938026642365452 0.6  0.3  0.0
0.6290040131540607  0.269847679976372 0.0051105665415990525 0.6  0.3  0.0
0.6364764744897925  0.27513693845578785 0.002440884442636516 0.6  0.3  0.0
0.6439088184382824  0.27963311143678865 0.0010883001655218256 0.6  0.3  0.0
0.6513562997817447  0.2834836477651236 0.0003976169549835517 0.6  0.3  0.0
0.6555653436500065  0.2882049528515498 0.0028067397057432316 0.6  0.3  0.0
0.6600852354245745  0.292044482810895 0.004083171459646969 0.6  0.3  0.0
0.6514670841795714  0.292429856940293 -0.011209433627743046 0.6  0.3  0.0
0.6451481426101411  0.2939014014562344 -0.020122727068459672 0.6  0.3  0.0
0.6413592331295059  0.2959727089589504 -0.028205786288277215 0.6  0.3  0.0
0.6376776079949857  0.2982672506903135 -0.035237208579766276 0.6  0.3  0.0
0.6300735246737339  0.2919974840243217 0.009840854590536435 0.6  0.3  0.0
0.6234511420165655  0.2873572461907302 0.042459888657978576 0.6  0.3  0.0
0.6189394922811282  0.2837064074529371 0.02031570670248563 0.6  0.3  0.0
0.6142018457755363  0.2794991903726838 0.007637904948944275 0.6  0.3  0.0
0.6097569154335177  0.27543972969250746 -0.0038307124488214245 0.6  0.3  0.0
0.605475260030399  0.27143614772389574 -0.013556702450610773 0.6  0.3  0.0
0.6016484565395346  0.26673965831437696 -0.016604369634053914 0.6  0.3  0.0
0.5980442847395468  0.26218120269306755 -0.017924779969640155 0.6  0.3  0.0
0.5946750897567865  0.2577375858377262 -0.017109014506708573 0.6  0.3  0.0
0.5915872487476999  0.25341388394885156 -0.014087764473357405 0.6  0.3  0.0
0.5862934515754256  0.24963342361950933 -0.02301822181287326 0.6  0.3  0.0
0.5814180540928336  0.2460811342225709 -0.029460112636843772 0.6  0.3  0.0
0.5772373029352218  0.2426866593767456 -0.0335395602403837 0.6  0.3  0.0
0.5735610183473802  0.23950388472570353 -0.03480083280429708 0.6  0.3  0.0
0.5702274369612996  0.23541483701754617 -0.03400576313463536 0.6  0.3  0.0
0.5673910588958365  0.23164978184525745 -0.0311990894914375 0.6  0.3  0.0
0.5672540860821045  0.2280007719559332 -0.027302832194609 0.6  0.3  0.0
0.5649948443382655  0.22477744844482048 -0.01916556396370374 0.6  0.3  0.0
0.5615581148972179  0.22108789502400253 -0.019963501350652644 0.6  0.3  0.0
0.5586902275761606  0.2178296707201324 -0.019421742042436865 0.6  0.3  0.0
0.5559787797391913  0.21721787872022058 -0.028241960596440893 0.6  0.3  0.0
0.5542602097436659  0.2141099316298043 -0.02274016935374746 0.6  0.3  0.0
0.5510818099229328  0.2110122631884421 -0.01627971157886432 0.6  0.3  0.0
0.5483495109459677  0.20848236780315726 -0.009271164358072575 0.6  0.3  0.0
0.5460779120749933  0.20639266418362245 -0.004423134485893674 0.6  0.3  0.0
0.5442766924916042  0.2046651756000031 -0.0015422873116180472 0.6  0.3  0.0
0.5437798061495847  0.2029397858160004 -0.004899764339281814 0.6  0.3  0.0
0.5437092516458089  0.20162006774704294 -0.007392194767030017 0.6  0.3  0.0
0.5440453393179572  0.20063880687361196 -0.009071049992250212 0.6  0.3  0.0
0.5447629658559063  0.19995231173717906 -0.010147607224305156 0.6  0.3  0.0
0.5467006988135604  0.19801598851335758 -0.01557537762748153 0.6  0.3  0.0
0.5479986479910581  0.1981328702056414 -0.013118675713365868 0.6  0.3  0.0
0.5496639935311667  0.198367269127829 -0.011724073125083126 0.6  0.3  0.0
0.5516034418572916  0.19873696786006764 -0.011084889077220595 0.6  0.3  0.0
0.5515730625907588  0.20155643708955226 -0.018797908359445593 0.6  0.3  0.0
0.5542996438578317  0.2025153635770478 -0.01984519701495948 0.6  0.3  0.0
0.556923239384436  0.2038546967358205 -0.021087365630312722 0.6  0.3  0.0
0.5595469570599699  0.20545174426897517 -0.02232529167396914 0.6  0.3  0.0
0.5617462809791648  0.2081904816816417 -0.020507083824944157 0.6  0.3  0.0
0.5640858097730529  0.21104705639115737 -0.018713431261972273 0.6  0.3  0.0
0.5665775902323796  0.2139908630181054 -0.016958636515892446 0.6  0.3  0.0
0.5689969527315001  0.21706255588337678 -0.015165625893546059 0.6  0.3  0.0
0.5720687756251409  0.2208066553505421 -0.012341247543684368 0.6  0.3  0.0
0.5753109078464773  0.2245772081279685 -0.009559907323020419 0.6  0.3  0.0
0.5788123848980079  0.2283701595744288 -0.006650873873784291 0.6  0.3  0.0
0.5824768840249368  0.23217740019535263 -0.00378971193885062 0.6  0.3  0.0
0.584828540543809  0.23299978409161365 -0.01700820525957137 0.6  0.3  0.0
0.5869818214495167  0.23923785807620834 -0.008702343814073515 0.6  0.3  0.0
0.5930732967594996  0.24396946160914965 -0.006322301820123437 0.6  0.3  0.0
0.5987665489604321  0.24855236375201256 -0.004632174931215198 0.6  0.3  0.0
0.6040538291849877  0.2535547263540084 -0.002523631606962554 0.6  0.3  0.0
0.6096755155635788  0.2585792766875396 -0.0014918638041059556 0.6  0.3  0.0
0.6156830612591625  0.26367248499429125 -0.0010798572758556558 0.6  0.3  0.0
0.6220722476932319  0.2688562364146824 -0.001015549888275909 0.6  0.3  0.0
0.6267720170444634  0.27321664407463564 9.73016494700777e-06 0.6  0.3  0.0
0.6321046839032058  0.27749639973971535 -9.474807039585881e-05 0.6  0.3  0.0
0.6379825308382958  0.28183830265261794 -0.0002111946457831199 0.6  0.3  0.0
0.6442954244282267  0.28626687066159207 -0.0003580419989021168 0.6  0.3  0.0
0.6398603926530337  0.28111366075401634 -0.007154584488741394 0.6  0.3  0.0
0.6336735514505666  0.2773682504018029 -0.003349675301552762 0.6  0.3  0.0
0.6312147298904701  0.27212618777201564 -0.013172343485034734 0.6  0.3  0.0
0.6312315432318888  0.26939254657550427 -0.006934161419854492 0.6  0.3  0.0
0.6226094491927648  0.2669831674710591 -0.025073555520890665 0.6  0.3  0.0
0.6152988104109358  0.2645834710982751 -0.033046744753380486 0.6  0.3  0.0
0.6086627029310648  0.26264230050641285 -0.03554166724769172 0.6  0.3  0.0
0.6029197108290619  0.26053887276194415 -0.034114771059211575 0.6  0.3  0.0
0.6026217213592714  0.2591731953905836 -0.02574225309452626 0.6  0.3  0.0
0.6027805385499658  0.25808216778993404 -0.017041203870763383 0.6  0.3  0.0
0.603270027860253  0.2572376968061822 -0.008762356785409205 0.6  0.3  0.0
0.6041825712384828  0.256544732628865 -0.004077140757213286 0.6  0.3  0.0
0.6016553889183449  0.25482005334018476 -0.0018171398618365255 0.6  0.3  0.0
0.5997322024560721  0.2534585824380798 -0.0006127549719616703 0.6  0.3  0.0
0.5984599591942565  0.2524421989961287 -7.080280049352543e-06 0.6  0.3  0.0
0.5978729944873505  0.2517444252993934 0.00027167996585529303 0.6  0.3  0.0
0.5960266200037775  0.24912343955742844 0.0029666414219952832 0.6  0.3  0.0
0.5963969864603769  0.2487577685847287 0.007932846540804627 0.6  0.3  0.0
0.5963024056840677  0.24688517760794892 0.006586659877855016 0.6  0.3  0.0
0.5970131640401527  0.2456887510046798 0.004916224803900093 0.6  0.3  0.0
0.5971861157455026  0.2438691500599896 0.004135519463871747 0.6  0.3  0.0
0.5981904512814975  0.24278349565171878 0.0026441752899317925 0.6  0.3  0.0
0.5999576780925737  0.24234625629570472 0.0016426901950561265 0.6  0.3  0.0
0.6009572913946397  0.24069992436179544 0.00773195952582413 0.6  0.3  0.0
0.6006714452700582  0.23997750491742983 0.0036338809769982383 0.6  0.3  0.0
0.6008314511691447  0.23967765818808753 0.0014807869208841341 0.6  0.3  0.0
0.6015171268575551  0.2398721408868566 0.0003802255529560361 0.6  0.3  0.0
0.6028131268224318  0.24054456941952512 -0.00022879402284118938 0.6  0.3  0.0
0.6035463713699292  0.2388448796196552 0.0003452631401794043 0.6  0.3  0.0
0.6048346292835334  0.2378031511310958 0.0005232722547740544 0.6  0.3  0.0
0.6071021522197471  0.2393008508179614 0.00832377323120431 0.6  0.3  0.0
0.610351896168085  0.23912801017171534 0.003914254497576537 0.6  0.3  0.0
0.6077782368267652  0.2381167585539879 0.0022013370699291157 0.6  0.3  0.0
0.6061383840056725  0.23777339042731283 0.001216488056877619 0.6  0.3  0.0
0.6055136446286071  0.23800027866137347 0.0005415999866102532 0.6  0.3  0.0
0.6059410031246498  0.23871057395066853 -3.880101339978777e-06 0.6  0.3  0.0
0.6038988745031569  0.23711187032637224 0.007811151849963379 0.6  0.3  0.0
0.6048295064703108  0.23811927999789054 0.006051672726280525 0.6  0.3  0.0
0.6065790381927666  0.23923779745151005 0.004294372223508144 0.6  0.3  0.0
0.6091931914529723  0.2405075306591804 0.0026429599918689536 0.6  0.3  0.0
0.61038913962677  0.24289843102414854 0.002374393325491843 0.6  0.3  0.0
0.6126712172867258  0.24539255988773429 0.0017252549005025255 0.6  0.3  0.0
0.6159659622748099  0.24804693888941448 0.0012007294659518975 0.6  0.3  0.0
0.6201570173271598  0.2507247140619342 0.0008067089300444745 0.6  0.3  0.0
0.6225879214906467  0.25397786391445537 0.00044318645527793025 0.6  0.3  0.0
0.6234113254749192  0.2575583551500918 0.006855057910038013 0.6  0.3  0.0
0.6292027677002084  0.2604175313623214 0.002863007037569424 0.6  0.3  0.0
0.6332050386993523  0.26104461386879513 0.004817033678291105 0.6  0.3  0.0
0.6397965207745194  0.26682740311863884 0.0023774781872608415 0.6  0.3  0.0
0.6465578906906101  0.27181564304539324 0.0010924930204644363 0.6  0.3  0.0
0.6535700371562126  0.2761163990010361 0.0003516056161970407 0.6  0.3  0.0
0.6608009212590925  0.2798073203233558 -0.00011622079220466157 0.6  0.3  0.0
0.6513654665389716  0.28204142615992506 -0.014384221544982688 0.6  0.3  0.0
0.6439853378668413  0.2846651212291806 -0.023568264193104163 0.6  0.3  0.0
0.6370656268525037  0.28745049502577547 -0.028550406364079635 0.6  0.3  0.0
0.6303478453195606  0.2902865932650779 -0.03206323550584513 0.6  0.3  0.0
0.6274664657876322  0.2921665340202176 -0.03405019779315713 0.6  0.3  0.0
0.6213423246221941  0.2878377363958346 -0.00045031198493256097 0.6  0.3  0.0
0.6157612670038323  0.28382483541774717 0.02850569161556277 0.6  0.3  0.0
0.6107267040848336  0.28037131551131356 0.05110420164136681 0.6  0.3  0.0
0.6068840609685442  0.2775727658301765 0.019338750790875672 0.6  0.3  0.0
0.6025400740202963  0.2737841687374529 -0.0030116191752397985 0.6  0.3  0.0
0.5983235498325602  0.2700643685908545 -0.023320464208914756 0.6  0.3  0.0
0.5944673915976274  0.26632083604799167 -0.03973035573342798 0.6  0.3  0.0
0.5907122103057881  0.26193733677675823 -0.03502778149789751 0.6  0.3  0.0
0.5873949582903099  0.2576807931358648 -0.02832427555349612 0.6  0.3  0.0
0.5843843906449284  0.2535647114479925 -0.02005496375271104 0.6  0.3  0.0
0.5818181823331477  0.2496108107954966 -0.010116456851919677 0.6  0.3  0.0
0.5803051572787591  0.24601315207261085 -0.02204701242115436 0.6  0.3  0.0
0.5762882208481528  0.24262064349019058 -0.030305021430433128 0.6  0.3  0.0
0.572927572265804  0.23943705134540585 -0.03654616679912942 0.6  0.3  0.0
0.5700967662925568  0.2364210256839367 -0.04056113150365638 0.6  0.3  0.0
0.5667160564619856  0.2327471948235108 -0.035756899257826553 0.6  0.3  0.0
0.5638233531301705  0.2294164235141836 -0.029392446701123974 0.6  0.3  0.0
0.5614692180632077  0.22867794256462412 -0.03198563937490907 0.6  0.3  0.0
0.5595155819226778  0.22534448394784223 -0.020330633083999565 0.6  0.3  0.0
0.5569202949639352  0.22144573962887484 -0.01868029169311532 0.6  0.3  0.0
0.5547359361180229  0.21814177545472316 -0.015972557069350274 0.6  0.3  0.0
0.5529636531010692  0.21531898945451233 -0.012107019814811883 0.6  0.3  0.0
0.5516000151661199  0.2128973188990442 -0.007177233806811717 0.6  0.3  0.0
0.549397848508033  0.2107622854538705 -0.008025957837144151 0.6  0.3  0.0
0.5476284684338494  0.20907533920955282 -0.007643240341123781 0.6  0.3  0.0
0.5481223034151482  0.20659956367695212 -0.008795877638187035 0.6  0.3  0.0
0.5472295662299849  0.20590705614717753 -0.004600091810831379 0.6  0.3  0.0
0.5462088886442904  0.2047807060878867 -0.004470039380071424 0.6  0.3  0.0
0.5456678785874428  0.20395953434758202 -0.004107169849751555 0.6  0.3  0.0
0.5455715607157589  0.2034785541359217 -0.003724928397993395 0.6  0.3  0.0
0.545894600496452  0.20331993510290372 -0.0032767227419625167 0.6  0.3  0.0
0.545413161537793  0.20520733422294532 -0.012783764803462824 0.6  0.3  0.0
0.5472076579042788  0.20537996362278466 -0.01595500126479213 0.6  0.3  0.0
0.5490377881020814  0.20602580295362924 -0.019171254579338805 0.6  0.3  0.0
0.5509726874583449  0.2070020263658481 -0.022323979399022198 0.6  0.3  0.0
0.5532932366287461  0.2086124952401261 -0.02115285824376573 0.6  0.3  0.0
0.555847190260366  0.21046079591632433 -0.019843866082685388 0.6  0.3  0.0
0.5586260553118512  0.21249963144697498 -0.01847087288122614 0.6  0.3  0.0
0.5616100210734565  0.21473854555877497 -0.0172007703702851 0.6  0.3  0.0
0.563935500598768  0.21820000765055042 -0.01433476680212609 0.6  0.3  0.0
0.5661164408269912  0.21896171871188172 -0.02312298076791261 0.6  0.3  0.0
0.5694919243238759  0.22333437608706663 -0.014161006458718728 0.6  0.3  0.0
0.572446071285354  0.2274332283388519 -0.008300014628054079 0.6  0.3  0.0
0.5761475686956075  0.2319778332836817 -0.0052780052664413366 0.6  0.3  0.0
0.5771708099176358  0.23749249683487492 -0.0030437383573971386 0.6  0.3  0.0
0.5824153874472471  0.2417387360745781 -0.0026808189184295886 0.6  0.3  0.0
0.5873851201462518  0.2461389036544194 -0.0020623507678717507 0.6  0.3  0.0
0.5916269515684152  0.2508175752865274 -0.0013351940208381251 0.6  0.3  0.0
0.5962133264730113  0.2555185279555796 -0.0008377781893410336 0.6  0.3  0.0
0.6011323997647533  0.2602433664383783 -0.0005129606915506987 0.6  0.3  0.0
0.6063627431504784  0.26500083097247745 -0.0003122996161189464 0.6  0.3  0.0
0.6111748148720509  0.2700159470903063 -0.00027377730597575635 0.6  0.3  0.0
0.6165948418083748  0.27506927464053976 -0.00038983664468453 0.6  0.3  0.0
0.6225577814050662  0.28017516225316713 -0.0006076571658018379 0.6  0.3  0.0
0.6289878005572734  0.28524330025015154 -0.0009004747347472552 0.6  0.3  0.0
0.6321713369150138  0.28550944763548386 -0.010747217228769429 0.6  0.3  0.0
0.6396644594268057  0.2900764715022702 -0.0048181535668452395 0.6  0.3  0.0
0.6435846325499975  0.294344636243148 0.0050452123459261335 0.6  0.3  0.0
0.6412580698693263  0.2901421127302064 -0.008767293137967622 0.6  0.3  0.0
0.6393354173106429  0.28514647240939833 -0.010706307504461093 0.6  0.3  0.0
0.6376870604528377  0.28072423449132905 -0.007620547391585887 0.6  0.3  0.0
0.630917237912687  0.27757150678245857 -0.02820420585428038 0.6  0.3  0.0
0.6251370130039143  0.2741622309605191 -0.03792483074194713 0.6  0.3  0.0
0.6220350112496714  0.27227298346113227 -0.03475755720797134 0.6  0.3  0.0
0.6195830505458323  0.27073839278979817 -0.028104111822311147 0.6  0.3  0.0
0.6174629479483051  0.2693346532066466 -0.02012255597433195 0.6  0.3  0.0
0.6156365115625186  0.2680810878873982 -0.011610596002672523 0.6  0.3  0.0
0.6135657146244489  0.26629155130003396 -0.006054236039800226 0.6  0.3  0.0
0.6119034194810457  0.26479031590568963 -0.0028798123488403314 0.6  0.3  0.0
0.6107256142656827  0.26383119438526104 -0.0015489865137339803 0.6  0.3  0.0
0.6101256635485132  0.2633854509517121 -0.0011164029059222754 0.6  0.3  0.0
0.6070630414182401  0.2609182759087426 0.00041839650445686096 0.6  0.3  0.0
0.6046715730520478  0.25901327629663307 0.001178103343976844 0.6  0.3  0.0
0.603189299334979  0.25758574286478503 0.001965525544120896 0.6  0.3  0.0
0.6027086596948373  0.25655683199599244 0.00310050614222089 0.6  0.3  0.0
0.6012733881569989  0.25455806211658466 0.004537629342904838 0.6  0.3  0.0
0.6006671877997936  0.2532552524485479 0.004587634715543386 0.6  0.3  0.0
0.6008614079780066  0.2525879533573469 0.003435250527627468 0.6  0.3  0.0
0.6014935527027169  0.2521161730457425 0.013360434678251924 0.6  0.3  0.0
0.6000312127469353  0.2507305302813573 0.006502422844703449 0.6  0.3  0.0
0.5992141108367365  0.2500020737895085 0.0028123930736989656 0.6  0.3  0.0
0.5990858526121075  0.24987214879488578 0.0008481229867238435 0.6  0.3  0.0
0.5996576480023034  0.2502925502083815 -0.00020968518774479067 0.6  0.3  0.0
0.6002798658209669  0.24818280966463324 0.0005278230172183244 0.6  0.3  0.0
0.6014135764771145  0.24684067780537375 0.0008481915588337806 0.6  0.3  0.0
0.6031120117367547  0.24619500268045116 0.0008292918864888642 0.6  0.3  0.0
0.6053683136156213  0.24620381915033973 0.0005693015888431246 0.6  0.3  0.0
0.6034736464336741  0.24498879497749762 0.000521096159153691 0.6  0.3  0.0
0.6024382350110934  0.24450153333413682 0.000381630491511612 0.6  0.3  0.0
0.6023187904228399  0.24466937793824495 9.455893337013982e-05 0.6  0.3  0.0
0.6031296391339122  0.24542546105391883 -0.0002965284993909979 0.6  0.3  0.0
0.5998273771968529  0.2452867875142811 0.02024176140401989 0.6  0.3  0.0
0.6001300943827657  0.2456994051355753 0.01255683023325991 0.6  0.3  0.0
0.601009930620908  0.24653418993379303 0.007123138624283209 0.6  0.3  0.0
0.6026189982690173  0.2477377301611956 0.003779766106151951 0.6  0.3  0.0
0.6027420673658108  0.2492559141952446 0.0033181602654362664 0.6  0.3  0.0
0.6039059489957002  0.2510651357406072 0.002313438149373079 0.6  0.3  0.0
0.6060891237505781  0.2531053339586931 0.0015883619565975789 0.6  0.3  0.0
0.6092163478389077  0.2553095674942467 0.0010704149292511244 0.6  0.3  0.0
0.6109092704189577  0.2581561972522175 0.0008474499403657974 0.6  0.3  0.0
0.6135867086863573  0.2610409318152958 0.0006157074393084184 0.6  0.3  0.0
0.6171261963409888  0.2637319930939043 0.00014322548105184953 0.6  0.3  0.0
0.6197345801793657  0.264204607258566 0.0007560132532021284 0.6  0.3  0.0
0.6245879311368293  0.26977161120117843 -0.0002765967349972827 0.6  0.3  0.0
0.629852754903614  0.2744553596390311 -0.00041874605220091655 0.6  0.3  0.0
0.6355664474360585  0.27867314925694714 -0.0005106490841584463 0.6  0.3  0.0
0.6416584791826506  0.2824836275820223 -0.0005770381069800126 0.6  0.3  0.0
0.6447285401559929  0.28750807411591345 0.008741192321138635 0.6  0.3  0.0
0.6517236319691493  0.2918223951657949 0.008332085581095747 0.6  0.3  0.0
0.6584368433260536  0.295361023074299 0.008372037279802217 0.6  0.3  0.0
0.6540542996285049  0.2961531909238175 -0.0029564631195993663 0.6  0.3  0.0
0.648147745107458  0.2981109884211033 -0.016744819985625936 0.6  0.3  0.0
0.6422025790775587  0.2995129878942477 -0.023165726579447043 0.6  0.3  0.0
0.6372794784684039  0.30234034163954837 -0.03533579041932697 0.6  0.3  0.0
0.6276029576971859  0.2970202323758446 0.005739331059195503 0.6  0.3  0.0
0.6221508004054382  0.2925258412803264 0.009696602348262359 0.6  0.3  0.0
0.6169259463653406  0.28824910268593334 0.011531724288689326 0.6  0.3  0.0
0.6122701713709809  0.28429989132940314 0.011760165913880676 0.6  0.3  0.0
0.6077757602999833  0.2804869598272094 0.011052528708901822 0.6  0.3  0.0
0.6040680982935891  0.2757467481308021 -0.002977279430744299 0.6  0.3  0.0
0.6006104292421692  0.27115300401304104 -0.014991892477506775 0.6  0.3  0.0
0.5972382907071162  0.2668124741768477 -0.027052711603602654 0.6  0.3  0.0
0.594044576264494  0.26253665364752765 -0.036334123172390834 0.6  0.3  0.0
0.5895501880951948  0.2578076507256551 -0.03688260873100994 0.6  0.3  0.0
0.5854259729572201  0.2535612736292498 -0.03464061763181393 0.6  0.3  0.0
0.5817057529530125  0.24963412761295858 -0.030043220144246086 0.6  0.3  0.0
0.5787590192433123  0.24584272187485737 -0.023212127793503665 0.6  0.3  0.0
0.577286203800201  0.24202557467394858 -0.028494030958927382 0.6  0.3  0.0
0.5732041128075973  0.23836890964729907 -0.031376164913962945 0.6  0.3  0.0
0.5698101452546236  0.23502139692105306 -0.032498681097892806 0.6  0.3  0.0
0.5669641888254112  0.23192659124630033 -0.0317339740950636 0.6  0.3  0.0
0.5640202422239882  0.2278330925147183 -0.02713492770807606 0.6  0.3  0.0
0.5615643059614063  0.22412648283496342 -0.021176396700368506 0.6  0.3  0.0
0.559385523515221  0.22318788662251907 -0.025767600694598748 0.6  0.3  0.0
0.5579282342629187  0.21951604667389543 -0.014705984097212205 0.6  0.3  0.0
0.5550037097223272  0.21574898253880415 -0.012475793435593838 0.6  0.3  0.0
0.552526045046461  0.21258891486617257 -0.009481279934706087 0.6  0.3  0.0
0.5505022733950395  0.2099171555557961 -0.005655594412650542 0.6  0.3  0.0
0.5489340145225893  0.20764050207020612 -0.0029281242915998626 0.6  0.3  0.0
0.5475998093138352  0.2056149197874329 -0.0038798884412786987 0.6  0.3  0.0
0.546690819253581  0.2040082386818587 -0.0038941936068623228 0.6  0.3  0.0
0.5478535145442511  0.2016244695951424 -0.004924715471666768 0.6  0.3  0.0
0.5478643441990186  0.20095395691111875 -0.0025650103040315256 0.6  0.3  0.0
0.5475540947795701  0.20021859034063202 -0.00523068743541248 0.6  0.3  0.0
0.5476903678829723  0.19975722938517307 -0.008143755377952132 0.6  0.3  0.0
0.5482368148664554  0.19955970736734321 -0.011169469509286689 0.6  0.3  0.0
0.5491787746423624  0.19961606417183378 -0.01418034026099757 0.6  0.3  0.0
0.5489168093348636  0.20196199736704343 -0.021795150862848986 0.6  0.3  0.0
0.551110019777886  0.2024203853044195 -0.02138384383621803 0.6  0.3  0.0
0.5532639980059654  0.20329847725055072 -0.021307367569246772 0.6  0.3  0.0
0.5554657125359396  0.20445544822745262 -0.021323598953845776 0.6  0.3  0.0
0.5574576787148912  0.20684951845484612 -0.022012014679279688 0.6  0.3  0.0
0.5596565617725228  0.20946453707990784 -0.022716223636556593 0.6  0.3  0.0
0.5620643001102995  0.21220591067342112 -0.023341427296077088 0.6  0.3  0.0
0.5646574135707426  0.2150528886313325 -0.023913589672345276 0.6  0.3  0.0
0.5675309427421563  0.2186417814219846 -0.018824959155316047 0.6  0.3  0.0
0.569990639283379  0.21939555091037258 -0.025845322120658355 0.6  0.3  0.0
0.5737980105396326  0.22377735485093964 -0.015001755441685007 0.6  0.3  0.0
0.5774748675630258  0.2278016959358037 -0.0076106056232877915 0.6  0.3  0.0
0.581385901330989  0.23227153506465445 -0.006804552478457849 0.6  0.3  0.0
0.5825919915816327  0.23768526898138792 -0.005516408398724323 0.6  0.3  0.0
0.5882461577151591  0.2417851592349038 -0.006689269083938915 0.6  0.3  0.0
0.5937069236031999  0.2460327520888688 -0.007474523779693928 0.6  0.3  0.0
0.598326059133251  0.25087652883290157 -0.004221870117413439 0.6  0.3  0.0
0.6032661042324419  0.25572423130047406 -0.0023005445340429634 0.6  0.3  0.0
0.6085632976242477  0.26062398465209907 -0.0012300395113153935 0.6  0.3  0.0
0.614208902717371  0.2655984086802525 -0.0006876259510831676 0.6  0.3  0.0
0.6190199165311411  0.27025912181064604 -0.00012313147409005374 0.6  0.3  0.0
0.6244660769637408  0.27501361340997055 -8.658642563143427e-05 0.6  0.3  0.0
0.6304835776735476  0.27961328967646426 -0.0005481261537229462 0.6  0.3  0.0
0.6369784994949866  0.2842054640781426 -0.0012175879247218768 0.6  0.3  0.0
0.6403740050121643  0.28461498074112024 -0.010424794309073912 0.6  0.3  0.0
0.6446903578040434  0.28907909188845704 0.0019312502450433682 0.6  0.3  0.0
0.6422038701414844  0.2845506162486504 -0.005762875056623501 0.6  0.3  0.0
0.640806164523231  0.28163650401834145 -0.008475981961877236 0.6  0.3  0.0
0.638425502529496  0.2772070889307404 -0.00454788271271109 0.6  0.3  0.0
0.6300155316929171  0.2741737373540953 -0.02481707590773339 0.6  0.3  0.0
0.6228270284720379  0.2711724386208084 -0.033121763525168914 0.6  0.3  0.0
0.6161529176312704  0.26827728152008407 -0.03502020202784249 0.6  0.3  0.0
0.6144236812316002  0.2672125953151855 -0.02900906655656011 0.6  0.3  0.0
0.6129805512620077  0.266111157158457 -0.021839168665672804 0.6  0.3  0.0
0.6118776014859906  0.26522824797204386 -0.014390120640540566 0.6  0.3  0.0
0.6111202292266614  0.2644965223394197 -0.007387691162103867 0.6  0.3  0.0
0.6084496641517719  0.2625503895487357 -0.0031515494845574957 0.6  0.3  0.0
0.6063444514238949  0.26106606672719407 -0.0011645604067937396 0.6  0.3  0.0
0.6048578044697247  0.2602099844253387 -0.000509489536300284 0.6  0.3  0.0
0.6039643361790406  0.2596202389320106 -0.0001704201638440262 0.6  0.3  0.0
0.6009418299703567  0.25716070782581346 0.0012073583329108384 0.6  0.3  0.0
0.5988561375113292  0.25523492636108097 0.002300341942513556 0.6  0.3  0.0
0.5978651387388533  0.2538128299218859 0.003423883921993362 0.6  0.3  0.0
0.5976590021408915  0.2529082166751834 0.003447044824720364 0.6  0.3  0.0
0.5968086621699988  0.25117676919707554 0.0051479637878521466 0.6  0.3  0.0
0.5968358533177276  0.2501473797847261 0.005472827234715054 0.6  0.3  0.0
0.5973498483298433  0.2493042435866627 0.01639756944524531 0.6  0.3  0.0
0.5996912020642808  0.24963814615854135 0.009705451241608917 0.6  0.3  0.0
0.5989263661061037  0.24830074053308643 0.005155448734739607 0.6  0.3  0.0
0.5988036373780726  0.24760577832480343 0.002633359751126066 0.6  0.3  0.0
0.5993332544620973  0.2475107905983002 0.0012061488717777149 0.6  0.3  0.0
0.6005070653300896  0.24797909542924287 0.0003467542679195378 0.6  0.3  0.0
0.6004438285769789  0.24607074352412167 0.0008055459100046712 0.6  0.3  0.0
0.6009993839144037  0.2449013279577106 0.0009215170655619878 0.6  0.3  0.0
0.6021606046669848  0.24444470636001756 0.0007860975020657821 0.6  0.3  0.0
0.6039638404874589  0.24465907122125777 0.00044989370536920113 0.6  0.3  0.0
0.6016900493794847  0.24361017773833224 0.0005065271384938616 0.6  0.3  0.0
0.6003531369723835  0.2432564807154503 0.00035145364818171094 0.6  0.3  0.0
0.6001968140749044  0.24539335309529972 0.008344102871791314 0.6  0.3  0.0
0.6002409811092788  0.2439418959288103 0.006069481781509633 0.6  0.3  0.0
0.5984367507965069  0.2448448068965305 0.0031697968491335954 0.6  0.3  0.0
0.5974783977287456  0.24609597214376455 0.0017647492230178348 0.6  0.3  0.0
0.5975326961238093  0.24770582043704623 0.0010087734414873603 0.6  0.3  0.0
0.59866564306438  0.2496441528528651 0.0005316001760272604 0.6  0.3  0.0
0.6000130798926447  0.25138427729572715 0.000786301795778288 0.6  0.3  0.0
0.6024231981308057  0.2533464401460768 0.0007678114580814625 0.6  0.3  0.0
0.6058213724234887  0.2554676926474185 0.0006238384216458584 0.6  0.3  0.0
0.610093562518628  0.25768511571091557 0.0004536663508383076 0.6  0.3  0.0
0.6123142353227653  0.2614958688803146 0.0005429546888849453 0.6  0.3  0.0
0.6155054503841416  0.2649050265220926 -3.5461893231157745e-06 0.6  0.3  0.0
0.619549919725834  0.2682364054843287 -0.00035239394852164306 0.6  0.3  0.0
0.6224525779214716  0.26937791784393267 0.0014940046399822742 0.6  0.3  0.0
0.6281273848225895  0.27509763183456304 0.00031319942644777825 0.6  0.3  0.0
0.6341371453125768  0.2801069403037919 -0.0003108489360494891 0.6  0.3  0.0
0.6376726182659712  0.28462946126073224 0.002213944944754007 0.6  0.3  0.0
0.6458744275826577  0.28868450348697267 -0.001640437670256967 0.6  0.3  0.0
0.6514752881982724  0.29335191390718274 0.0012116331807636854 0.6  0.3  0.0
0.6570340442784234  0.2971392113733446 0.003924887673299388 0.6  0.3  0.0
0.6503262041640161  0.2978407267723786 -0.009073616773437626 0.6  0.3  0.0
0.645565732701026  0.2994080281554069 -0.015703434550979393 0.6  0.3  0.0
0.6416355334488931  0.30153734485226497 -0.02741541735124662 0.6  0.3  0.0
0.6374298854364349  0.30306590637063613 -0.03323419269153125 0.6  0.3  0.0
0.6296260167629326  0.29744190360958844 0.008217116779009936 0.6  0.3  0.0
0.622585988263009  0.29347995043658043 0.03609125479732794 0.6  0.3  0.0
0.6181142365138024  0.28868108977499823 0.023854669552292655 0.6  0.3  0.0
0.6138496066851398  0.2843693212585935 0.011508046435349499 0.6  0.3  0.0
0.6097470736166626  0.2802911323138225 0.002939309226401319 0.6  0.3  0.0
0.6059404965373545  0.27625106595915466 -0.003247304671410084 0.6  0.3  0.0
0.6022787547914062  0.27137247490081484 -0.009139844331531467 0.6  0.3  0.0
0.5989022739882338  0.26682894368707205 -0.015382162764026411 0.6  0.3  0.0
0.5957434134280298  0.2624143280528189 -0.019294097692853042 0.6  0.3  0.0
0.5928518559897286  0.25813123078952244 -0.020825495965753442 0.6  0.3  0.0
0.5882673025698366  0.2541232391951163 -0.02474832924937793 0.6  0.3  0.0
0.5841003369225807  0.25036257368294096 -0.026528231952603044 0.6  0.3  0.0
0.5806587836540155  0.24678885150244664 -0.02601606350341573 0.6  0.3  0.0
0.5777197005640139  0.24343818342232348 -0.023170880537635684 0.6  0.3  0.0
0.576492260003174  0.23959766849012104 -0.025323315524419496 0.6  0.3  0.0
0.5728761181460995  0.2361034370979141 -0.025164584991964237 0.6  0.3  0.0
0.5699309237818031  0.2329392298661256 -0.02342952632807489 0.6  0.3  0.0
0.5675153604172682  0.23005206981960255 -0.020032653536133014 0.6  0.3  0.0
0.5648272901835846  0.22626923246349293 -0.0170018934202366 0.6  0.3  0.0
0.5626291457358616  0.22289711819890276 -0.0125258485729198 0.6  0.3  0.0
0.5605697044754702  0.22219829787167583 -0.01832941075169141 0.6  0.3  0.0
0.5594326732855459  0.21893116573552324 -0.009244304552895084 0.6  0.3  0.0
0.5566922472380679  0.21564587623266854 -0.00683505630746532 0.6  0.3  0.0
0.5543949471581882  0.21295606929426705 -0.003896412010971214 0.6  0.3  0.0
0.5525609827846155  0.2107366723281296 -0.0020625676523667947 0.6  0.3  0.0
0.5512012354382194  0.20890907699361233 -0.0008944984622897248 0.6  0.3  0.0
0.5501253962075857  0.20744987975495652 -0.002541302358550666 0.6  0.3  0.0
0.5495061097850112  0.20639578318376134 -0.003327007210754477 0.6  0.3  0.0
0.5508431043432994  0.20437232497837313 -0.005477721493340054 0.6  0.3  0.0
0.5512540557580995  0.20423960213851886 -0.002998380941044954 0.6  0.3  0.0
0.5511537243311464  0.20405182582469125 -0.006333664638626764 0.6  0.3  0.0
0.5514824013606278  0.2041108974477256 -0.010113267110973672 0.6  0.3  0.0
0.5522223117708532  0.2044281865445974 -0.014181821153236407 0.6  0.3  0.0
0.553350078564016  0.20499565243268456 -0.018424067875003006 0.6  0.3  0.0
0.5537947084077958  0.20774869296308554 -0.023679849444287013 0.6  0.3  0.0
0.5569683780484275  0.20868669428766357 -0.021540981436556646 0.6  0.3  0.0
0.5600523845930411  0.2100137067712385 -0.019827545239029437 0.6  0.3  0.0
0.563145125365943  0.21159865412209508 -0.0183219280235972 0.6  0.3  0.0
0.5648534081042583  0.21477278434209665 -0.018474113039131858 0.6  0.3  0.0
0.5667873453723481  0.21807840870176515 -0.01860960033016795 0.6  0.3  0.0
0.5689545854791921  0.22148176230183134 -0.018737939396571115 0.6  0.3  0.0
0.5710954201744473  0.22502920425172895 -0.01877978415058562 0.6  0.3  0.0
0.5747618385634441  0.22886650933818248 -0.013030213107648021 0.6  0.3  0.0
0.5777789937849838  0.22969239774689498 -0.020105630812847462 0.6  0.3  0.0
0.5824642535507464  0.2343382691093179 -0.009916443324864185 0.6  0.3  0.0
0.587041554467483  0.23858984535255967 -0.004566476212753828 0.6  0.3  0.0
0.5910728174465306  0.24355736389622767 -0.003955661067077733 0.6  0.3  0.0
0.5920843813167899  0.24928438380884466 -0.002527988556079679 0.6  0.3  0.0
0.5980387538845849  0.25381598804497085 -0.0035223529177056587 0.6  0.3  0.0
0.6037342691765847  0.2584349090418526 -0.003948793182035201 0.6  0.3  0.0
0.6086280831458302  0.26328270711775603 -0.002098967290361773 0.6  0.3  0.0
0.6139359111566338  0.2682174334084831 -0.001151520237873092 0.6  0.3  0.0
0.619679441856718  0.27325024966448236 -0.000757702752052977 0.6  0.3  0.0
0.6258315914082393  0.27838359301334803 -0.0006930947905360768 0.6  0.3  0.0
0.6308929658465758  0.2824097233470059 -0.00038083561036879023 0.6  0.3  0.0
0.6366186566425637  0.2864986092429083 -0.0002857456926116069 0.6  0.3  0.0
0.6429105649628508  0.2906616372746617 -0.000315409797075757 0.6  0.3  0.0
0.649646604867469  0.29492370418290986 -0.0004442204245962846 0.6  0.3  0.0
0.6431183691028605  0.28703495649348054 -0.01587164624547254 0.6  0.3  0.0
0.6371346018502272  0.2824119630341548 -0.008129654571437127 0.6  0.3  0.0
0.6363805815545138  0.27796972756198446 -0.007458981961458624 0.6  0.3  0.0
0.6351832060977264  0.273831828301141 -0.005212565879669033 0.6  0.3  0.0
0.6261302085128073  0.2713985658443417 -0.02040793834339065 0.6  0.3  0.0
0.6184524923853189  0.2691853305970514 -0.025316599613470037 0.6  0.3  0.0
0.6119097234516331  0.26686885119449955 -0.02405648271387853 0.6  0.3  0.0
0.606256872620049  0.26482120287073346 -0.019017662009968843 0.6  0.3  0.0
0.6064511272444114  0.2630528364440219 -0.015080033117281118 0.6  0.3  0.0
0.6069484027166127  0.261465261679694 -0.010875426637921293 0.6  0.3  0.0
0.6078583560828211  0.26019073210635807 -0.007135999426412019 0.6  0.3  0.0
0.6091344900027569  0.25918883963582506 -0.0039814170536680415 0.6  0.3  0.0
0.606201429191456  0.25713878261974477 0.001299303979595965 0.6  0.3  0.0
0.6038770784670658  0.2555034403647 0.0057152967657695675 0.6  0.3  0.0
0.6022104137218367  0.2542585923095833 0.009309327712516965 0.6  0.3  0.0
0.6014544886461478  0.25335177678687903 0.01286292297902894 0.6  0.3  0.0
0.5998947205287112  0.25077719876637 0.009571524198804766 0.6  0.3  0.0
0.5991225914773087  0.24880722645726494 0.005346033592868477 0.6  0.3  0.0
0.5991228075837803  0.24740026183734068 0.0026364271219616623 0.6  0.3  0.0
0.6009556789590251  0.24811708824766052 0.0018032997723863636 0.6  0.3  0.0
0.600328785292922  0.24591489769976732 0.002063825541397328 0.6  0.3  0.0
0.6005669386911924  0.24457492596702776 0.002285950409092109 0.6  0.3  0.0
0.6015834078353312  0.24393545399649116 0.002129724078227562 0.6  0.3  0.0
0.603292815117036  0.24391495404927938 0.0016644958605422184 0.6  0.3  0.0
0.6017125430842248  0.24040144021039517 0.006980507042701944 0.6  0.3  0.0
0.6024594584620232  0.2395675069974906 0.003601047844232222 0.6  0.3  0.0
0.6035546616947014  0.23914191560491546 0.0017862584724612767 0.6  0.3  0.0
0.605105079518721  0.23916155445700812 0.0007347504182173164 0.6  0.3  0.0
0.6039804387681208  0.23755118839931477 0.0008717779291308419 0.6  0.3  0.0
0.6035615170258929  0.23657248386591706 0.000858015847462665 0.6  0.3  0.0
0.6039189809306716  0.2362079508043638 0.000702428388635682 0.6  0.3  0.0
0.6050870770680422  0.23642496211158423 0.0004662213958380472 0.6  0.3  0.0
0.6031798907495315  0.23766024281380072 0.011115085982256058 0.6  0.3  0.0
0.602839850069168  0.23712556332980525 0.00556219441425775 0.6  0.3  0.0
0.6033564267114598  0.23730774476365485 0.002538478365317155 0.6  0.3  0.0
0.6047898844857649  0.23803957151469698 0.0007980362364382692 0.6  0.3  0.0
0.6023412668361227  0.2369036782610649 0.010200407067910072 0.6  0.3  0.0
0.6030301982599524  0.23846285233423048 0.010703827906921252 0.6  0.3  0.0
0.6045357913010501  0.2400680626448521 0.011103583772078787 0.6  0.3  0.0
0.6069159637243149  0.24175861311060054 0.011068701220135818 0.6  0.3  0.0
0.6086743442383277  0.244128588568653 0.0067978157215976024 0.6  0.3  0.0
0.6114644158611099  0.24664056838434825 0.0035126789829713055 0.6  0.3  0.0
0.6152050793387472  0.2492276581895537 0.0015187722674261605 0.6  0.3  0.0
0.6197748694552636  0.25179193485288204 0.00031063006151846426 0.6  0.3  0.0
0.6224166097211381  0.2554511921705353 0.0006969005766410221 0.6  0.3  0.0
0.6259606904059763  0.2588609160995513 0.000852424313662894 0.6  0.3  0.0
0.630243816609305  0.26176031061275584 0.0019111853441857152 0.6  0.3  0.0
0.6333028675137526  0.26265293445237664 0.00843604362620032 0.6  0.3  0.0
0.6373945465877886  0.2689349763493979 0.009613994955641516 0.6  0.3  0.0
0.6457832570494011  0.27421373977423846 0.004124935263001038 0.6  0.3  0.0
0.6538502559748784  0.27874901664670354 0.0011600041326156824 0.6  0.3  0.0
0.6617331418748454  0.2826103120063513 -0.0011298758786539003 0.6  0.3  0.0
0.6521076646791024  0.28470929097068326 -0.012402705095178922 0.6  0.3  0.0
0.644091238840337  0.2871687202940317 -0.017899902548967842 0.6  0.3  0.0
0.6367055763574955  0.2897918365438972 -0.020615448305677287 0.6  0.3  0.0
0.629485878174264  0.29247335982544814 -0.022112177657840282 0.6  0.3  0.0
0.6272088007879624  0.29443282279893085 -0.028882953950280343 0.6  0.3  0.0
0.6210030609604477  0.2899151406405606 0.004026674167389777 0.6  0.3  0.0
0.615793771840376  0.2866377091743824 0.02446944988893962 0.6  0.3  0.0
0.6109662711342861  0.28321585792142223 0.04381791642696728 0.6  0.3  0.0
0.6063933771153052  0.279074002471835 0.021162968405806157 0.6  0.3  0.0
0.6019857014812222  0.2751370865096769 0.003753236080720042 0.6  0.3  0.0
0.5978211841692075  0.2712509114790915 -0.010987574492208038 0.6  0.3  0.0
0.59390423894927  0.26738261853425616 -0.02252186044123437 0.6  0.3  0.0
0.5903280851737887  0.26285853258653885 -0.02140292057430188 0.6  0.3  0.0
0.5869790499071842  0.25863812504078615 -0.02058518833317124 0.6  0.3  0.0
0.5839380347345658  0.25456936244508044 -0.0178130767736064 0.6  0.3  0.0
0.5813814604696821  0.25080924133272725 -0.012077619196388036 0.6  0.3  0.0
0.5798640541654521  0.24695747742438295 -0.01989789394649481 0.6  0.3  0.0
0.575867093240172  0.24345877449309478 -0.023870830451285144 0.6  0.3  0.0
0.5725530025780284  0.2401991508205081 -0.02605745198895478 0.6  0.3  0.0
0.5697929289276672  0.23711319206463405 -0.026246103695286772 0.6  0.3  0.0
0.5663020124960592  0.23335125588080452 -0.025169384842464424 0.6  0.3  0.0
0.5633127647449817  0.2299619184520544 -0.02239805412158101 0.6  0.3  0.0
0.5607799871832219  0.226915384977036 -0.017928764484906472 0.6  0.3  0.0
0.5586866599346763  0.22417240188162477 -0.011815380182992344 0.6  0.3  0.0
0.5564772740226245  0.22287257092012389 -0.0211056643503596 0.6  0.3  0.0
0.554895962499596  0.21944901537779107 -0.017661633268843433 0.6  0.3  0.0
0.5536342710873648  0.21670103505390037 -0.0135725546507223 0.6  0.3  0.0
0.5527020130318605  0.21446113653953697 -0.008664131249464708 0.6  0.3  0.0
0.5497628683405977  0.21238021008484245 -0.008457425876463729 0.6  0.3  0.0
0.5472974962112506  0.21078491898331936 -0.007170443402933217 0.6  0.3  0.0
0.547239808407907  0.2082927513272595 -0.007543833154603837 0.6  0.3  0.0
0.5457356539551913  0.2077832425057538 -0.00372005686326397 0.6  0.3  0.0
0.5451087261048391  0.206959324093985 -0.00352580410907362 0.6  0.3  0.0
0.544964115275196  0.20642356122656474 -0.0032349415039039423 0.6  0.3  0.0
0.5452543155836647  0.20621008148608988 -0.0030811738455701516 0.6  0.3  0.0
0.5459545777802526  0.20631015409533468 -0.002957415022345785 0.6  0.3  0.0
0.5464595661634102  0.20668271593899928 -0.0067433160205722514 0.6  0.3  0.0
0.5473518236652823  0.20737527458753283 -0.01038406441510123 0.6  0.3  0.0
0.5470365804564536  0.20994121037373342 -0.019258233665526182 0.6  0.3  0.0
0.5491255682156022  0.21078792126384385 -0.02217412735453357 0.6  0.3  0.0
0.552173963965938  0.21230968994785224 -0.01883538870061484 0.6  0.3  0.0
0.5553780179070317  0.2141605962787777 -0.015608036477976248 0.6  0.3  0.0
0.5587739544359608  0.2162552398076507 -0.012525997183432174 0.6  0.3  0.0
0.5623234874959494  0.21869542451850615 -0.009908304166072716 0.6  0.3  0.0
0.5648173557741181  0.22230967908571847 -0.008180451824687874 0.6  0.3  0.0
0.5672103730616862  0.22314244707117015 -0.01832217902460347 0.6  0.3  0.0
0.5707204531959812  0.22774378897138484 -0.010502226189452957 0.6  0.3  0.0
0.5740466679875462  0.2320506345829487 -0.00564423717135167 0.6  0.3  0.0
0.5783878228936296  0.23676637204577577 -0.0031051771458061065 0.6  0.3  0.0
0.5829325495265677  0.24141899782024492 -0.00184904273456651 0.6  0.3  0.0
0.5877881007052287  0.24605839861826423 -0.001226153548103273 0.6  0.3  0.0
0.5897977917236922  0.2516218344032601 -0.0004067726437208104 0.6  0.3  0.0
0.5949677381278847  0.2561740704323488 -0.000472900189917664 0.6  0.3  0.0
0.6001478697187411  0.260835417543681 -0.00038185453120786724 0.6  0.3  0.0
0.6055336647808554  0.26556477190635974 -0.00026224694217736206 0.6  0.3  0.0
0.6112153484658064  0.2703503121318302 -0.00016803691018651897 0.6  0.3  0.0
0.6160750731907029  0.2755379330833662 -0.00017598160404274624 0.6  0.3  0.0
0.6215191948857551  0.28069291634233356 -0.00021400300016199186 0.6  0.3  0.0
0.627496109672459  0.28568822215979817 -0.0006172215410547977 0.6  0.3  0.0
0.6339248839125008  0.29060803711417177 -0.001575745448677204 0.6  0.3  0.0
0.6379473834713032  0.29085997477138636 -0.010570015190865497 0.6  0.3  0.0
0.6458770493268962  0.2949880090014095 -0.004909492069362114 0.6  0.3  0.0
0.642354967760568  0.28994773113298344 -0.014793703373892093 0.6  0.3  0.0
0.6405312493795128  0.28662917937429794 -0.020623598816948648 0.6  0.3  0.0
0.6363761597253192  0.28242725199683744 -0.013799919800229647 0.6  0.3  0.0
0.6348626337171922  0.27829915730413396 -0.007746943757168053 0.6  0.3  0.0
0.6276274375201485  0.27518288401727736 -0.02349283909325813 0.6  0.3  0.0
0.6213047074655397  0.2720146719530443 -0.02844070112087728 0.6  0.3  0.0
0.6185514018611911  0.27062281013953854 -0.026739074750404844 0.6  0.3  0.0
0.6161986358822767  0.2692640529895972 -0.02223074866984697 0.6  0.3  0.0
0.6142455235286112  0.268110941358351 -0.016704519057802736 0.6  0.3  0.0
0.6126732738111372  0.26711515324758317 -0.01062229983787705 0.6  0.3  0.0
0.6110370356335215  0.26466473734813645 -0.004911452510933057 0.6  0.3  0.0
0.6097943690758254  0.2627201449122606 -0.0020236739025847696 0.6  0.3  0.0
0.6090738547279282  0.26144834326383126 -0.0008685848442737565 0.6  0.3  0.0
0.6088110467010288  0.2604661018863156 -0.00024270820595262573 0.6  0.3  0.0
0.6057276976973824  0.25753937640155267 0.0007732712882435185 0.6  0.3  0.0
0.6033119266129482  0.2552276336090219 0.0010444640366628914 0.6  0.3  0.0
0.6019696989658205  0.2534401179005477 0.001467628652979531 0.6  0.3  0.0
0.6015022143961303  0.2521578559832981 0.0014912103796151039 0.6  0.3  0.0
0.6005836973598621  0.25010093009263296 0.001892437024207327 0.6  0.3  0.0
0.601469028853485  0.25025148092908006 0.005037042971711002 0.6  0.3  0.0
0.6022566138802132  0.24904402392510716 0.0026229337426219965 0.6  0.3  0.0
0.6037910661454742  0.2486020114733823 0.0012547365445076954 0.6  0.3  0.0
0.6021717416533927  0.24484996556583358 0.00891696769861974 0.6  0.3  0.0
0.6030121828352903  0.24391115993938675 0.006301098557421364 0.6  0.3  0.0
0.604399061818479  0.24351435183397774 0.003666253610300214 0.6  0.3  0.0
0.6062541650220531  0.24360368335715318 0.002171115224472703 0.6  0.3  0.0
0.6057638200407826  0.24156541216673713 0.0014164628341242263 0.6  0.3  0.0
0.605891063716175  0.24022717689657877 0.0008959942724312386 0.6  0.3  0.0
0.6066666527524471  0.23956313445551722 0.00046203271258674495 0.6  0.3  0.0
0.6080665864465652  0.2395423372810116 3.388184805330443e-05 0.6  0.3  0.0
0.6063535686067426  0.23808098479575018 0.00025580244212632585 0.6  0.3  0.0
0.6058540271142624  0.23938948778777483 0.01007820050868039 0.6  0.3  0.0
0.606620840118091  0.2388493082890602 0.004722901039329268 0.6  0.3  0.0
0.6081826074486941  0.23907207672538677 0.0018057450045956768 0.6  0.3  0.0
0.6063230341441053  0.2385859226019494 0.0028252606654103453 0.6  0.3  0.0
0.6042968971861743  0.2369273697647438 0.008985255470886792 0.6  0.3  0.0
0.6052146376278772  0.23803679620352242 0.006830538746620067 0.6  0.3  0.0
0.6069025644442477  0.23928145898952607 0.004846362637848158 0.6  0.3  0.0
0.6072468900727636  0.24071989970577926 0.00264566471675564 0.6  0.3  0.0
0.6086306134852116  0.24235348380021984 0.0012666671861966477 0.6  0.3  0.0
0.6110199717902763  0.2441441409423461 0.00037254009459248964 0.6  0.3  0.0
0.6143317769079186  0.24604260048818008 -0.00021157440979393345 0.6  0.3  0.0
0.6165598434815437  0.24915591310347834 0.00176031362665001 0.6  0.3  0.0
0.6197453670803802  0.25180270775280295 0.0012305824293784757 0.6  0.3  0.0
0.6237989765332858  0.25441760508485756 0.0008830483734005064 0.6  0.3  0.0
0.6285794189620902  0.2569647033739963 0.0006837707366880244 0.6  0.3  0.0
0.6308430377318457  0.259215846762583 0.0024684938412686433 0.6  0.3  0.0
0.6338677767468702  0.2643275724421422 0.00496005155059945 0.6  0.3  0.0
0.6414384721177214  0.26816224241201375 -0.00014357298308964768 0.6  0.3  0.0
0.6485377697224353  0.27146684942541666 -0.0027077711315792053 0.6  0.3  0.0
0.6538312653234596  0.27654711686588984 0.0006261008455942375 0.6  0.3  0.0
0.6593303857946208  0.2807670313739812 0.0033372544877862506 0.6  0.3  0.0
0.6530616937168399  0.28224275587990627 -0.012263383188082561 0.6  0.3  0.0
0.6485831697989758  0.2843890760289705 -0.019574552919197335 0.6  0.3  0.0
0.6451539525410956  0.28727258391110044 -0.02532590303251814 0.6  0.3  0.0
0.6418243854612833  0.2901889989297916 -0.029858088356028066 0.6  0.3  0.0
0.6374756532413269  0.2921773031072051 -0.028931246978074206 0.6  0.3  0.0
0.6297578474292691  0.2875764448319785 0.014073448578851379 0.6  0.3  0.0
0.623237671200641  0.28340674618192685 0.013872893266331386 0.6  0.3  0.0
0.6168951836346388  0.27931047476109644 0.012829631250543382 0.6  0.3  0.0
0.6111062508595234  0.27549418923206936 0.010553547701496026 0.6  0.3  0.0
0.6056994260874776  0.27174236060788354 0.007626509968702475 0.6  0.3  0.0
0.6028339945291464  0.266941961009525 -0.003223645068838173 0.6  0.3  0.0
0.600079491153001  0.2622662568962975 -0.011988138486103049 0.6  0.3  0.0
0.5974391528900079  0.2578001935948624 -0.019949765462572752 0.6  0.3  0.0
0.5949484547755365  0.2535377935425131 -0.02705047668337118 0.6  0.3  0.0
0.5893615004014162  0.24937761037749182 -0.03171800202920063 0.6  0.3  0.0
0.5842095914284876  0.245797673039588 -0.03284512982334016 0.6  0.3  0.0
0.5795495368231695  0.24239444384895992 -0.031601908313708515 0.6  0.3  0.0
0.5784757801469049  0.23887321703343714 -0.028032433584828147 0.6  0.3  0.0
0.5730650825842457  0.23495227737052668 -0.03333570068773744 0.6  0.3  0.0
0.5684430718003455  0.23139757348427667 -0.036882597870610295 0.6  0.3  0.0
0.5644631579206294  0.22815435473931164 -0.03854352976122446 0.6  0.3  0.0
0.5610285020992175  0.225181804773728 -0.03824749766841717 0.6  0.3  0.0
0.5579266371017446  0.22142556249534273 -0.03258697971677297 0.6  0.3  0.0
0.5553203343836551  0.21803402016388534 -0.025530761690895146 0.6  0.3  0.0
0.5531730412122419  0.214974247924031 -0.01713475620992877 0.6  0.3  0.0
0.5513290087211762  0.21451053115740734 -0.01904420190455111 0.6  0.3  0.0
0.5479336582174242  0.21088354085013136 -0.01411893721545042 0.6  0.3  0.0
0.5450154884142893  0.20795441301392173 -0.009008128469919352 0.6  0.3  0.0
0.5425975352060699  0.20554001967761726 -0.004665807843170689 0.6  0.3  0.0
0.540691020844472  0.20352280903853956 -0.0020758807753077668 0.6  0.3  0.0
0.5401543433861468  0.20142018151619248 -0.0023557722136907855 0.6  0.3  0.0
0.5400431549212833  0.19973477280331198 -0.0018513626160917987 0.6  0.3  0.0
0.5418282281189376  0.19724103027922069 -0.002792886056538932 0.6  0.3  0.0
0.5426051461109546  0.19643378586751287 -0.0012642104471950767 0.6  0.3  0.0
0.5423233734315767  0.19595405521082382 -0.005454695657099585 0.6  0.3  0.0
0.5425092817277136  0.1957574151364699 -0.009724282745786492 0.6  0.3  0.0
0.5431238590187324  0.19583771214959966 -0.013938139818975914 0.6  0.3  0.0
0.5441297150742654  0.19617565137042645 -0.01808576377836769 0.6  0.3  0.0
0.5461134217069736  0.19693758561587416 -0.01807387895983826 0.6  0.3  0.0
0.5466342940819613  0.19955763182533628 -0.023692996834918652 0.6  0.3  0.0
0.5496252798555905  0.20031969583133635 -0.0224915823053486 0.6  0.3  0.0
0.5524818805254348  0.2014508642752236 -0.021556791771148796 0.6  0.3  0.0
0.5545549466580451  0.20379466315592518 -0.021619309801699755 0.6  0.3  0.0
0.5567855469139701  0.20640703665737034 -0.02178724944936139 0.6  0.3  0.0
0.5591965448388388  0.20917912562295307 -0.02194952554311149 0.6  0.3  0.0
0.5617262526403853  0.2120986135812971 -0.022102429982891473 0.6  0.3  0.0
0.5650404073448029  0.21573908063634825 -0.017500127918451066 0.6  0.3  0.0
0.5678241235515434  0.2165219279078266 -0.02560677789912961 0.6  0.3  0.0
0.5720320978764603  0.22098197282898996 -0.015116405486046633 0.6  0.3  0.0
0.5760610039942193  0.22508598651653303 -0.007763346833396608 0.6  0.3  0.0
0.5800436381192741  0.22977625629344534 -0.007003049100394258 0.6  0.3  0.0
0.5842976911045794  0.2343483502233057 -0.006840770398354341 0.6  0.3  0.0
0.5858289945313404  0.2398160814619911 -0.004500482898363675 0.6  0.3  0.0
0.5918594893998945  0.2441312227455868 -0.006255680978284902 0.6  0.3  0.0
0.5968634476906085  0.24906155036079436 -0.0035525147146724173 0.6  0.3  0.0
0.6021053124025576  0.25402093606769277 -0.0019537656142654507 0.6  0.3  0.0
0.6076776694772056  0.25903903654311905 -0.0010890830850088502 0.6  0.3  0.0
0.6136022163616056  0.26412879077817664 -0.0006925622033790334 0.6  0.3  0.0
0.6188590664323377  0.2686946828492321 -0.00012687186536583463 0.6  0.3  0.0
0.6247105350939454  0.2732228774992687 -0.00035175709722883345 0.6  0.3  0.0
0.6310861335913627  0.2776319242176266 -0.0007611832021827364 0.6  0.3  0.0
0.6378903086109781  0.28210932567237423 -0.001062842606425121 0.6  0.3  0.0
0.6416200274130284  0.28258240318748673 -0.010192055776708326 0.6  0.3  0.0
0.6387922433750375  0.27894141305154896 -0.012405074326769287 0.6  0.3  0.0
0.6336071946250309  0.2764900446391041 -0.005930279966712929 0.6  0.3  0.0
0.6336334273098657  0.2743708554357814 -0.00895864270350471 0.6  0.3  0.0
0.6319256922528751  0.27072812945801045 -0.004430931484466521 0.6  0.3  0.0
0.6239918042033987  0.268321212787115 -0.021716489933965553 0.6  0.3  0.0
0.6170655791906122  0.2658477962067182 -0.027656980269292704 0.6  0.3  0.0
0.6106841005634595  0.2635330613874675 -0.02748522333429934 0.6  0.3  0.0
0.6093095246983355  0.26226351188303043 -0.02349128549529442 0.6  0.3  0.0
0.6082513882134701  0.2611614263597477 -0.01817166771359957 0.6  0.3  0.0
0.6075760887953324  0.26028721660394705 -0.01243688349053389 0.6  0.3  0.0
0.6073356883964713  0.25965112771699034 -0.0065636732933351954 0.6  0.3  0.0
0.6048379753565996  0.2574243488351332 -0.0024782574961982953 0.6  0.3  0.0
0.6029032601171441  0.25587124811374923 -0.0009317751289486126 0.6  0.3  0.0
0.6015394434681386  0.2546593110922996 -0.00017166105173647506 0.6  0.3  0.0
0.6007846311862728  0.2537291110735411 0.00022252670742306941 0.6  0.3  0.0
0.5981739462862881  0.2511052980504975 0.0007442927906846735 0.6  0.3  0.0
0.5967637468117448  0.2490424027085714 0.0011962582479998472 0.6  0.3  0.0
0.5975238637262508  0.24912727307503063 0.004580743088908428 0.6  0.3  0.0
0.5977355145395012  0.2476299167610347 0.0026007148469886924 0.6  0.3  0.0
0.5969348498865484  0.24549806371912278 0.0018819908850360562 0.6  0.3  0.0
0.5970471883705969  0.2441635635910638 0.001333919466221284 0.6  0.3  0.0
0.597999671150008  0.24350743671542296 0.000873591636425534 0.6  0.3  0.0
0.599717186894658  0.2434377980722055 0.0004630480683288333 0.6  0.3  0.0
0.5984258671260033  0.24001505920559793 0.00843477956125721 0.6  0.3  0.0
0.5996300698619066  0.23935202190795093 0.004667127032821205 0.6  0.3  0.0
0.6011852045023487  0.23916520832256127 0.0026312650603560004 0.6  0.3  0.0
0.6031966876341467  0.23945248775127606 0.0014525708409427076 0.6  0.3  0.0
0.6024959960953659  0.23784831015618976 0.0011686163727774811 0.6  0.3  0.0
0.6024588647883593  0.23691580026776493 0.0009324671755107106 0.6  0.3  0.0
0.6030646179083133  0.2366493870958094 0.0006577197079266902 0.6  0.3  0.0
0.6049440020696782  0.23881180315889067 0.007218012189085809 0.6  0.3  0.0
0.6022476792701718  0.23730101867721073 0.003514183359216167 0.6  0.3  0.0
0.6004400412183349  0.2365967238316524 0.0015480652273477673 0.6  0.3  0.0
0.5996094631964503  0.2365627269528445 0.00040593698194833056 0.6  0.3  0.0
0.5998115666864148  0.23709170682755118 -0.0003583652300086735 0.6  0.3  0.0
0.5982908045412104  0.23740885527984681 0.0024768536731667842 0.6  0.3  0.0
0.5966969601318997  0.23643127306356676 0.010560438523484558 0.6  0.3  0.0
0.598156377465033  0.23818466613480688 0.009040742485638934 0.6  0.3  0.0
0.6004325729351268  0.2400102327561235 0.0075512346614778365 0.6  0.3  0.0
0.6014857078797459  0.24247360233927343 0.004704183331754357 0.6  0.3  0.0
0.6036395066698973  0.24503178029125947 0.0025885117469940403 0.6  0.3  0.0
0.6068368647372158  0.24765132759143887 0.0012504549422652615 0.6  0.3  0.0
0.6109731168001846  0.2503365259020545 0.00038590886349214727 0.6  0.3  0.0
0.6134664586840213  0.25373658216079936 0.0005025687688677214 0.6  0.3  0.0
0.6169191565680316  0.25702141695338315 0.0004784968678086451 0.6  0.3  0.0
0.6187555816588844  0.26046175322787035 0.008166348721667513 0.6  0.3  0.0
0.62531867947971  0.26344676773858944 0.0038311893906633667 0.6  0.3  0.0
0.6296780555887976  0.26625674476193806 0.00669393338370625 0.6  0.3  0.0
0.6373334522636301  0.27135498480407266 0.0032320309805915007 0.6  0.3  0.0
0.6448846417241654  0.27564067926750024 0.001454983100849479 0.6  0.3  0.0
0.6524082389339546  0.279261640155683 0.000531416734694946 0.6  0.3  0.0
0.6566277850365139  0.2838929424031212 0.0013811711573419288 0.6  0.3  0.0
0.6483232968617761  0.28554900277223344 -0.016785028358573286 0.6  0.3  0.0
0.6417884769994928  0.28788495500179034 -0.027157397793213012 0.6  0.3  0.0
0.6361724303346435  0.2905835638463253 -0.0342186387320753 0.6  0.3  0.0
0.6338892611973136  0.29301989304528125 -0.037982648749212033 0.6  0.3  0.0
0.6270576487704326  0.28802813145302647 0.005101695623377096 0.6  0.3  0.0
0.6213276479186487  0.28380363252026275 0.039168337264723685 0.6  0.3  0.0
0.6161268327082607  0.28021129079118745 0.06621514794686113 0.6  0.3  0.0
0.6124186613376782  0.27616661335921 0.038532502486239045 0.6  0.3  0.0
0.6087569004373578  0.27228174660993704 0.017600135611772243 0.6  0.3  0.0
0.6050890270027638  0.2684246536260043 -0.0010496356822263068 0.6  0.3  0.0
0.6014206331166316  0.2645612963728301 -0.016929131513393664 0.6  0.3  0.0
0.5972811663541369  0.259672321112986 -0.015168692126804549 0.6  0.3  0.0
0.59334989735224  0.25488347410139434 -0.011559375530196966 0.6  0.3  0.0
0.5896746499936939  0.2502083379601297 -0.0061533481127652575 0.6  0.3  0.0
0.5862910080813579  0.24563262965334112 -0.0026584791907236214 0.6  0.3  0.0
0.5807898656966866  0.24194489487496235 -0.015098611876944985 0.6  0.3  0.0
0.5757689389134846  0.23848938801881606 -0.024648842140246145 0.6  0.3  0.0
0.5714283161514211  0.23519781098245757 -0.031443288481638756 0.6  0.3  0.0
0.5702575794277639  0.23179650670633262 -0.035364986919134575 0.6  0.3  0.0
0.5650926373814824  0.22759696622288625 -0.03255936938950135 0.6  0.3  0.0
0.5606848502428252  0.22378099289436762 -0.02849430549613723 0.6  0.3  0.0
0.5568824064997648  0.22030733066928393 -0.0230805867147587 0.6  0.3  0.0
0.5538522951754622  0.21965837663804022 -0.028390775788458934 0.6  0.3  0.0
0.5503185662167914  0.21515645918942614 -0.020410065082782668 0.6  0.3  0.0
0.5472536315868711  0.2113791367258427 -0.012292793532982025 0.6  0.3  0.0
0.5446451039731298  0.2081221604767576 -0.005949039751718825 0.6  0.3  0.0
0.5424852528909165  0.2052602529763099 -0.0021604148038898343 0.6  0.3  0.0
0.540236084531981  0.20306469225945153 -0.006447023151809355 0.6  0.3  0.0
0.5383873182711468  0.20128591814373042 -0.009447741946289313 0.6  0.3  0.0
0.536923340163052  0.19987007180880018 -0.011345497306303153 0.6  0.3  0.0
0.535825204232401  0.1987681850937455 -0.012348668210564726 0.6  0.3  0.0
0.5354124941031074  0.19687762593389552 -0.009099537648442176 0.6  0.3  0.0
0.5369496005509249  0.19410370188129403 -0.007834072612533258 0.6  0.3  0.0
0.5374410614665489  0.19309029160851648 -0.003561032506019437 0.6  0.3  0.0
0.5383289878935739  0.19225256859760467 -0.0012872484912981488 0.6  0.3  0.0
0.5391086333829628  0.19218785382905484 -0.008179758412080776 0.6  0.3  0.0
0.5387933595323238  0.19409579026797844 -0.020659530595507222 0.6  0.3  0.0
0.5405386037805338  0.19410728134790686 -0.026299184759519374 0.6  0.3  0.0
0.5422326684770019  0.1945565874481283 -0.031899226984406774 0.6  0.3  0.0
0.544232871988302  0.19539192874248074 -0.028639739372824973 0.6  0.3  0.0
0.5463498811056869  0.19649062446414856 -0.025546412829623253 0.6  0.3  0.0
0.5486061493344767  0.19781235874184458 -0.02253339338035875 0.6  0.3  0.0
0.5510025621188106  0.19942287754436067 -0.01984918944798046 0.6  0.3  0.0
0.5532675035058031  0.20223198379482024 -0.018492694207009955 0.6  0.3  0.0
0.5554285273931747  0.20516165995946742 -0.01763485389810826 0.6  0.3  0.0
0.5575233723602594  0.2081926714743266 -0.01719796666125827 0.6  0.3  0.0
0.5596006921235711  0.21133904177957297 -0.01669540457827182 0.6  0.3  0.0
0.5620738956491188  0.21213482187280255 -0.027752905543578205 0.6  0.3  0.0
0.5662837970121207  0.21666153230361127 -0.018270486782009165 0.6  0.3  0.0
0.5678719268156839  0.2219468377887881 -0.011431776164025121 0.6  0.3  0.0
0.5730095996916847  0.2256844271652445 -0.007885234544486912 0.6  0.3  0.0
0.5775649227407714  0.23011888261103264 -0.0065766502399283435 0.6  0.3  0.0
0.5822368043898424  0.23457805482831212 -0.0052963866619657775 0.6  0.3  0.0
0.5871510034616173  0.2390633205163098 -0.003930355033802881 0.6  0.3  0.0
0.5923697409815233  0.24358378906684594 -0.002531760954200786 0.6  0.3  0.0
0.5972908331171422  0.24882045837985042 -0.0016973956386708506 0.6  0.3  0.0
0.6026806406466918  0.2539594563429097 -0.001154696570478503 0.6  0.3  0.0
0.6084639257722164  0.25908969659942177 -0.0008972730510386673 0.6  0.3  0.0
0.6145770287589541  0.2642551452079487 -0.0008549438934149818 0.6  0.3  0.0
0.6199676543702141  0.26856795004055223 -4.556333113308285e-05 0.6  0.3  0.0
0.6260127936179899  0.2728468639271392 7.778541182566889e-05 0.6  0.3  0.0
0.632631323428251  0.27700463338634296 -0.0002108533576856739 0.6  0.3  0.0
0.6332037466847684  0.27810245486000845 -0.008151597610886152 0.6  0.3  0.0
0.6419313806512578  0.28299287028036163 -0.003579954729872637 0.6  0.3  0.0
0.6389540120302172  0.2791506490278583 -0.007889266809750353 0.6  0.3  0.0
0.6373686040381381  0.27645022426776145 -0.005861611476720119 0.6  0.3  0.0
0.635987995668607  0.2742750022171322 -0.0029641221200361464 0.6  0.3  0.0
0.6271486307501537  0.271719444486505 -0.022404267168987694 0.6  0.3  0.0
0.6196927673073646  0.26926781810984296 -0.031249959693209685 0.6  0.3  0.0
0.6130013996426034  0.26727427054508746 -0.03392255539392494 0.6  0.3  0.0
0.6070670900018981  0.26513034766663846 -0.03236006815562436 0.6  0.3  0.0
0.6063981840129443  0.2638108296989442 -0.028003281318203364 0.6  0.3  0.0
0.6060703359550369  0.262597275019973 -0.022883767298438187 0.6  0.3  0.0
0.6060919389112616  0.26167219563317246 -0.017815579441365244 0.6  0.3  0.0
0.6065370505751875  0.26101967462854264 -0.012610169794969036 0.6  0.3  0.0
0.6041330634261982  0.25912455099427506 -0.0063780409398076 0.6  0.3  0.0
0.6023129580055914  0.2577163208255744 -0.0030948934789022746 0.6  0.3  0.0
0.6010885898809235  0.2566064637400406 -0.001152326500374999 0.6  0.3  0.0
0.6004937736374404  0.2557498505899264 5.144713122274538e-05 0.6  0.3  0.0
0.5984194938111589  0.25331762840230454 0.0003676850623660198 0.6  0.3  0.0
0.5973840925255809  0.2514569799736107 0.0005035434384096089 0.6  0.3  0.0
0.5971275722411261  0.2501622742257971 0.0003881832278154841 0.6  0.3  0.0
0.5986918218677869  0.2509333862970666 0.0009737662658249162 0.6  0.3  0.0
0.5977574708680302  0.24842031528736896 0.0007725166492413777 0.6  0.3  0.0
0.597731434760097  0.24679467363161106 0.0006605362164174361 0.6  0.3  0.0
0.5970804962496526  0.24414537915815893 0.00811660332909038 0.6  0.3  0.0
0.5992631282589344  0.24438261377494166 0.004202992060864464 0.6  0.3  0.0
0.5987001556233257  0.24318829290230046 0.0020204595057038725 0.6  0.3  0.0
0.5987200029902684  0.24254483106805586 0.0008532027332701121 0.6  0.3  0.0
0.5993568346989728  0.24246442734532334 0.00020700197851478098 0.6  0.3  0.0
0.6005852126354178  0.24297266386403385 -0.00016885641584607675 0.6  0.3  0.0
0.60040060878901  0.24131786872254143 -6.054182559052223e-05 0.6  0.3  0.0
0.6008534714990976  0.24035056728302703 -0.00011828270098987012 0.6  0.3  0.0
0.6020497346597042  0.240034165147398 -0.00034536546542272763 0.6  0.3  0.0
0.60400795836196  0.24031956036168894 -0.0006931763032006215 0.6  0.3  0.0
0.6016449349485464  0.24161143276847719 0.010573531495396015 0.6  0.3  0.0
0.6008634863261925  0.24126534234308872 0.005590930202397582 0.6  0.3  0.0
0.6009422590477416  0.24167965782249828 0.0028879632688765234 0.6  0.3  0.0
0.6004531054748768  0.24069690811316502 0.005938785803470794 0.6  0.3  0.0
0.6000745557763578  0.2422795499720519 0.003185457796229523 0.6  0.3  0.0
0.6005826127571473  0.24406651438823138 0.0016767146616998173 0.6  0.3  0.0
0.6021015298532927  0.24609828967433184 0.0007494220303404901 0.6  0.3  0.0
0.6046571551006561  0.24836334423493783 0.00010674094275956575 0.6  0.3  0.0
0.6067868596312183  0.25069240947914917 0.0012135678973370385 0.6  0.3  0.0
0.6099620226926336  0.2531321378651846 0.0013210888863218544 0.6  0.3  0.0
0.6140890151983522  0.25563222700623267 0.001201612781461416 0.6  0.3  0.0
0.6190417096560038  0.2582201013956459 0.0010186651471683185 0.6  0.3  0.0
0.6215683895619322  0.2620235301917143 0.00023344675591817539 0.6  0.3  0.0
0.6250149741556352  0.2656604092334964 -0.00030989812015277496 0.6  0.3  0.0
0.6273864872876364  0.2671330146108541 0.000985586870621257 0.6  0.3  0.0
0.633061812803024  0.27096313765578733 -0.0007149659550399596 0.6  0.3  0.0
0.6364441621291156  0.2763607083130832 0.005084546142262478 0.6  0.3  0.0
0.644160483136403  0.2810597265393038 0.0024246382944584813 0.6  0.3  0.0
0.6516147502480532  0.2851201648713564 0.00112757370357931 0.6  0.3  0.0
0.6589143432366286  0.28859861907561607 0.00048308839112834456 0.6  0.3  0.0
0.6625805513083762  0.29270576786336827 0.0007828206274378847 0.6  0.3  0.0
0.6523108703346749  0.2938610383434807 -0.01946812166751983 0.6  0.3  0.0
0.6442120184152075  0.2959133916621327 -0.03329494146683994 0.6  0.3  0.0
0.6361700849727894  0.29752740068491007 -0.03850484627310107 0.6  0.3  0.0
0.6281385846785108  0.29221902347647183 -0.0023942619712972943 0.6  0.3  0.0
0.6211368684894398  0.2883404413240636 0.02241756064128382 0.6  0.3  0.0
0.6147414979934595  0.28434062065215715 0.04520430236754351 0.6  0.3  0.0
0.6089495688042504  0.280655677947462 0.06395851811311581 0.6  0.3  0.0
0.6063750508755537  0.2764209372953475 0.03200267486697153 0.6  0.3  0.0
0.6038957459572544  0.27230488863640795 0.00834847916127628 0.6  0.3  0.0
0.6014723754248141  0.2682304411266725 -0.012118434667428457 0.6  0.3  0.0
0.5990495065780388  0.26421369456027866 -0.029548235401691648 0.6  0.3  0.0
0.5950570090791102  0.2594710640523594 -0.025758296752192673 0.6  0.3  0.0
0.5913234373179443  0.25491459460176036 -0.020443161222337403 0.6  0.3  0.0
0.587905331246135  0.2505507680329698 -0.01357353574722165 0.6  0.3  0.0
0.5848528770033062  0.246520870561769 -0.006606078163337969 0.6  0.3  0.0
0.5807525887062303  0.24293372250542547 -0.017698019074284508 0.6  0.3  0.0
0.5773557154854434  0.23948562082805794 -0.026153997666046723 0.6  0.3  0.0
0.5743687882811688  0.2362417126223974 -0.03195897284412265 0.6  0.3  0.0
0.5717555595149237  0.23319565889437935 -0.03522696681762691 0.6  0.3  0.0
0.5684155550797042  0.22930335979654218 -0.032004484506945916 0.6  0.3  0.0
0.5677664691108322  0.2275055194226411 -0.03915196206854871 0.6  0.3  0.0
0.5650644955637251  0.2237360345955649 -0.028319262921206116 0.6  0.3  0.0
0.5628657291175639  0.22055327572228076 -0.017782119071089585 0.6  0.3  0.0
0.5600026266118272  0.21708173351081408 -0.0164667894544576 0.6  0.3  0.0
0.5576019537035197  0.21413415487631887 -0.014085311920389719 0.6  0.3  0.0
0.555639168213111  0.21162883678188907 -0.010548190321196534 0.6  0.3  0.0
0.5541000774177698  0.20948472504585447 -0.005959781915489499 0.6  0.3  0.0
0.5517467933564862  0.20749926931062407 -0.0069230316256286084 0.6  0.3  0.0
0.5498413586247306  0.2059300120847011 -0.006664081418161374 0.6  0.3  0.0
0.5483747933423926  0.20473271565636594 -0.005432099098272678 0.6  0.3  0.0
0.5473338570463477  0.20386295462571408 -0.003493015944644291 0.6  0.3  0.0
0.5468872813650129  0.20292380385358227 -0.004984131021343522 0.6  0.3  0.0
0.5468879217139466  0.2023285610862361 -0.005432752288130555 0.6  0.3  0.0
0.5461170801821121  0.20396570758742066 -0.013615495981398105 0.6  0.3  0.0
0.5485093298109235  0.20188830876792987 -0.015516265523192978 0.6  0.3  0.0
0.5486825322422987  0.20258222122581154 -0.015728757605453537 0.6  0.3  0.0
0.5491539065622607  0.20352706948086874 -0.017542263477897106 0.6  0.3  0.0
0.5499442982188036  0.20471175571960532 -0.020235115746491384 0.6  0.3  0.0
0.5510559603014271  0.20611284454907502 -0.023389891662360416 0.6  0.3  0.0
0.5540183853231153  0.207885105409087 -0.020801049646478453 0.6  0.3  0.0
0.5571494865715151  0.20981051408921378 -0.018307051011430125 0.6  0.3  0.0
0.560434099725867  0.21197790525684324 -0.016068744263176168 0.6  0.3  0.0
0.5638548610012202  0.21433460595679235 -0.013972011348482305 0.6  0.3  0.0
0.5661325689113108  0.21826778231388663 -0.014117512089738393 0.6  0.3  0.0
0.5684799068001886  0.222321483833395 -0.014143344996171495 0.6  0.3  0.0
0.5710486822875537  0.22643205235642536 -0.014092449313536797 0.6  0.3  0.0
0.5737361755750418  0.23059663709085512 -0.014162255837568707 0.6  0.3  0.0
0.5752379482265505  0.23570723228473497 -0.008867073164976109 0.6  0.3  0.0
0.5807237561256157  0.23949107328100608 -0.004714350392156248 0.6  0.3  0.0
0.584708947828085  0.24013808892513738 -0.014205327183217712 0.6  0.3  0.0
0.5910219422022495  0.24501432405555057 -0.006340840305272105 0.6  0.3  0.0
0.595491560290293  0.2508950595124296 -0.003773574338585643 0.6  0.3  0.0
0.6001781757481914  0.2565351472521727 -0.002607101055121094 0.6  0.3  0.0
0.605179758212445  0.2620508508458098 -0.0021854007324429194 0.6  0.3  0.0
0.6105332560068404  0.26750892909233664 -0.0020906574406320726 0.6  0.3  0.0
0.6156422775653548  0.27238143825167643 -0.0008784221248827064 0.6  0.3  0.0
0.621317036260974  0.2772779126058483 -0.0004408148823695314 0.6  0.3  0.0
0.6275042523018997  0.2820544233086144 -0.0005345618844620368 0.6  0.3  0.0
0.6341307578130054  0.28668798759786984 -0.0009330019598348271 0.6  0.3  0.0
0.6359018752555927  0.2905819922091064 0.00464674074008193 0.6  0.3  0.0
0.6427973453216986  0.29424169253217164 0.002058606798136055 0.6  0.3  0.0
0.6382701831290043  0.28997409965849175 -0.010669250564224624 0.6  0.3  0.0
0.6356379525297177  0.2873979684961056 -0.01670353160416852 0.6  0.3  0.0
0.6345311311995031  0.2832592275996245 -0.01416403935785083 0.6  0.3  0.0
0.6338407723229095  0.2796783324567175 -0.007401757222927204 0.6  0.3  0.0
0.6276336036170712  0.27727964700623653 -0.025001614370813503 0.6  0.3  0.0
0.622404264953292  0.27436734534364965 -0.03160640169219091 0.6  0.3  0.0
0.6191612924599491  0.2729738235556063 -0.030847862438269296 0.6  0.3  0.0
0.6163913279275138  0.2716750106460911 -0.026974933944735536 0.6  0.3  0.0
0.6140532360362283  0.2704939258185206 -0.021588916343306463 0.6  0.3  0.0
0.6121582387645187  0.2694572314596411 -0.015296486333233793 0.6  0.3  0.0
0.6105275917641306  0.2678254174739137 -0.008393640263887638 0.6  0.3  0.0
0.6093749769771265  0.2665378202712684 -0.0040795703149758295 0.6  0.3  0.0
0.6087787433159952  0.2660318205972428 -0.0024599816650966565 0.6  0.3  0.0
0.6086762031591763  0.26578741676363415 -0.001541528476637525 0.6  0.3  0.0
0.605099830547383  0.26342501154901277 0.0015715209459881904 0.6  0.3  0.0
0.6022943767754293  0.2616351700364621 0.0036266646196385 0.6  0.3  0.0
0.6007091792863254  0.26032349685777023 0.005988130847219253 0.6  0.3  0.0
0.5998326695931894  0.25947307001126757 0.007659647061526538 0.6  0.3  0.0
0.599981803309598  0.2589561215033892 0.010654089871830003 0.6  0.3  0.0
0.5997828432489072  0.2573014065845068 0.006111621978624716 0.6  0.3  0.0
0.6004147831002346  0.256494477136159 0.0031733953357456226 0.6  0.3  0.0
0.6004870298823455  0.2544427900367319 0.006835607018037903 0.6  0.3  0.0
0.599334646785266  0.2540231453106989 0.003630201017447531 0.6  0.3  0.0
0.5987594755304916  0.25408216556486357 0.0018646653952899873 0.6  0.3  0.0
0.5988237288836343  0.2546520935432637 0.0008779392903433849 0.6  0.3  0.0
0.5995520031607714  0.2557324525894567 0.0002743920649461701 0.6  0.3  0.0
0.6004336488197157  0.254088046585728 0.0005802612383248309 0.6  0.3  0.0
0.6018671145523523  0.253182294836711 0.0005652730624130713 0.6  0.3  0.0
0.6038848911284502  0.2529694939666182 0.00028853432431222184 0.6  0.3  0.0
0.6064409057305727  0.25341762019531 -0.00018475399792667295 0.6  0.3  0.0
0.604383593168984  0.2545085370157448 0.012811747021667355 0.6  0.3  0.0
0.6030502542040344  0.25421201520228703 0.010140348475778785 0.6  0.3  0.0
0.6026329152716414  0.2547017888913451 0.007584178344582651 0.6  0.3  0.0
0.6029886718625808  0.2558654601842567 0.0049729122264143095 0.6  0.3  0.0
0.6001406893036904  0.25417197833584015 0.010004438634004843 0.6  0.3  0.0
0.6000700716789199  0.2554370618998709 0.005321901043400908 0.6  0.3  0.0
0.6007910611774562  0.25693727664100163 0.0026383111188077305 0.6  0.3  0.0
0.6023691452026375  0.25870665769474277 0.0010131240378771183 0.6  0.3  0.0
0.6018544018594804  0.26107964426133456 0.0032012056060955222 0.6  0.3  0.0
0.6024236370485581  0.26369507669037345 0.004421897422057864 0.6  0.3  0.0
0.604023059095827  0.2665023199858614 0.0048240210740828965 0.6  0.3  0.0
0.6065601795958963  0.2694447352535606 0.004642083695353605 0.6  0.3  0.0
0.6081718130790568  0.2730050441424582 0.00272972404913315 0.6  0.3  0.0
0.6107171082328209  0.2765724424170403 0.0015246204440316046 0.6  0.3  0.0
0.6140585311904114  0.279880336104101 0.0004421020373379639 0.6  0.3  0.0
0.6165273273186539  0.2809972329008792 0.0008142993853234412 0.6  0.3  0.0
0.6188415762459833  0.2866999664267493 0.002968224308771629 0.6  0.3  0.0
0.6253218360283507  0.2917104793748814 0.0005848460280406145 0.6  0.3  0.0
0.6316336622733877  0.29621828618440793 -0.00029545913241496124 0.6  0.3  0.0
0.6379122465125266  0.3002956076926529 -0.0005802571886668474 0.6  0.3  0.0
0.6441300891164649  0.30544648367709726 0.00039038251540036745 0.6  0.3  0.0
0.650518875580139  0.3098075677172754 0.0007996344138483428 0.6  0.3  0.0
0.6569364011419357  0.3134275212506926 0.0009180739450851184 0.6  0.3  0.0
0.6524132183263486  0.31416094869516653 -0.01513736148577041 0.6  0.3  0.0
0.645281184920516  0.3147150106124075 -0.029933558029910937 0.6  0.3  0.0
0.6340480912475536  0.30808123209463834 0.011956246650444462 0.6  0.3  0.0
0.6243517895431523  0.30332695684522715 0.04069835594864192 0.6  0.3  0.0
0.6157608801819202  0.2986903050797631 0.06566244495867539 0.6  0.3  0.0
0.6142985353488197  0.29414988981632995 0.04131973230761993 0.6  0.3  0.0
0.6130743112245483  0.2897540643517936 0.020010183311447546 0.6  0.3  0.0
0.6117596258677099  0.285460934822676 0.0049303202351875 0.6  0.3  0.0
0.6103171007182969  0.2811841691713509 -0.007835025972950035 0.6  0.3  0.0
0.6049434857105412  0.2759471185375867 -0.01131956806568337 0.6  0.3  0.0
0.5997482089010587  0.27085538325120034 -0.012812647367209702 0.6  0.3  0.0
0.5947899199779436  0.2659155595058205 -0.012268381818513563 0.6  0.3  0.0
0.5901213830646814  0.26113128756735865 -0.009676896490935366 0.6  0.3  0.0
0.586098039349416  0.25661532569580864 -0.016410635515935038 0.6  0.3  0.0
0.5823799393597736  0.2523593095112316 -0.020636372493586665 0.6  0.3  0.0
0.5789931377263275  0.24834810974384536 -0.022351478781790612 0.6  0.3  0.0
0.5762741570787656  0.244452701704422 -0.0213105886975314 0.6  0.3  0.0
0.571973464760767  0.24020391670174157 -0.022182787281854542 0.6  0.3  0.0
0.5706926505489935  0.23613848017005526 -0.01975091183900831 0.6  0.3  0.0
0.5668805518427541  0.2324615676857026 -0.016128183948649857 0.6  0.3  0.0
0.5639021582717991  0.23165856114896982 -0.025563864502404644 0.6  0.3  0.0
0.5601088587157671  0.2267502475407309 -0.015333298910445126 0.6  0.3  0.0
0.5568249202244064  0.22258351030376736 -0.007485637648938323 0.6  0.3  0.0
0.5540122777052042  0.21894747049577087 -0.0029137632068608633 0.6  0.3  0.0
0.5516550713234506  0.2157343998897597 0.0018468078414818814 0.6  0.3  0.0
0.5496376155874492  0.21267938328797711 -0.0023205847065849335 0.6  0.3  0.0
0.5480422019677511  0.2100789741247015 -0.005085703209132933 0.6  0.3  0.0
0.5468318166098189  0.20788344524907645 -0.006664914382250381 0.6  0.3  0.0
0.5459875567141877  0.20604253334912206 -0.007247775348536185 0.6  0.3  0.0
0.5450075785599201  0.20416489083136785 -0.006214072162847069 0.6  0.3  0.0
0.5444451686591528  0.20265910641807963 -0.00438267268471157 0.6  0.3  0.0
0.5442807219247947  0.2014789670841337 -0.0026212590659400806 0.6  0.3  0.0
0.5459149877209597  0.1994466041237189 -0.0019508512773002656 0.6  0.3  0.0
0.5458243023665424  0.1991768199658799 -0.007446356915594964 0.6  0.3  0.0
0.5448101665965854  0.20105057480606314 -0.02231177785872096 0.6  0.3  0.0
0.5459492704478257  0.20067099542286707 -0.026459441679206053 0.6  0.3  0.0
0.5471606126168671  0.20076659905966845 -0.031475441537339034 0.6  0.3  0.0
0.5482666838424053  0.2016960935206186 -0.0276243195800993 0.6  0.3  0.0
0.549578392751301  0.20283853636523244 -0.02390720903856182 0.6  0.3  0.0
0.5511127843103297  0.2041481288098688 -0.020260885500831452 0.6  0.3  0.0
0.5528692910895864  0.20572096004786153 -0.0169422878191482 0.6  0.3  0.0
0.5551545299258545  0.2088546289423174 -0.019990038678356845 0.6  0.3  0.0
0.5576272599565619  0.21202892679191981 -0.02272930553525932 0.6  0.3  0.0
0.5601470028706665  0.21526923116737604 -0.0251701436294016 0.6  0.3  0.0
0.562700883138486  0.21856120403948884 -0.027288247864663277 0.6  0.3  0.0
0.5657050402412693  0.22218483037830916 -0.019999451170055423 0.6  0.3  0.0
0.568692180012444  0.22578460567224862 -0.013286033307398682 0.6  0.3  0.0
0.5711753294233698  0.22632826913705367 -0.018878213526082457 0.6  0.3  0.0
0.573158112811563  0.2317949368248529 -0.009244459151646968 0.6  0.3  0.0
0.5787354596839202  0.23632734336028635 -0.007962245095110886 0.6  0.3  0.0
0.5842962978528742  0.24078946896346062 -0.007972398766023233 0.6  0.3  0.0
0.5899964726660012  0.2451977922878887 -0.008548559836516003 0.6  0.3  0.0
0.5959281156492959  0.24962793289292232 -0.009676096767993874 0.6  0.3  0.0
0.6006317796675169  0.25434983003863326 -0.004998060337779985 0.6  0.3  0.0
0.6057001217506788  0.2590681603868918 -0.0023888081894677593 0.6  0.3  0.0
0.6111153974671397  0.263814780205982 -0.0009832723694308417 0.6  0.3  0.0
0.6168377626246541  0.2686068928736733 -0.00027375863392369514 0.6  0.3  0.0
0.622329445864259  0.2727100408556446 -0.00028034603643217423 0.6  0.3  0.0
0.6285113370471223  0.27672526826919447 -0.0007458988954299737 0.6  0.3  0.0
0.6352942027549466  0.28075951582665254 -0.0016045918114747384 0.6  0.3  0.0
0.6386937553689499  0.2853430157912528 0.0018297810842816463 0.6  0.3  0.0
0.6459806771565114  0.2884565506515173 0.00034657875254083927 0.6  0.3  0.0
0.6404533021473742  0.28184358339884585 -0.019870347914086015 0.6  0.3  0.0
0.6395402537526672  0.27878058844214887 -0.017035061528047676 0.6  0.3  0.0
0.6388023477032411  0.2761740433359814 -0.012096337666957408 0.6  0.3  0.0
0.6305147012166566  0.27334062221536265 -0.030931491073380644 0.6  0.3  0.0
0.6234523874324048  0.270509432103169 -0.038805523383791896 0.6  0.3  0.0
0.6170406862108921  0.2679672474056858 -0.040995794615217664 0.6  0.3  0.0
0.6112037434630819  0.26542054725801784 -0.03880100648243767 0.6  0.3  0.0
0.6103997318270168  0.26427805963933854 -0.03333349884783113 0.6  0.3  0.0
0.6099552061407726  0.26328036128594695 -0.02728321365212321 0.6  0.3  0.0
0.6098676293708715  0.26251621611109943 -0.021299889536234372 0.6  0.3  0.0
0.6102472063270133  0.26203768074280337 -0.01528478272062846 0.6  0.3  0.0
0.6077601589314128  0.26017809209258935 -0.007830889287875472 0.6  0.3  0.0
0.6058267496208829  0.25866446161813994 -0.0036051070802879852 0.6  0.3  0.0
0.6044683107720072  0.25743335655769434 -0.0011557431040455607 0.6  0.3  0.0
0.6037208873401984  0.2564974558710917 0.0003672419716602166 0.6  0.3  0.0
0.601019390129425  0.25416197267466123 0.0003487552211606057 0.6  0.3  0.0
0.5995506081492381  0.2523568613382408 0.00037119908771219234 0.6  0.3  0.0
0.5988841334209941  0.25111703117676687 0.00017055024039651367 0.6  0.3  0.0
0.6001894184344841  0.25191490340100353 0.0006388980337545523 0.6  0.3  0.0
0.5977658548491686  0.2479545980338734 0.008990649492818772 0.6  0.3  0.0
0.5979735865820395  0.24695034276118458 0.00592776699628567 0.6  0.3  0.0
0.5988155631074956  0.24650409841205798 0.003368697144861141 0.6  0.3  0.0
0.6002791737228859  0.2465627374978646 0.0018764507933473978 0.6  0.3  0.0
0.5999264296361984  0.24509978261314003 0.001178200067734612 0.6  0.3  0.0
0.6002302075990936  0.24429266001251276 0.0007256121381266832 0.6  0.3  0.0
0.6011484368183657  0.24413688534775466 0.0004074946023020848 0.6  0.3  0.0
0.6026564653208818  0.24459729725684537 0.00013869802605191017 0.6  0.3  0.0
0.601627869402207  0.24296824363881878 0.0004469026259775146 0.6  0.3  0.0
0.6012493412074058  0.24205530894052568 0.0004685668812518304 0.6  0.3  0.0
0.6016373871409948  0.24181352495002864 0.00025867350306202027 0.6  0.3  0.0
0.6028055646333522  0.2421939059951594 -9.10540163161943e-05 0.6  0.3  0.0
0.6006893431374255  0.24345183418329924 0.01140343543050269 0.6  0.3  0.0
0.5987594827857479  0.2412712990062944 0.01396608529627176 0.6  0.3  0.0
0.5994937316801722  0.2423317664327025 0.007192718995081407 0.6  0.3  0.0
0.6008461394237592  0.2437147174359494 0.003538005776511754 0.6  0.3  0.0
0.599281341853387  0.24477360027479794 0.0032622163848515084 0.6  0.3  0.0
0.5987982687459021  0.24621065295582134 0.002388396039711933 0.6  0.3  0.0
0.5994377130778059  0.24798974724459158 0.0016104605386791852 0.6  0.3  0.0
0.6011731983590973  0.2500539441303917 0.0009983677326247157 0.6  0.3  0.0
0.6027750637493688  0.25262919966426883 0.0008412925699370593 0.6  0.3  0.0
0.6054802468519384  0.2553594669498159 0.0005717592763741623 0.6  0.3  0.0
0.609183238971575  0.2581806060805171 0.00028465684570349085 0.6  0.3  0.0
0.6137518804165231  0.26107852956645855 3.2631717562035323e-05 0.6  0.3  0.0
0.6143427557341211  0.2627545014580668 0.004304019290420851 0.6  0.3  0.0
0.6182155991616483  0.26691320179033184 0.0020807636852331456 0.6  0.3  0.0
0.6225253473256622  0.27063160373579914 0.0009526375437683909 0.6  0.3  0.0
0.6272563058721259  0.2740138669328024 0.00041963523410570413 0.6  0.3  0.0
0.6306971599520634  0.27921315539835606 0.004212981669574246 0.6  0.3  0.0
0.6384933228232617  0.2839571301202626 0.0014731064482475876 0.6  0.3  0.0
0.6460912679334375  0.2881412695439588 0.0001392814469820614 0.6  0.3  0.0
0.653544106686832  0.29179488538984605 -0.0004960025224521063 0.6  0.3  0.0
0.6577450039577516  0.2961298084905351 0.0018290668320116263 0.6  0.3  0.0
0.6492250653150125  0.297519168141012 -0.014667382031396038 0.6  0.3  0.0
0.6418574118839812  0.2985553507631903 -0.019410962233017987 0.6  0.3  0.0
0.6365834968834505  0.30151948495037667 -0.028823199558666128 0.6  0.3  0.0
0.6286871867823962  0.29612196510865324 0.010370011639244739 0.6  0.3  0.0
0.6219991340641098  0.2922174943382428 0.0369060750872376 0.6  0.3  0.0
0.6160693486374224  0.28822412997380875 0.060098452532583946 0.6  0.3  0.0
0.6105632177185146  0.28449556463598746 0.07905546665122176 0.6  0.3  0.0
0.6079774113118014  0.27999231239050426 0.047039233707814786 0.6  0.3  0.0
0.6053676650693325  0.2756114164183932 0.021873630307731942 0.6  0.3  0.0
0.6027100183516347  0.2712879067320753 0.000661087437537837 0.6  0.3  0.0
0.6000204540978421  0.2670104895460072 -0.017389547291038938 0.6  0.3  0.0
0.5958133290244086  0.2621782857830043 -0.016296467485035618 0.6  0.3  0.0
0.5918098744652661  0.2574991229551644 -0.013333750093914968 0.6  0.3  0.0
0.5880616426073415  0.25298048545394386 -0.008505759678699227 0.6  0.3  0.0
0.5846232336959325  0.248889775266702 -0.003929333974840601 0.6  0.3  0.0
0.5798511257736887  0.2449109369246532 -0.015229848978380249 0.6  0.3  0.0
0.5757198563467831  0.24117389201910588 -0.023626794100593707 0.6  0.3  0.0
0.574722136499518  0.23741219135024777 -0.02847337839729675 0.6  0.3  0.0
0.5709255709574396  0.23387862048191457 -0.03079261031417534 0.6  0.3  0.0
0.566499919919217  0.2296876425579257 -0.028201390791638376 0.6  0.3  0.0
0.5626626653163496  0.22588087353419262 -0.024185072754523758 0.6  0.3  0.0
0.5596756098137929  0.22487602305483134 -0.031424141756624904 0.6  0.3  0.0
0.556780317753036  0.2210739486291787 -0.021670880771151216 0.6  0.3  0.0
0.5537000959382319  0.21705311721789 -0.01669226727896622 0.6  0.3  0.0
0.5510592297757668  0.21362326043553453 -0.01097861042780463 0.6  0.3  0.0
0.548859876461358  0.21064311963095575 -0.005587426316607597 0.6  0.3  0.0
0.5470699818374688  0.20801523534266494 -0.0023015337612465885 0.6  0.3  0.0
0.544433396821843  0.2057340017086344 -0.0051418462064801666 0.6  0.3  0.0
0.5422262423359469  0.20387076600184162 -0.006800114792013914 0.6  0.3  0.0
0.5404358518786689  0.20237777209348054 -0.007498696376021912 0.6  0.3  0.0
0.5390458172054172  0.20120920140498616 -0.007475956242880105 0.6  0.3  0.0
0.5404155306029187  0.19838884578729254 -0.008512129663757816 0.6  0.3  0.0
0.5406952746303125  0.1974461460145169 -0.004448907592973592 0.6  0.3  0.0
0.5413918749590353  0.19667408125868058 -0.00222388764879112 0.6  0.3  0.0
0.5424349160706333  0.19609656490087263 -0.0010228968514771268 0.6  0.3  0.0
0.5418101334794483  0.19776280168681226 -0.014090957942756973 0.6  0.3  0.0
0.5431767963945996  0.19748319064322242 -0.01870397018792327 0.6  0.3  0.0
0.5445782081185861  0.19768791438880856 -0.0235671368658435 0.6  0.3  0.0
0.5460802248900372  0.19823356802921982 -0.02845186311453265 0.6  0.3  0.0
0.548491511730891  0.19936701614774138 -0.025938629148475726 0.6  0.3  0.0
0.5510570145574128  0.2007147164243611 -0.023381551216643946 0.6  0.3  0.0
0.5537728963817729  0.2023549361844379 -0.021035437512893673 0.6  0.3  0.0
0.5566266885120105  0.20420703048369981 -0.0188426358440479 0.6  0.3  0.0
0.5587544628071679  0.20740235367456966 -0.018594223676508065 0.6  0.3  0.0
0.561022507797365  0.21067762059264994 -0.01834650702617627 0.6  0.3  0.0
0.563048620858837  0.21407687651022608 -0.018592760038347297 0.6  0.3  0.0
0.5647502017688718  0.214709457672727 -0.029923729799375104 0.6  0.3  0.0
0.5682896991514153  0.21992141492222597 -0.02029382425404032 0.6  0.3  0.0
0.5719116005828765  0.22478211170033352 -0.013194634040528274 0.6  0.3  0.0
0.5730431608771562  0.23058264697078532 -0.007412239459769467 0.6  0.3  0.0
0.5781065860368471  0.23494095627670994 -0.004115801630024441 0.6  0.3  0.0
0.582421456889338  0.2394072163871133 -0.002558564164840374 0.6  0.3  0.0
0.5871105386715971  0.2438660687954453 -0.0015536634071919857 0.6  0.3  0.0
0.59214635189906  0.24831940362491645 -0.0009229077393677071 0.6  0.3  0.0
0.5975077640186273  0.2527776934037647 -0.0005372550810971989 0.6  0.3  0.0
0.6022236501723361  0.2582054388322476 -0.0005780392286337469 0.6  0.3  0.0
0.6075075278325367  0.2636060673994254 -0.0006590600418278979 0.6  0.3  0.0
0.613308968706511  0.2690336423154628 -0.0008276980981562057 0.6  0.3  0.0
0.6195609322472513  0.27450803466182344 -0.001088213351782414 0.6  0.3  0.0
0.6252692861439796  0.2780353823895955 -0.0005695929887642035 0.6  0.3  0.0
0.6316461138378646  0.2815884742795989 -0.000383931094839821 0.6  0.3  0.0
0.6360772051904161  0.28204490943085037 -0.015262323621339446 0.6  0.3  0.0
0.6411806080554879  0.28668539525483755 -0.0015421843331728784 0.6  0.3  0.0
0.6380030341062126  0.28162848693092635 -0.01268175396287098 0.6  0.3  0.0
0.6360107323248738  0.2775874027795521 -0.01568422804496236 0.6  0.3  0.0
0.6341688153987233  0.2739698971139204 -0.014464743246809571 0.6  0.3  0.0
0.6280522543349241  0.2713156996269177 -0.034062929415563444 0.6  0.3  0.0
0.6230016187974393  0.2693424069981897 -0.037416040480634974 0.6  0.3  0.0
0.618659358449362  0.2675511103502414 -0.034443768619347545 0.6  0.3  0.0
0.6148283768424317  0.2657961738368478 -0.028058559270901104 0.6  0.3  0.0
0.6116080981982231  0.26414124385544924 -0.01965982007343317 0.6  0.3  0.0
0.6096380036888054  0.2626733047576672 -0.018121741415588425 0.6  0.3  0.0
0.6080685103010435  0.26146518571186883 -0.016293910667367833 0.6  0.3  0.0
0.6070211129514789  0.2605828924191252 -0.014162403428190445 0.6  0.3  0.0
0.6064649337314494  0.2599264976907528 -0.012089527843085344 0.6  0.3  0.0
0.6037283868246279  0.258013344237132 -0.006051511543796068 0.6  0.3  0.0
0.6015996181409319  0.2564878567113462 -0.002558683673797941 0.6  0.3  0.0
0.6002685090398416  0.2553358977903521 -0.0005362916385214917 0.6  0.3  0.0
0.5998788722444478  0.2545294891505066 0.0018153378674511623 0.6  0.3  0.0
0.5978457025007471  0.25247293664963544 0.0014744579669447788 0.6  0.3  0.0
0.5966365521174297  0.2510605170797075 0.0010309994571055575 0.6  0.3  0.0
0.5974683423853394  0.25168276654568034 0.0015433682650685693 0.6  0.3  0.0
0.5978654937223309  0.25096110578886427 0.00022021268571720048 0.6  0.3  0.0
0.5963507240984612  0.24743617018284178 0.008107993637332982 0.6  0.3  0.0
0.597443701577341  0.24702376318315472 0.0043236643925385065 0.6  0.3  0.0
0.5990367079974923  0.24707105340116348 0.0022266592007252166 0.6  0.3  0.0
0.6011762505503228  0.24759140850970648 0.0010092131297295879 0.6  0.3  0.0
0.6005066865497168  0.24627473072817813 0.000980834690242314 0.6  0.3  0.0
0.600483235686518  0.24561869013447393 0.0008780664693850491 0.6  0.3  0.0
0.6010618920692361  0.2456419292253298 0.000736575983543028 0.6  0.3  0.0
0.6022925936306398  0.246256407233556 0.0004877106913696904 0.6  0.3  0.0
0.6009085098237619  0.24507013360508859 0.00022788456692357132 0.6  0.3  0.0
0.6003412113458992  0.2445881074957207 -8.203448837113653e-05 0.6  0.3  0.0
0.6011224191499113  0.24645398710104896 0.005557041012621352 0.6  0.3  0.0
0.6028649695485675  0.24692660079252834 0.0012743971042792103 0.6  0.3  0.0
0.5997421768398118  0.24655237220514162 0.0010254598483526289 0.6  0.3  0.0
0.5964552825368418  0.2448992180166446 0.007449454460629708 0.6  0.3  0.0
0.5960927739751294  0.24634572506752073 0.003950963688832581 0.6  0.3  0.0
0.596543408493273  0.24799169061650328 0.0020288853391563387 0.6  0.3  0.0
0.5958640265807884  0.2494399682243361 0.00196712535925669 0.6  0.3  0.0
0.5962768669033487  0.25121400847848413 0.0015498398281717227 0.6  0.3  0.0
0.5977748095229785  0.25328045599048377 0.0011591614021236644 0.6  0.3  0.0
0.6002918776530464  0.2555849372004696 0.0008027904519623202 0.6  0.3  0.0
0.6017163963961301  0.25841716111026375 0.0015288778174272733 0.6  0.3  0.0
0.6042094937152197  0.2613317351036991 0.0014318473559594479 0.6  0.3  0.0
0.607664260932662  0.264442380564537 0.001238232612057175 0.6  0.3  0.0
0.6119297899721248  0.26757526466613024 0.0010716954915048135 0.6  0.3  0.0
0.613444574379765  0.2699371282152476 0.0023365928830138866 0.6  0.3  0.0
0.6159850073407794  0.2750213816903614 0.0023943448449059955 0.6  0.3  0.0
0.6226475741953049  0.2794124962352192 -0.003941454536346914 0.6  0.3  0.0
0.6289528193811273  0.28316488911581134 -0.006280634816653738 0.6  0.3  0.0
0.6347759208925784  0.28824574079799287 -0.002618915823236383 0.6  0.3  0.0
0.6408605870850663  0.2926421409439138 -0.0005790483690723313 0.6  0.3  0.0
0.6471832144719784  0.29640793223452866 0.0007363492103069364 0.6  0.3  0.0
0.6536302162144294  0.29959578178837026 0.0014466394610779326 0.6  0.3  0.0
0.6449790372977136  0.30123911271587456 -0.023511142448655584 0.6  0.3  0.0
0.6381778066657704  0.3036758930842808 -0.04282078701424798 0.6  0.3  0.0
0.6310149842817225  0.30536004672083983 -0.05279074854092346 0.6  0.3  0.0
0.6195529224107689  0.30009125017770255 -0.009679358653095674 0.6  0.3  0.0
0.6148058504014768  0.2954561450884285 0.0027537664985000515 0.6  0.3  0.0
0.6108402573754382  0.2918527185667213 0.007149061048933923 0.6  0.3  0.0
0.6068718648170307  0.28802622986306553 0.012449925460695012 0.6  0.3  0.0
0.6033696396121361  0.2842445132753517 0.0174464013156737 0.6  0.3  0.0
0.5999385704124228  0.27992562358163214 0.0008512800641241429 0.6  0.3  0.0
0.5967171434853369  0.27569339185199354 -0.01325928269775088 0.6  0.3  0.0
0.5934702398155335  0.2716678225001889 -0.027154945650360036 0.6  0.3  0.0
0.5902796793071149  0.2676658786794766 -0.03807182822007876 0.6  0.3  0.0
0.5861159169378932  0.26272248097187234 -0.036303994441761876 0.6  0.3  0.0
0.5822207862124118  0.2580079579297539 -0.03267853196707978 0.6  0.3  0.0
0.5786703799736497  0.2538725661034154 -0.025845185895479544 0.6  0.3  0.0
0.5754708557239618  0.24989605811688403 -0.01718327477262746 0.6  0.3  0.0
0.5708759724374118  0.24615748519275316 -0.02553781973735736 0.6  0.3  0.0
0.5696931925021946  0.24244338780378186 -0.030079199140882876 0.6  0.3  0.0
0.5658161159665029  0.2389791546881983 -0.03280692836563117 0.6  0.3  0.0
0.5625937297607585  0.23578097771669024 -0.03354111511109674 0.6  0.3  0.0
0.559399322284949  0.2317815921689295 -0.029355050265493468 0.6  0.3  0.0
0.5567073591577404  0.22814861759074437 -0.023745126253617903 0.6  0.3  0.0
0.5544580151345335  0.22484580861846196 -0.01674900678373344 0.6  0.3  0.0
0.5526319815316225  0.2242620686814593 -0.020826670027521844 0.6  0.3  0.0
0.5491367334397063  0.2198623066736976 -0.014241664575174957 0.6  0.3  0.0
0.5461259609007048  0.21622054203835528 -0.0075339092858620615 0.6  0.3  0.0
0.5436111379178891  0.21313395020606693 -0.0034904602584318965 0.6  0.3  0.0
0.5416098037451383  0.21048188731014916 -0.0010509451858195158 0.6  0.3  0.0
0.5407221028669548  0.20836443112916223 -0.003985304608816865 0.6  0.3  0.0
0.5402337095379609  0.20667412126403797 -0.005919663539775567 0.6  0.3  0.0
0.5401253840639121  0.20535533326874392 -0.007033870999637516 0.6  0.3  0.0
0.5419363177095415  0.2031892980296879 -0.00894470765936959 0.6  0.3  0.0
0.5410958094772589  0.20212182098508177 -0.00973831974823195 0.6  0.3  0.0
0.5408095109842391  0.20134482396556094 -0.010741716071901254 0.6  0.3  0.0
0.540983624972901  0.20083268598289078 -0.011990751340465287 0.6  0.3  0.0
0.5415873713001556  0.2006071979911406 -0.013437140587613621 0.6  0.3  0.0
0.542829099933605  0.20110716450843602 -0.014784598632518764 0.6  0.3  0.0
0.5428862711735669  0.20347508020355118 -0.022370562342332003 0.6  0.3  0.0
0.5451719463353253  0.20401940902180993 -0.02210652413309183 0.6  0.3  0.0
0.5474051502384717  0.20494944702378762 -0.022062590343754348 0.6  0.3  0.0
0.5495425047846012  0.20693929197697178 -0.02373658147745837 0.6  0.3  0.0
0.5518900110085023  0.20927414505044534 -0.025531323100903582 0.6  0.3  0.0
0.5544558177225943  0.21177981743604496 -0.027216103477004445 0.6  0.3  0.0
0.5571515878980406  0.2144145369075546 -0.028741837546333093 0.6  0.3  0.0
0.5602709059302282  0.21776336173011526 -0.02253604844309936 0.6  0.3  0.0
0.5633738771970217  0.22118050150854981 -0.01628447621063743 0.6  0.3  0.0
0.5660359642343806  0.22182799063973802 -0.021418002921906265 0.6  0.3  0.0
0.5697921464912403  0.2260141744522638 -0.010646576930823047 0.6  0.3  0.0
0.5737026388113471  0.23081331451472828 -0.009202126813136337 0.6  0.3  0.0
0.5778586394225533  0.23541931386603332 -0.009098846391673502 0.6  0.3  0.0
0.5792364556408841  0.24093750172160658 -0.007786342038258811 0.6  0.3  0.0
0.58517010130742  0.2452181301366778 -0.01031886811313344 0.6  0.3  0.0
0.5901116595484235  0.2499960272988629 -0.006327236086213843 0.6  0.3  0.0
0.5952174182694279  0.25473354464060144 -0.0032853439798611905 0.6  0.3  0.0
0.600598146519781  0.25949108199126847 -0.0015102589002988624 0.6  0.3  0.0
0.6062931099330829  0.2643018511824241 -0.0005260640031280481 0.6  0.3  0.0
0.6115002336705229  0.268904369601004 -0.0003498792445064749 0.6  0.3  0.0
0.6173154017591844  0.2735882595071462 -0.0004664180741249423 0.6  0.3  0.0
0.6236788496841245  0.27835488962374183 -0.000741844165306143 0.6  0.3  0.0
0.6305129366726009  0.2829535319476703 -0.001972657851279918 0.6  0.3  0.0
0.636173941909798  0.2863608711610124 -0.0009593558965263057 0.6  0.3  0.0
0.6401601365889228  0.2868036477989357 -0.011802504115858946 0.6  0.3  0.0
0.6378722239321408  0.28384626418942616 -0.016113593620702034 0.6  0.3  0.0
0.6332260246369749  0.28211607310228387 -0.008312717212252841 0.6  0.3  0.0
0.6329210755576337  0.27826555788778157 -0.01137275762436243 0.6  0.3  0.0
0.6322392298147772  0.27439567483895316 -0.009813847367112691 0.6  0.3  0.0
0.6256435701437798  0.271671655127532 -0.029824740312309573 0.6  0.3  0.0
0.620015132923646  0.26879104450573577 -0.03876325050621386 0.6  0.3  0.0
0.6175832520946811  0.2671889275445206 -0.03668379607876231 0.6  0.3  0.0
0.6156027440615832  0.26572474165534654 -0.0315091685271653 0.6  0.3  0.0
0.6139369991554124  0.264447363198612 -0.024884210877563352 0.6  0.3  0.0
0.6126393400144919  0.2633549991116724 -0.017733746079851124 0.6  0.3  0.0
0.6106534135180114  0.26125374179271066 -0.009536110270317432 0.6  0.3  0.0
0.6091407052519213  0.2595327155657266 -0.004510922454791387 0.6  0.3  0.0
0.6081418949200545  0.25857299860600796 -0.0025260268409069567 0.6  0.3  0.0
0.6076366996607082  0.25788692062108654 -0.001414388861616033 0.6  0.3  0.0
0.6045544461468629  0.2553103372986809 -0.0003229899544941969 0.6  0.3  0.0
0.6022237791358709  0.2533197471542474 0.0001368842893816271 0.6  0.3  0.0
0.600946327812077  0.2517911681330033 0.0004798761737929819 0.6  0.3  0.0
0.6019854419352401  0.25228496147249335 0.0032029172957240104 0.6  0.3  0.0
0.5999066377252523  0.24978407260461438 0.0021416081565030975 0.6  0.3  0.0
0.5987969776326598  0.24816572193379777 0.001447878259575268 0.6  0.3  0.0
0.5985712494042424  0.2472627961700952 0.0009154995478777876 0.6  0.3  0.0
0.5991517906797945  0.24696711658209602 0.0004621946424107923 0.6  0.3  0.0
0.5977188413615767  0.2434887556968162 0.007501158593034206 0.6  0.3  0.0
0.5987535526018471  0.2428246965870508 0.003966906097887265 0.6  0.3  0.0
0.6002087646005034  0.24260817589022882 0.0020071821420987552 0.6  0.3  0.0
0.602133833891505  0.24289991673801636 0.000885743357377345 0.6  0.3  0.0
0.601269634997626  0.24126903114333093 0.0009923824589739352 0.6  0.3  0.0
0.6010596733703956  0.24033597056098308 0.0009498632607953291 0.6  0.3  0.0
0.6015318946850712  0.24007838505142792 0.0007649935906768788 0.6  0.3  0.0
0.6026461227876528  0.24046961228806402 0.0004497979222842027 0.6  0.3  0.0
0.6012132379244725  0.24147424480990226 0.008822228492165459 0.6  0.3  0.0
0.600649183882786  0.24099621916355748 0.004194553510429175 0.6  0.3  0.0
0.6009861525171555  0.2412839418034864 0.0016412939778822073 0.6  0.3  0.0
0.6021516959611585  0.24221777074849482 0.00019293177402508982 0.6  0.3  0.0
0.5999850581161154  0.24254776436675476 0.0021298321296858965 0.6  0.3  0.0
0.5976619771415211  0.24154872035648908 0.009620070410664185 0.6  0.3  0.0
0.5984126514158838  0.24344128319650604 0.007217031198681784 0.6  0.3  0.0
0.5999633208201482  0.2454438139456576 0.004771105051819223 0.6  0.3  0.0
0.6005642915082772  0.24767787680399764 0.002561107619546683 0.6  0.3  0.0
0.6022374031562627  0.25011450310148436 0.0011569377329686296 0.6  0.3  0.0
0.6049412942389227  0.2527174853208691 0.00023346872001997563 0.6  0.3  0.0
0.6085848860462313  0.2554378731795183 -0.00037631084565765396 0.6  0.3  0.0
0.610240962732077  0.258966859129722 0.0018082825218488112 0.6  0.3  0.0
0.6128873014486401  0.26246171500912785 0.0032685307390375 0.6  0.3  0.0
0.6163648028552706  0.26548180559722184 0.0020440859302421122 0.6  0.3  0.0
0.620575613886149  0.26845351968146347 0.001320022025559827 0.6  0.3  0.0
0.6213452775656945  0.27150431822214477 0.010196712999603817 0.6  0.3  0.0
0.6291669313277113  0.2766056393821711 0.004278956239972545 0.6  0.3  0.0
0.6365520592935963  0.2810289696371343 0.0013735032700775162 0.6  0.3  0.0
0.6436996369519421  0.28490292792549016 -8.913172590918703e-06 0.6  0.3  0.0
0.6486986146566456  0.2899114070681536 0.0030072255254477496 0.6  0.3  0.0
0.6539570819812734  0.29409828093753465 0.0050498108413367625 0.6  0.3  0.0
0.6593986450799747  0.2975259716821653 0.006016068611775301 0.6  0.3  0.0
0.6529379314676094  0.29836645367131326 -0.00945728567485559 0.6  0.3  0.0
0.6469507650396695  0.300458407254615 -0.02665907057611957 0.6  0.3  0.0
0.6409680334411436  0.302050333441354 -0.035630668384301095 0.6  0.3  0.0
0.6308279763375093  0.2964855694713948 0.00786871131374401 0.6  0.3  0.0
0.622203918543946  0.29259422630302173 0.03719000943848606 0.6  0.3  0.0
0.6187012552975141  0.28865424216633945 0.022445661369092696 0.6  0.3  0.0
0.615229690129936  0.28463539990820863 0.010975086312226854 0.6  0.3  0.0
0.611868603509445  0.2808489586139648 0.003409080119488205 0.6  0.3  0.0
0.6087689346453604  0.27705647562612784 -0.0017775227344045729 0.6  0.3  0.0
0.604432957591211  0.2724600480880864 -0.00887752112435018 0.6  0.3  0.0
0.600437705129525  0.26807425418431013 -0.014860305891637853 0.6  0.3  0.0
0.5966083742153379  0.2638786836494153 -0.019722355327316348 0.6  0.3  0.0
0.5930135925966983  0.25978721632767376 -0.02212252789879723 0.6  0.3  0.0
0.5884623444085118  0.255828036620814 -0.025569204837870323 0.6  0.3  0.0
0.5842648317940282  0.25218696983681854 -0.026416573076198734 0.6  0.3  0.0
0.5804496079374151  0.24875936266597823 -0.024993929226632246 0.6  0.3  0.0
0.5772790924653342  0.2454521956150531 -0.02146237684463053 0.6  0.3  0.0
0.5733489051721288  0.24157898668509373 -0.025113781799094025 0.6  0.3  0.0
0.5699507841728857  0.2380371084360405 -0.026427848464376968 0.6  0.3  0.0
0.5694450026325183  0.23443190682854934 -0.025358687980088727 0.6  0.3  0.0
0.5665964403110886  0.23147745888062649 -0.021304501582151344 0.6  0.3  0.0
0.5633511415331258  0.22789059058365216 -0.019390719208257873 0.6  0.3  0.0
0.5606829243069923  0.22471703162856801 -0.016124931943752332 0.6  0.3  0.0
0.558427943655822  0.2241953035665662 -0.0235737797910806 0.6  0.3  0.0
0.5568123435181408  0.22115326050475484 -0.015012783805054513 0.6  0.3  0.0
0.553304972785824  0.2179687368128194 -0.010298239406956823 0.6  0.3  0.0
0.5502967268777743  0.2153915448275635 -0.005450456272235814 0.6  0.3  0.0
0.5477933401009487  0.2132810748062013 -0.002513833078171362 0.6  0.3  0.0
0.5457917149594396  0.21156254581093817 -0.0007088403044867135 0.6  0.3  0.0
0.5452776526870124  0.20989659133598212 -0.002842224984365582 0.6  0.3  0.0
0.5451991239700968  0.20866365664344022 -0.004112700073726172 0.6  0.3  0.0
0.5455347431764334  0.20781262548129734 -0.004743230561560545 0.6  0.3  0.0
0.5462578951424422  0.20729313613269942 -0.004945258916304781 0.6  0.3  0.0
0.548092815210054  0.20495845451402625 -0.010012468671833023 0.6  0.3  0.0
0.5492852116922406  0.20497940351513502 -0.007890558840935476 0.6  0.3  0.0
0.5509070961199213  0.20518149803663124 -0.006686344744437396 0.6  0.3  0.0
0.5528619493194865  0.20557795452119662 -0.006219669508356472 0.6  0.3  0.0
0.5528096134095677  0.20846806106646823 -0.015189586818367158 0.6  0.3  0.0
0.5552998118781511  0.20958102918199867 -0.01628825431667476 0.6  0.3  0.0
0.5577623572877306  0.21111815854006769 -0.01769757001762616 0.6  0.3  0.0
0.5602898031942936  0.21294884685776608 -0.01914660282701009 0.6  0.3  0.0
0.5627495636464704  0.21588649552376113 -0.018861625254312973 0.6  0.3  0.0
0.5654201897706836  0.2189814743809565 -0.018517789329984883 0.6  0.3  0.0
0.568304869881015  0.22219718999192037 -0.018132133166444225 0.6  0.3  0.0
0.571159938285923  0.22557506022767518 -0.01765476917076318 0.6  0.3  0.0
0.5746333122651766  0.22967324602204298 -0.013321754532713491 0.6  0.3  0.0
0.5783703087150404  0.2337925427496462 -0.008849592441131482 0.6  0.3  0.0
0.581928511287784  0.237952188151494 -0.004877237704259504 0.6  0.3  0.0
0.5848719893329265  0.23882835356522603 -0.014090128028774376 0.6  0.3  0.0
0.5892212607478577  0.24528051994103772 -0.007825061892255288 0.6  0.3  0.0
0.590417483023833  0.2521217050967643 -0.003984885991571554 0.6  0.3  0.0
0.5964383783357338  0.2575048181457358 -0.002415821778142842 0.6  0.3  0.0
0.6021604922066159  0.2629023104550974 -0.0015888180930368743 0.6  0.3  0.0
0.6070165843315419  0.267801988804515 -0.00030295937444601824 0.6  0.3  0.0
0.6123077716050003  0.27274829519792054 0.00022114341231671498 0.6  0.3  0.0
0.6180753126327044  0.27776246940242055 0.00030040291106219163 0.6  0.3  0.0
0.6243021572771957  0.28280001349529105 0.00020607810641222802 0.6  0.3  0.0
0.6296335920219299  0.28707745746451885 -0.00013085644881594537 0.6  0.3  0.0
0.6356887621788093  0.2913912964531806 -0.0004441187853259399 0.6  0.3  0.0
0.6423651842867031  0.29574481499220784 -0.0007219089079001967 0.6  0.3  0.0
0.6385366329646576  0.29290545443671073 -0.01541314298585205 0.6  0.3  0.0
0.6360297780935571  0.2883424135879629 -0.01603633754043844 0.6  0.3  0.0
0.6308023805300454  0.2837964817784562 -0.008779198390487776 0.6  0.3  0.0
0.6314756284181283  0.28059094281525704 -0.005902537602989241 0.6  0.3  0.0
0.6311507297527357  0.27724695900424334 -0.0031614803840975146 0.6  0.3  0.0
0.6227644960221813  0.27562007004333794 -0.02201659349702038 0.6  0.3  0.0
0.6157654213332329  0.2739962025877017 -0.03012591359208102 0.6  0.3  0.0
0.609939366904467  0.27222746775807016 -0.031234518273178493 0.6  0.3  0.0
0.6049584070197137  0.27060242394691636 -0.028489331461414837 0.6  0.3  0.0
0.6050177060866231  0.26899354288623306 -0.02112726982315298 0.6  0.3  0.0
0.6053896143027957  0.26768098935546475 -0.013679349867846035 0.6  0.3  0.0
0.6061208420442395  0.26669885404204424 -0.007014809964715318 0.6  0.3  0.0
0.6072155397386694  0.26591585750932983 -0.0032720951930879155 0.6  0.3  0.0
0.6042252392639766  0.26418928533204367 -0.0008991541721883245 0.6  0.3  0.0
0.6018238232265881  0.26289572807297434 0.0005245226338181212 0.6  0.3  0.0
0.6000623128307022  0.2620048401708634 0.001204863040947702 0.6  0.3  0.0
0.599030816094473  0.26146983238417937 0.001422109606711009 0.6  0.3  0.0
0.5988342571894185  0.26047688186570295 0.004959033208129184 0.6  0.3  0.0
0.5978977543724224  0.25813174385354304 0.0024906609837203613 0.6  0.3  0.0
0.5977979157294965  0.2565692723517844 0.0011252878494736125 0.6  0.3  0.0
0.5984672777245825  0.2556569178570885 0.00026838045960070626 0.6  0.3  0.0
0.5980489072760532  0.25415422810961785 0.0025761337941475016 0.6  0.3  0.0
0.5984391303246309  0.25337700833817944 0.0037225565855877416 0.6  0.3  0.0
0.5995687771676041  0.2532491543438837 0.0038125404747143283 0.6  0.3  0.0
0.5999591711281749  0.2518341859775584 0.011029296384686188 0.6  0.3  0.0
0.5996132080945956  0.25133625431772344 0.0052421110325751455 0.6  0.3  0.0
0.5997380703886391  0.25127773914270474 0.0020189497756483397 0.6  0.3  0.0
0.6004115247109284  0.2517438673792451 0.00014478016239978303 0.6  0.3  0.0
0.6016827010311824  0.2527472474030389 -0.0017128938319042914 0.6  0.3  0.0
0.6023999709509179  0.25330038387212683 0.010861989965748808 0.6  0.3  0.0
0.6034369101706863  0.2523927210738266 0.007687410745319586 0.6  0.3  0.0
0.6050927111901623  0.25230406522925114 0.005061959712300763 0.6  0.3  0.0
0.6074169823814122  0.25289920979898534 0.0029161036104959057 0.6  0.3  0.0
0.6047977459106157  0.25269963384336913 0.001938121729365278 0.6  0.3  0.0
0.603192545487563  0.25313174334286714 0.0011994075018177596 0.6  0.3  0.0
0.6026314545444476  0.2541251993660175 0.0005550975820072515 0.6  0.3  0.0
0.6031133866922885  0.25560409171696413 -4.309371129032147e-05 0.6  0.3  0.0
0.6006653898534711  0.2549518486439747 0.008031571044159127 0.6  0.3  0.0
0.6011219530884248  0.25709272384097576 0.006735713320412966 0.6  0.3  0.0
0.6023712394483153  0.2592997345295519 0.00531349819527506 0.6  0.3  0.0
0.6044451922675815  0.26161902287946687 0.0035505818562840677 0.6  0.3  0.0
0.605228067433958  0.2646756474428718 0.002634128298380499 0.6  0.3  0.0
0.6069824419634149  0.26780120065987334 0.0017744333920342594 0.6  0.3  0.0
0.6096338497769577  0.27103167960423136 0.001166794241979234 0.6  0.3  0.0
0.6112790722835257  0.27470289123492914 0.009748932600601952 0.6  0.3  0.0
0.613706319706125  0.2782474678381186 0.004523414642067584 0.6  0.3  0.0
0.6165704899530532  0.2816924978508082 0.0019278108422622646 0.6  0.3  0.0
0.6199383912133841  0.284999832772804 0.0007180553832319739 0.6  0.3  0.0
0.62244152191076  0.28627291934860327 0.003874806985378528 0.6  0.3  0.0
0.6291867712759287  0.2923593030329266 0.0017972425195894159 0.6  0.3  0.0
0.6361743459097247  0.2977021803811862 0.0005818088249442883 0.6  0.3  0.0
0.6433779035351918  0.30240658693089606 -0.0002031607129969865 0.6  0.3  0.0
0.6506985105671859  0.3065521885351996 -0.0007468257489038505 0.6  0.3  0.0
0.6543724503029879  0.31066373085618626 0.0014796611509635188 0.6  0.3  0.0
0.6452203978857923  0.31146192849710125 -0.018099222241884087 0.6  0.3  0.0
0.6380127769001366  0.3131932777701174 -0.030796378470267796 0.6  0.3  0.0
0.6263216437924208  0.3075850180868266 0.01598172687915974 0.6  0.3  0.0
0.6218904823761295  0.3025047575064799 0.02677701022298085 0.6  0.3  0.0
0.6185195046691273  0.29820578502871575 0.03211707080475687 0.6  0.3  0.0
0.615740452410306  0.2943061857103206 0.03474729836419764 0.6  0.3  0.0
0.6132220825350716  0.2904547973627788 0.03649069515772822 0.6  0.3  0.0
0.6090108275451364  0.2848498534637796 0.01788022544792869 0.6  0.3  0.0
0.6048281198641248  0.27958187029245324 0.003676431380357774 0.6  0.3  0.0
0.6007072609360073  0.27444632312782974 -0.008851822652261839 0.6  0.3  0.0
0.5966962185569661  0.2693914463977992 -0.018746603934898826 0.6  0.3  0.0
0.5923081154648422  0.2645046175153957 -0.02088347570047964 0.6  0.3  0.0
0.5881534708397406  0.26007001619935627 -0.019775976361429696 0.6  0.3  0.0
0.5842579991788271  0.25590989532967995 -0.015947657194551466 0.6  0.3  0.0
0.5806445920298249  0.2518903552368298 -0.009866977505150346 0.6  0.3  0.0
0.5760959750369335  0.2473428589366909 -0.014326511696229477 0.6  0.3  0.0
0.5722399913858326  0.24296263949620825 -0.016578840713958987 0.6  0.3  0.0
0.5688441002735519  0.2388558570519625 -0.016437763686228773 0.6  0.3  0.0
0.5683433215538903  0.2348116119086017 -0.01257907350071095 0.6  0.3  0.0
0.5632630018874581  0.2309585098939554 -0.01354644894807199 0.6  0.3  0.0
0.5591846424302405  0.22987214238898218 -0.026319124083981228 0.6  0.3  0.0
0.5552794911951415  0.22615611092092378 -0.02082596067593865 0.6  0.3  0.0
0.5517842165047964  0.22307400331499913 -0.015282655777330715 0.6  0.3  0.0
0.5484547632385416  0.21957720792996455 -0.011960548944961156 0.6  0.3  0.0
0.5455763478682646  0.21656056804352924 -0.007747812846558598 0.6  0.3  0.0
0.5431376496604385  0.2139293883862044 -0.0040107465069751606 0.6  0.3  0.0
0.5411215379000949  0.2116103842938127 -0.001676878766111532 0.6  0.3  0.0
0.5388605851885718  0.2095311643861481 -0.005099702251359967 0.6  0.3  0.0
0.5370059015955647  0.20783533136527232 -0.007406960719842362 0.6  0.3  0.0
0.5355411526890682  0.20648032053118093 -0.008811581434183022 0.6  0.3  0.0
0.534447046670511  0.20542415225400093 -0.00953687140899304 0.6  0.3  0.0
0.5350109260929304  0.20373803997392453 -0.009033396537822634 0.6  0.3  0.0
0.5372736205875944  0.2012382868822598 -0.010354177779416588 0.6  0.3  0.0
0.5387735264829026  0.20049745439278555 -0.005566338276863826 0.6  0.3  0.0
0.5392832741011732  0.2019197254463078 -0.010913829070725262 0.6  0.3  0.0
0.5396591211176566  0.20150995244769523 -0.010794244929098307 0.6  0.3  0.0
0.5401999665118753  0.2015894956035805 -0.011547839199079795 0.6  0.3  0.0
0.5409115938154481  0.20199464692067304 -0.012919213108065415 0.6  0.3  0.0
0.5418852913774165  0.20266279320628752 -0.014518130359998613 0.6  0.3  0.0
0.5451462461889292  0.20413831824253645 -0.01491266869147433 0.6  0.3  0.0
0.5485115074616441  0.20583860368043091 -0.015232833558962277 0.6  0.3  0.0
0.5519624765239733  0.2076868814174356 -0.015350561190163828 0.6  0.3  0.0
0.5554780862927484  0.2096594803283555 -0.015272644119508445 0.6  0.3  0.0
0.557816410878572  0.21305315900361155 -0.013552057125782042 0.6  0.3  0.0
0.5601917556108696  0.21650593595114098 -0.011984093581337781 0.6  0.3  0.0
0.5624796359585172  0.22000946225636375 -0.010721184171981212 0.6  0.3  0.0
0.5649814471534947  0.2235397800436342 -0.009359628915116365 0.6  0.3  0.0
0.5679283497022346  0.22452491495558316 -0.021137899709862313 0.6  0.3  0.0
0.5704068871655563  0.2302669697162508 -0.012798054505872585 0.6  0.3  0.0
0.5761599857719721  0.2343649186768088 -0.00807723760991988 0.6  0.3  0.0
0.5814820703973638  0.23837251238821106 -0.00451939554250713 0.6  0.3  0.0
0.5864423926948809  0.2430166897959926 -0.0037263049332494727 0.6  0.3  0.0
0.5918630179417975  0.24755535200638545 -0.0024714063360725632 0.6  0.3  0.0
0.5976883976707521  0.25208935980136826 -0.0017577669213658929 0.6  0.3  0.0
0.6038771066617971  0.25667530677630296 -0.0014127131013901163 0.6  0.3  0.0
0.6087081452766638  0.2615482040226946 -0.000316563532887395 0.6  0.3  0.0
0.6140875246429309  0.26647107676248083 0.00015576303031382882 0.6  0.3  0.0
0.6199657162336091  0.2714623358913014 0.0002614954169675919 0.6  0.3  0.0
0.6262790557718366  0.27645725180367714 8.755104986066367e-05 0.6  0.3  0.0
0.6312073397622088  0.2804122369952276 8.851953480529216e-05 0.6  0.3  0.0
0.633397132348386  0.2846719348626878 0.006335876175236713 0.6  0.3  0.0
0.6382024087523722  0.28532684500526595 -0.012385078420755749 0.6  0.3  0.0
0.6363785731888176  0.2828900699205535 -0.020022368381961857 0.6  0.3  0.0
0.6343704121897977  0.2789937373617336 -0.018603557790750156 0.6  0.3  0.0
0.6328311656433909  0.2753807046201594 -0.013390882461322208 0.6  0.3  0.0
0.6313696433673436  0.2717831646684943 -0.006850283337912752 0.6  0.3  0.0
0.6241612131536517  0.26924667447485806 -0.025017279859594815 0.6  0.3  0.0
0.6193774677373142  0.2675679461085749 -0.02929377297056259 0.6  0.3  0.0
0.6155351044727272  0.2662923533077289 -0.027344765434197518 0.6  0.3  0.0
0.6124614047449941  0.2648363202544467 -0.022594470311436764 0.6  0.3  0.0
0.6098881661876061  0.2634942032856372 -0.016292275361968506 0.6  0.3  0.0
0.608461360264668  0.261629174336007 -0.013194760785334627 0.6  0.3  0.0
0.6075331869131486  0.260124493709503 -0.00978338435849884 0.6  0.3  0.0
0.6070248100656577  0.25888696884903334 -0.006497233098419935 0.6  0.3  0.0
0.6070260260775692  0.2582598399337226 -0.006833947853444977 0.6  0.3  0.0
0.6036493049077305  0.2558681979484929 -0.002668827638341386 0.6  0.3  0.0
0.6009868726206774  0.25398323498877773 0.00018929201033988192 0.6  0.3  0.0
0.5992763692058484  0.252526002152922 0.0030207284050248083 0.6  0.3  0.0
0.5985406850120031  0.2514632841059998 0.0059968932655062104 0.6  0.3  0.0
0.5982849570696938  0.25065812939772486 0.009126869586134567 0.6  0.3  0.0
0.5976528214443131  0.2485068833695326 0.005048886301685567 0.6  0.3  0.0
0.5979144239648088  0.2471988561217492 0.0026749130127284005 0.6  0.3  0.0
0.5989875485412196  0.246568902491278 0.0012495754286331467 0.6  0.3  0.0
0.5985638477860151  0.24500930895488338 0.0011738651864880772 0.6  0.3  0.0
0.5989586701473877  0.24415667768367755 0.0009978030459200074 0.6  0.3  0.0
0.5986657971180535  0.24212532195690992 0.008205104763760452 0.6  0.3  0.0
0.6011042472810758  0.24301006680787435 0.004251725677611953 0.6  0.3  0.0
0.6005933822801415  0.2418507383511329 0.0021456408141776197 0.6  0.3  0.0
0.6006241689287077  0.24128545368189344 0.001036896734163385 0.6  0.3  0.0
0.601298371823385  0.2412894154568836 0.0003785114326600717 0.6  0.3  0.0
0.6026532861787235  0.2418495237985632 -9.472128729551591e-05 0.6  0.3  0.0
0.6021666404108683  0.24264908568002125 0.008678819012189651 0.6  0.3  0.0
0.6024965241468447  0.2418025885361246 0.004157341303004517 0.6  0.3  0.0
0.6035608188414945  0.2417699356371397 0.0017211827534602416 0.6  0.3  0.0
0.605416905697548  0.24238974134555388 0.0002932377707553038 0.6  0.3  0.0
0.6034927838072547  0.242079040468666 0.0005104340655986815 0.6  0.3  0.0
0.602655545998305  0.24236873911666618 0.00047411559381114516 0.6  0.3  0.0
0.6029261356797426  0.24318235150792933 0.0002592560054081657 0.6  0.3  0.0
0.6028827337584606  0.24249303629425048 0.002870674205379383 0.6  0.3  0.0
0.6027678231913783  0.24491937301267924 0.0016242677979174508 0.6  0.3  0.0
0.6036005924510895  0.24743433962560896 0.0009173883695713325 0.6  0.3  0.0
0.6054398934185213  0.25008202617018027 0.00045383016240344747 0.6  0.3  0.0
0.6082618851790846  0.25285598377325613 0.0001189671459338544 0.6  0.3  0.0
0.610648586405064  0.255591125600794 0.0005599625103705379 0.6  0.3  0.0
0.6139819901064427  0.25837036316032186 0.0006798981200001158 0.6  0.3  0.0
0.6181546413212972  0.2612161747799369 0.0006509984121419446 0.6  0.3  0.0
0.620610266936796  0.26436597809378737 0.010063631849181878 0.6  0.3  0.0
0.6249807791313812  0.2685747691525969 0.004149047627818513 0.6  0.3  0.0
0.6296236282747256  0.272523137654406 0.0007761929388904782 0.6  0.3  0.0
0.6328465375997772  0.27397951858893643 0.0016125826913488163 0.6  0.3  0.0
0.638918458733766  0.2776899382508068 0.0001541767929191199 0.6  0.3  0.0
0.6448653301017491  0.2833226018829592 0.0007157506029309679 0.6  0.3  0.0
0.651023690880786  0.2880854060582475 0.0009442874258564361 0.6  0.3  0.0
0.6573333715811349  0.2920707154674405 0.0009373036151238889 0.6  0.3  0.0
0.6526743520556286  0.2936969296892207 -0.01913952892333678 0.6  0.3  0.0
0.6466852696334964  0.2960518053776623 -0.03039526825815931 0.6  0.3  0.0
0.6414253303392442  0.29870488375300697 -0.038500068631916726 0.6  0.3  0.0
0.6314606801955589  0.2940905896511135 0.0039467458946863335 0.6  0.3  0.0
0.6224962752086268  0.29044835410926256 0.03842161599075279 0.6  0.3  0.0
0.6189420397143086  0.2862860125712046 0.02791653102675063 0.6  0.3  0.0
0.6155985151197104  0.28244966049381165 0.015750702656314477 0.6  0.3  0.0
0.6123079469782856  0.2787356505648181 0.007302047874896245 0.6  0.3  0.0
0.6090091371097424  0.2750313942675902 0.0021531414549734286 0.6  0.3  0.0
0.6045547213959908  0.2699172389423138 -0.0035468404603215178 0.6  0.3  0.0
0.6002144064938357  0.26497076470908026 -0.008532435958025403 0.6  0.3  0.0
0.5960494551706285  0.26010856310185804 -0.011420700372231769 0.6  0.3  0.0
0.5921065763365221  0.2553394684329476 -0.012161326125809252 0.6  0.3  0.0
0.5872632860391905  0.25093206980805394 -0.01975805178282479 0.6  0.3  0.0
0.5827611037163959  0.24711850237980912 -0.023613227302655013 0.6  0.3  0.0
0.5785975476004684  0.24348244687726417 -0.02505848051166923 0.6  0.3  0.0
0.5751181953242451  0.23994476292861472 -0.023892080072799776 0.6  0.3  0.0
0.5738077679287228  0.23551662394354267 -0.021590093681486736 0.6  0.3  0.0
0.5699047875096868  0.23146356886127592 -0.018278291673610163 0.6  0.3  0.0
0.5666554368528515  0.22771038911917948 -0.013519322851818994 0.6  0.3  0.0
0.5642439128801402  0.22676881307482555 -0.02112423000801646 0.6  0.3  0.0
0.560190698378109  0.22207499926308294 -0.013151092311524736 0.6  0.3  0.0
0.556617934679742  0.21808572393970183 -0.006591899692701157 0.6  0.3  0.0
0.5534934092528123  0.21459787284907283 -0.0027064597617745645 0.6  0.3  0.0
0.5507999108490419  0.21150271055383907 0.0007674158268272664 0.6  0.3  0.0
0.5486470784979025  0.2084992163844633 -0.003549384803707312 0.6  0.3  0.0
0.5469273911968715  0.205920255902789 -0.006330975897489551 0.6  0.3  0.0
0.5455912615226215  0.20372611834622995 -0.007762561587654744 0.6  0.3  0.0
0.5446194116573725  0.20187105352703022 -0.00802610971712266 0.6  0.3  0.0
0.543167511746878  0.1998103316476186 -0.007334241317416634 0.6  0.3  0.0
0.5421334131509938  0.19814485397059436 -0.0057245376641618904 0.6  0.3  0.0
0.5431771727023279  0.19551318242040616 -0.005039606821825368 0.6  0.3  0.0
0.543005078968879  0.194801366394452 -0.002350718058162013 0.6  0.3  0.0
0.542862110443622  0.1942337492730962 -0.006551953519139883 0.6  0.3  0.0
0.5419699579982015  0.19582515869820297 -0.019259104724100678 0.6  0.3  0.0
0.5429069271701384  0.1952718131148636 -0.02166229308510043 0.6  0.3  0.0
0.5439206040969216  0.1952290306910051 -0.024500187749504142 0.6  0.3  0.0
0.545073421841179  0.1959520332754044 -0.023761936113386038 0.6  0.3  0.0
0.5464397756186686  0.19695827602135044 -0.02304328154927583 0.6  0.3  0.0
0.5480186124575297  0.1981792218703329 -0.022274115342964525 0.6  0.3  0.0
0.5497984868578216  0.1995656222611529 -0.021463140164581083 0.6  0.3  0.0
0.5521761296432124  0.2021033009493178 -0.022019696123200393 0.6  0.3  0.0
0.5546962513049133  0.20477475906524908 -0.02247467696755204 0.6  0.3  0.0
0.5573433574653905  0.2075585450969326 -0.022874647947017754 0.6  0.3  0.0
0.5600933205130908  0.21043986616976193 -0.023279764434417996 0.6  0.3  0.0
0.5626242008874994  0.21422881132630484 -0.018543186253938304 0.6  0.3  0.0
0.564882454397046  0.215004494376882 -0.026112432445290556 0.6  0.3  0.0
0.5686099787740015  0.2195792073625506 -0.014996241207200988 0.6  0.3  0.0
0.5700606743087692  0.22491253439001002 -0.008289846789360214 0.6  0.3  0.0
0.5752456987165525  0.2292361854043397 -0.006771492915020924 0.6  0.3  0.0
0.5804036277816487  0.2336018480933977 -0.006030467213883955 0.6  0.3  0.0
0.5857501577292923  0.23799509222766496 -0.005632143548326079 0.6  0.3  0.0
0.5914118040834949  0.24241606408148728 -0.0053336660420693184 0.6  0.3  0.0
0.5963278135709262  0.24739011113711631 -0.0030460709010235953 0.6  0.3  0.0
0.6016164303117769  0.25220883649721565 -0.001553476341993832 0.6  0.3  0.0
0.6072587796606929  0.25698746429204916 -0.0006512581928266029 0.6  0.3  0.0
0.6131788048968279  0.26178938071062013 -0.00016758267000245634 0.6  0.3  0.0
0.6186777542262886  0.266421031359281 1.35788669637157e-05 0.6  0.3  0.0
0.6248522231142121  0.2710938341368563 -7.04740592980541e-05 0.6  0.3  0.0
0.6316257295234101  0.27569779932800115 -0.00031067475802704504 0.6  0.3  0.0
0.6389109243322177  0.28020787216225557 -0.0007701973145816792 0.6  0.3  0.0
0.6384791195665213  0.28132994901705205 -0.0023714322240403827 0.6  0.3  0.0
0.6463410922812929  0.2862924841595096 0.0004999534787047824 0.6  0.3  0.0
0.642562829748572  0.28298763795879867 -0.004814976576973555 0.6  0.3  0.0
0.6403567669174999  0.281208907422362 -0.00521111652490324 0.6  0.3  0.0
0.6376853594521393  0.27680622376399394 -0.005273957747981763 0.6  0.3  0.0
0.6353559957266229  0.27265160346324724 -0.0027928964221789632 0.6  0.3  0.0
0.627191621469596  0.26978856851516736 -0.023039035195652945 0.6  0.3  0.0
0.620247343497234  0.26680670941688495 -0.032469667783175234 0.6  0.3  0.0
0.6178293780989949  0.26556780118766715 -0.03038906277787815 0.6  0.3  0.0
0.6158460723024042  0.26425049336955625 -0.025696663558733665 0.6  0.3  0.0
0.6142710683999582  0.2630727734520626 -0.019842303560334826 0.6  0.3  0.0
0.6130833861618389  0.26211181939613065 -0.013680491417893612 0.6  0.3  0.0
0.6109573956687694  0.2597600657179268 -0.006943163291982393 0.6  0.3  0.0
0.6093649432619246  0.25795227510301183 -0.003361844059239836 0.6  0.3  0.0
0.6083036281445647  0.2566931827255007 -0.0018281946234249336 0.6  0.3  0.0
0.6078350695843451  0.25568831815160115 -0.0009759461227289473 0.6  0.3  0.0
0.6043438705318332  0.25330476806780694 1.7718394521757394e-05 0.6  0.3  0.0
0.6018265291613596  0.251443285131652 0.0005447270624116854 0.6  0.3  0.0
0.6003943190860057  0.25004949371198204 0.0008933829557314181 0.6  0.3  0.0
0.5997065911615661  0.24909173997286685 0.0010249860892969686 0.6  0.3  0.0
0.5986597622994109  0.24683523700223206 0.001281715771013675 0.6  0.3  0.0
0.5995360517628335  0.24672873749031732 0.004447389901779469 0.6  0.3  0.0
0.6003204059739263  0.2453542579440366 0.002275549660959705 0.6  0.3  0.0
0.6019060723023257  0.2447481652433806 0.001055677226109507 0.6  0.3  0.0
0.6011382405071092  0.24305853030513866 0.001007075708672075 0.6  0.3  0.0
0.5998553299236637  0.2403139502755678 0.008722709124224376 0.6  0.3  0.0
0.6011956815909375  0.24052770860378014 0.004740560115441831 0.6  0.3  0.0
0.6029473354496316  0.24108486365635592 0.002573293829019577 0.6  0.3  0.0
0.6021555656756628  0.23944261509205192 0.0012531502887826323 0.6  0.3  0.0
0.6020016927714266  0.23845330452606192 0.0004701465750468856 0.6  0.3  0.0
0.6025359358294466  0.2381100797500076 -8.024699610430859e-05 0.6  0.3  0.0
0.6037368291836026  0.2383960336899182 -0.000558393082339164 0.6  0.3  0.0
0.602093384012566  0.2373573453456634 0.0006011234869228246 0.6  0.3  0.0
0.6013873700176735  0.23700993782560664 0.0009536716735323011 0.6  0.3  0.0
0.6018577033655133  0.23905637699187202 0.01172419058696591 0.6  0.3  0.0
0.6037999733490843  0.23960502282692947 0.005996362720127313 0.6  0.3  0.0
0.6016135763319617  0.23968725510452715 0.0032814722481601796 0.6  0.3  0.0
0.6005066985047474  0.24037946116221323 0.001714075024230507 0.6  0.3  0.0
0.5992057853497591  0.23964275639492297 0.003945324546551431 0.6  0.3  0.0
0.6009605149611623  0.24178035778427664 0.0014708834234764836 0.6  0.3  0.0
0.6017754957498339  0.24415224764932034 0.0013189449132502678 0.6  0.3  0.0
0.603598114923  0.2466559091855244 0.0011622740844525155 0.6  0.3  0.0
0.6064219060966396  0.2492838747644093 0.0009795548342019888 0.6  0.3  0.0
0.610175178991232  0.2520036473565196 0.0007945765753981143 0.6  0.3  0.0
0.6124101651487543  0.25558678133422247 0.0009239721857790539 0.6  0.3  0.0
0.6155914807870068  0.2589626191338434 0.000680631105757759 0.6  0.3  0.0
0.619582001580972  0.26196899352579545 4.968469550272294e-05 0.6  0.3  0.0
0.6242629126053514  0.2648949574516102 -0.00030218565017796193 0.6  0.3  0.0
0.6294373683374831  0.2701137397137386 -0.000497748987530804 0.6  0.3  0.0
0.6332817838650269  0.27254606112659974 0.0032036293794812437 0.6  0.3  0.0
0.6376091295397982  0.27729462920800124 0.005329316421854127 0.6  0.3  0.0
0.6462972330375122  0.28146127241206964 0.0016642932669373406 0.6  0.3  0.0
0.6518008290055547  0.2865600097240611 0.00282785346041894 0.6  0.3  0.0
0.6572445086079237  0.29071232245537393 0.0038910768353871764 0.6  0.3  0.0
0.6502964410426872  0.292266267368297 -0.014938679693645533 0.6  0.3  0.0
0.6451726083422776  0.29453027010786154 -0.025758477370174504 0.6  0.3  0.0
0.6423521525498143  0.29716512736808115 -0.03637910124503363 0.6  0.3  0.0
0.6395767711565843  0.2999288746771572 -0.04559204668365456 0.6  0.3  0.0
0.6313223248291034  0.2935153967844096 0.007591941139416407 0.6  0.3  0.0
0.6245341956746862  0.2896905720386896 0.041393786714095104 0.6  0.3  0.0
0.6197960046695523  0.28494273931913927 0.02825203787551924 0.6  0.3  0.0
0.6153025964915079  0.28070252560887 0.013836918431584303 0.6  0.3  0.0
0.6111621984629622  0.2766465081806743 0.005325019629905198 0.6  0.3  0.0
0.6070932202298628  0.27269663088437873 -0.0019040716619357998 0.6  0.3  0.0
0.60341633549999  0.2677737234175116 -0.006451769003463497 0.6  0.3  0.0
0.5998534557783142  0.26317025108566244 -0.011370424279937844 0.6  0.3  0.0
0.5964863134401092  0.25870034887409227 -0.013904464742672568 0.6  0.3  0.0
0.5933632154796105  0.25436497843066586 -0.014019901374133935 0.6  0.3  0.0
0.5883323558267679  0.250599308480056 -0.021590211029371472 0.6  0.3  0.0
0.5836970735591784  0.24707451982334702 -0.026662886134832624 0.6  0.3  0.0
0.5795280421421113  0.24377086179744362 -0.029192813063441618 0.6  0.3  0.0
0.5787930051800201  0.24022970007373426 -0.02802892368623925 0.6  0.3  0.0
0.5733054882753111  0.23651170347836684 -0.0302319520797698 0.6  0.3  0.0
0.5686008986489262  0.23317446522048502 -0.03071190708711659 0.6  0.3  0.0
0.5645336913217219  0.23016930132195654 -0.02942404475289663 0.6  0.3  0.0
0.5610076502749872  0.22745581522134758 -0.026361457849824847 0.6  0.3  0.0
0.5580642059042875  0.22407156670902822 -0.022351405689295754 0.6  0.3  0.0
0.5555958184397215  0.22106262334666216 -0.016836186043126224 0.6  0.3  0.0
0.5535636863171005  0.21839402861370746 -0.009927035154905721 0.6  0.3  0.0
0.5518996582487867  0.218223693011272 -0.013945117949101962 0.6  0.3  0.0
0.5482973867709242  0.2150347828922845 -0.008708809289974802 0.6  0.3  0.0
0.545210574994146  0.2125327211401089 -0.004546668478958989 0.6  0.3  0.0
0.5426587655362048  0.21054035747240268 -0.0020885579140430344 0.6  0.3  0.0
0.5406531348942013  0.20895086114050135 -0.0006176036667842083 0.6  0.3  0.0
0.5407591265949653  0.20706835723477168 -0.0017978015653373962 0.6  0.3  0.0
0.5427714353843407  0.20431010716556344 -0.003808003003432317 0.6  0.3  0.0
0.5438321877931782  0.20351332218873117 -0.002146501366185028 0.6  0.3  0.0
0.5452777166158025  0.202880318584638 -0.001295628555047079 0.6  0.3  0.0
0.5455889036872121  0.2026700916284294 -0.005348443360977678 0.6  0.3  0.0
0.5462986315824813  0.20274110792679503 -0.009476218091252835 0.6  0.3  0.0
0.5474091326815465  0.2031153485215737 -0.013480966586861213 0.6  0.3  0.0
0.548880594213523  0.20376380031070743 -0.017400859094162138 0.6  0.3  0.0
0.5511418767285766  0.2049520420702187 -0.017639728379933807 0.6  0.3  0.0
0.5519280310431589  0.20795056255652097 -0.0236357279740602 0.6  0.3  0.0
0.5552273806096056  0.20917519304541116 -0.022429165507180167 0.6  0.3  0.0
0.5583999427665328  0.21076661754655696 -0.02142123346413613 0.6  0.3  0.0
0.5606883490933392  0.21373805570977386 -0.0210475285572769 0.6  0.3  0.0
0.5631544519368175  0.2168992673971973 -0.020694140391798583 0.6  0.3  0.0
0.5658229635474805  0.22020220077322436 -0.02038219879349329 0.6  0.3  0.0
0.5684276183807719  0.22368021002302593 -0.01999563773334797 0.6  0.3  0.0
0.5714700626653093  0.22465157424301205 -0.027537427088285917 0.6  0.3  0.0
0.5759522391240495  0.22953213388986596 -0.016424985308190306 0.6  0.3  0.0
0.5802579470397405  0.23403033161381545 -0.008422897617604706 0.6  0.3  0.0
0.5845944430314998  0.23831461913917237 -0.004106423531333135 0.6  0.3  0.0
0.5889862581210848  0.24324390057064893 -0.0037117391380808375 0.6  0.3  0.0
0.5938086956516775  0.24806914344243847 -0.003483275014544886 0.6  0.3  0.0
0.5957317349625688  0.2536766851146706 -0.0019245369618339657 0.6  0.3  0.0
0.6025251810095837  0.2582805268983823 -0.0035681716342984325 0.6  0.3  0.0
0.6076196310481233  0.26336129144905923 -0.001803174253526195 0.6  0.3  0.0
0.6130688963747003  0.26850263473527175 -0.0008324561606658103 0.6  0.3  0.0
0.6189591086652139  0.27372143048975695 -0.00040203501646539645 0.6  0.3  0.0
0.6253004802422473  0.27901868699962024 -0.0003108373819748531 0.6  0.3  0.0
0.6311759777927302  0.2830004507323889 -0.0003591023544448739 0.6  0.3  0.0
0.6377174314377793  0.2870030566904098 -0.00044693183745237976 0.6  0.3  0.0
0.6422284466728075  0.2875671131134999 -0.015218609058474036 0.6  0.3  0.0
0.6512631142062304  0.29263465130132693 -0.007704451342445749 0.6  0.3  0.0
0.645427477602202  0.28635637383921153 -0.0160993115591706 0.6  0.3  0.0
0.6413027479183022  0.28135909185271274 -0.01777116373495461 0.6  0.3  0.0
0.6347765858318292  0.2771535228148916 -0.008693945143763468 0.6  0.3  0.0
0.633129132322485  0.2731641818064771 -0.009433861475927596 0.6  0.3  0.0
0.6240758318969615  0.27135797623670027 -0.02384653193625975 0.6  0.3  0.0
0.6164121654552245  0.26971346763028475 -0.02770117954908417 0.6  0.3  0.0
0.6098656513016103  0.26795434272097574 -0.025100191332171527 0.6  0.3  0.0
0.6040862186483134  0.26631514305087195 -0.019050527797008443 0.6  0.3  0.0
0.6037283082846396  0.2642274283508057 -0.018018663936618745 0.6  0.3  0.0
0.6036423069073608  0.2622999742590154 -0.01631372292371593 0.6  0.3  0.0
0.6039222454012864  0.26068954639067815 -0.014820458299303108 0.6  0.3  0.0
0.6045787683842334  0.2594004755356266 -0.013171741993575327 0.6  0.3  0.0
0.6017647845860138  0.25736235867368024 -0.0060082243550173275 0.6  0.3  0.0
0.5995237467251665  0.2557551220935627 -0.0013912917985224793 0.6  0.3  0.0
0.5979087882986317  0.2545525113416104 0.0025381266650616307 0.6  0.3  0.0
0.5969817391744364  0.25371155568105835 0.005938338479465471 0.6  0.3  0.0
0.5953141205036082  0.2510971869052072 0.0033389393417738293 0.6  0.3  0.0
0.5945708030120679  0.24907220464069255 0.0017309345672882372 0.6  0.3  0.0
0.5946076890569718  0.24764498327412635 0.0005806964289086229 0.6  0.3  0.0
0.5953973804600661  0.24675610721088617 -0.0002731724283172631 0.6  0.3  0.0
0.5967027739531435  0.24671679036568556 0.0063172167130427885 0.6  0.3  0.0
0.5981427791948648  0.24567806962837996 0.004978732960211663 0.6  0.3  0.0
0.6003320157920825  0.24544164386658257 0.003593485390305954 0.6  0.3  0.0
0.6015998001406825  0.24392753401578132 0.009686648041146979 0.6  0.3  0.0
0.6011241103953391  0.24319988968324552 0.004456110266934012 0.6  0.3  0.0
0.6011128565681636  0.242893450785115 0.0016234009982559732 0.6  0.3  0.0
0.6016698413614668  0.2430532220533639 9.254121616241351e-05 0.6  0.3  0.0
0.602856254748733  0.24368496874919215 -0.0012745247121867436 0.6  0.3  0.0
0.603115245775372  0.24227687207874615 -0.00023404507234214508 0.6  0.3  0.0
0.6039749795565891  0.24152310116463493 0.00023452065988529983 0.6  0.3  0.0
0.6055621330466481  0.2413881433796511 0.0002869963681566776 0.6  0.3  0.0
0.6078938690916846  0.2418386903043441 0.00014010068792992894 0.6  0.3  0.0
0.6057340752223725  0.2433611919778914 0.011120413724759408 0.6  0.3  0.0
0.6050015244543916  0.24326824337274852 0.005460242975058829 0.6  0.3  0.0
0.6051379940496261  0.24388008168010838 0.002387104136212105 0.6  0.3  0.0
0.6061947133277834  0.2450332064390351 0.0006243618177349812 0.6  0.3  0.0
0.603703033114454  0.24393502831818717 0.009535789978993276 0.6  0.3  0.0
0.6041932040157777  0.24559046500631426 0.009373359870991978 0.6  0.3  0.0
0.6054739469391137  0.24733106980776112 0.009158610429071982 0.6  0.3  0.0
0.607596375150687  0.2491947872545027 0.008529724141976886 0.6  0.3  0.0
0.6088602262872918  0.251760651718495 0.0060179490814904965 0.6  0.3  0.0
0.611120872367743  0.25439875327793476 0.003404805099102317 0.6  0.3  0.0
0.6143039371913417  0.25707676268230506 0.001785746254403106 0.6  0.3  0.0
0.6182972246850913  0.2597800745150548 0.0007770095728252037 0.6  0.3  0.0
0.6203053794147911  0.2634579566886816 0.0007759834202104841 0.6  0.3  0.0
0.62319595231233  0.2669737656484555 0.0006839061615249207 0.6  0.3  0.0
0.6268472025334608  0.27030540587746205 0.000585871896031999 0.6  0.3  0.0
0.6294975475901124  0.2716608362661505 0.0042851737142594 0.6  0.3  0.0
0.6333955369419376  0.27775198541661034 0.006647719880086197 0.6  0.3  0.0
0.6414422682937979  0.2831396651876473 0.002570439416184108 0.6  0.3  0.0
0.64918954288506  0.28781717470651375 0.00032845080527817887 0.6  0.3  0.0
0.6567640796025798  0.29186744872916426 -0.0013081662443343721 0.6  0.3  0.0
0.6605183365373153  0.2959887922064614 0.0032953230634351406 0.6  0.3  0.0
0.6513465076464892  0.29764610805323055 -0.011120329401732977 0.6  0.3  0.0
0.6441374301963717  0.2999641580790392 -0.019292947368000544 0.6  0.3  0.0
0.6377188394273131  0.30265001328299473 -0.024209166520639806 0.6  0.3  0.0
0.6295983828099467  0.296605008920226 0.017258002721645155 0.6  0.3  0.0
0.6229468202267477  0.2919108327976143 0.047099085803743654 0.6  0.3  0.0
0.6172866037733477  0.2877278606632812 0.06888746927059695 0.6  0.3  0.0
0.6126869241774291  0.2851905753661468 0.0776224084972512 0.6  0.3  0.0
0.6098139577194706  0.28084342214801156 0.043871751848482854 0.6  0.3  0.0
0.6069670995146188  0.27665105325423756 0.01800068970176035 0.6  0.3  0.0
0.6041240323340729  0.2725375700537232 -0.004966636098643257 0.6  0.3  0.0
0.6015270249606302  0.268418430825816 -0.02335281779512851 0.6  0.3  0.0
0.5972230113729206  0.2638878251897617 -0.021489556366150138 0.6  0.3  0.0
0.5932538361040158  0.25952459490144675 -0.017349817203615857 0.6  0.3  0.0
0.5895925818358572  0.2554357902568096 -0.011163065537929714 0.6  0.3  0.0
0.5862905121188546  0.2517896236371203 -0.005217054908839116 0.6  0.3  0.0
0.5824938481083181  0.2479313089904589 -0.015531831136321464 0.6  0.3  0.0
0.5793082844846302  0.24432125659497828 -0.023175354653227384 0.6  0.3  0.0
0.5766241297193955  0.24085322819070398 -0.028365596202088193 0.6  0.3  0.0
0.5766586511908163  0.23718252343939764 -0.03096711988174632 0.6  0.3  0.0
0.5714103024779482  0.23385581561493754 -0.029337045515541248 0.6  0.3  0.0
0.5673141167277816  0.23319188709299413 -0.03910809217985987 0.6  0.3  0.0
0.5633857833599749  0.23001859587752832 -0.031560314295959596 0.6  0.3  0.0
0.5600048766700257  0.22746532521207846 -0.02377346757478074 0.6  0.3  0.0
0.5573093439190804  0.2242800292567181 -0.01902564993674514 0.6  0.3  0.0
0.5550941588993559  0.22158235261181133 -0.013239881741046216 0.6  0.3  0.0
0.5533247110605256  0.21928207928288304 -0.0068605012389023595 0.6  0.3  0.0
0.551962641531954  0.21730832370659806 -0.002993741022601331 0.6  0.3  0.0
0.5493870277077462  0.2157516955586782 -0.006318451822040976 0.6  0.3  0.0
0.5472944556365194  0.2146202434488067 -0.008368156030098148 0.6  0.3  0.0
0.5456720824848743  0.21386942985598936 -0.009416074546701424 0.6  0.3  0.0
0.5445028029762246  0.2134546549651102 -0.009743915425626741 0.6  0.3  0.0
0.5445083029812269  0.212279556716053 -0.007130287343938085 0.6  0.3  0.0
0.5462742453707135  0.20986702803883966 -0.007148634436268276 0.6  0.3  0.0
0.5473627039545815  0.2097424859994477 -0.0032699896984835866 0.6  0.3  0.0
0.5476871940309852  0.21164234655061404 -0.005774401949128729 0.6  0.3  0.0
0.5483852003646441  0.21169296546960248 -0.007509778457513214 0.6  0.3  0.0
0.549345253744736  0.2122617211341545 -0.01010419569611582 0.6  0.3  0.0
0.5505621490920707  0.21323001376731227 -0.013129491785252426 0.6  0.3  0.0
0.5521304172309369  0.21450925050757885 -0.01644873186537055 0.6  0.3  0.0
0.555740177422239  0.2160568282796203 -0.015214085584097604 0.6  0.3  0.0
0.5595417011822063  0.21784197278653378 -0.013980748455287134 0.6  0.3  0.0
0.5635097454265772  0.21984529429758615 -0.012783952393162944 0.6  0.3  0.0
0.5676234109063077  0.22209691471484388 -0.011715461000282416 0.6  0.3  0.0
0.5702176012493665  0.22605013837318516 -0.010437064804770677 0.6  0.3  0.0
0.5729625799315449  0.23015390471492428 -0.009112533176602381 0.6  0.3  0.0
0.5759687815717237  0.23435437059446612 -0.007809340421348849 0.6  0.3  0.0
0.5784253601337255  0.23530311288862313 -0.01938630931438958 0.6  0.3  0.0
0.5825745649727541  0.2416585921670333 -0.009758144103350885 0.6  0.3  0.0
0.5838392806010343  0.24851494741664165 -0.00470622606619351 0.6  0.3  0.0
0.5893186854708273  0.2540108207258296 -0.002406890840845689 0.6  0.3  0.0
0.5943257567829201  0.2595195805075363 -0.001221212997180742 0.6  0.3  0.0
0.599068391018756  0.2643058382705474 -0.0006321235014094388 0.6  0.3  0.0
0.6041949799258097  0.2690355745245958 -0.00033197170352569156 0.6  0.3  0.0
0.6097507255098853  0.2737344509944182 -0.00020146737721852648 0.6  0.3  0.0
0.6157306262573174  0.2784278419291121 -0.00017594088993081732 0.6  0.3  0.0
0.6205114219629627  0.2836597468413613 9.466582057959387e-05 0.6  0.3  0.0
0.6260010336844924  0.2886776277341936 -0.00046510181102204406 0.6  0.3  0.0
0.6321214270860828  0.29370014767762825 -0.0008506207430971015 0.6  0.3  0.0
0.6387694543514639  0.29875680833181917 -0.0013710953220176865 0.6  0.3  0.0
0.6451998392116349  0.30119506448055 -0.0006944578416098957 0.6  0.3  0.0
0.638491921299535  0.2934671615621012 -0.02284235213015086 0.6  0.3  0.0
0.6321139891664388  0.28928817706424337 -0.01738245580558707 0.6  0.3  0.0
0.6317396399116599  0.28582493514063767 -0.025959248666552914 0.6  0.3  0.0
0.6308606928947694  0.28238978299502454 -0.019745918733938432 0.6  0.3  0.0
0.6293882968311559  0.2789871579529752 -0.009883963629503603 0.6  0.3  0.0
0.6220541161268999  0.27686911199695574 -0.018993742258153014 0.6  0.3  0.0
0.6158036418038808  0.2745258383787643 -0.016701178315809063 0.6  0.3  0.0
0.6133696342134445  0.2731432729558877 -0.019711012593648422 0.6  0.3  0.0
0.6113612856362061  0.2719168953881643 -0.020025653313762416 0.6  0.3  0.0
0.6097580748273028  0.2708224388861067 -0.018956994633891163 0.6  0.3  0.0
0.6085493133406156  0.2698861543744543 -0.017132312458567396 0.6  0.3  0.0
0.606600523746855  0.26735881866317335 -0.0077717349083010895 0.6  0.3  0.0
0.6052120380327403  0.26565039083170394 -0.0032516279505317843 0.6  0.3  0.0
0.6043012415737974  0.26429615908874404 -0.0003082446013022073 0.6  0.3  0.0
0.6038784278840944  0.26327337238220716 0.002073906439117416 0.6  0.3  0.0
0.6006211928869004  0.2605633650819636 0.0014792146733258586 0.6  0.3  0.0
0.5983897987554072  0.25845117939644247 0.0010708091326456846 0.6  0.3  0.0
0.597147733400923  0.25689078550937755 0.0007538971340127347 0.6  0.3  0.0
0.596669167789291  0.25589342088487216 0.00036675889226207435 0.6  0.3  0.0
0.5974396858745362  0.2552062051202982 0.0074966246082437266 0.6  0.3  0.0
0.5979181232481431  0.2534763917195795 0.006029842558009186 0.6  0.3  0.0
0.5991954621841934  0.2526151223797625 0.0042653700321432396 0.6  0.3  0.0
0.6011879490072354  0.25246902734586474 0.002546515498706125 0.6  0.3  0.0
0.6008183806029666  0.2510773924454549 0.0018519094362584483 0.6  0.3  0.0
0.6011781121377424  0.250435197433831 0.0012784840418825568 0.6  0.3  0.0
0.6006790374621991  0.24857870919370512 0.006306760198038889 0.6  0.3  0.0
0.603006194574563  0.2497791918658986 0.0030346855590355315 0.6  0.3  0.0
0.6022924300092987  0.24861069940708275 0.0017989632457416354 0.6  0.3  0.0
0.6021108088367146  0.24806402578675357 0.0010858418697878669 0.6  0.3  0.0
0.6025427526003821  0.2481437187225319 0.000563790047901726 0.6  0.3  0.0
0.6036737550620808  0.2488324740620336 7.637427776201715e-05 0.6  0.3  0.0
0.6023958558289548  0.25004812751497524 0.01176935058417881 0.6  0.3  0.0
0.6020336889003173  0.24984545884934323 0.006125086070343276 0.6  0.3  0.0
0.6025224725644309  0.2503927495374316 0.0029989732333805096 0.6  0.3  0.0
0.6038455874865222  0.25155027871597624 0.0011905419756366845 0.6  0.3  0.0
0.6018525562331953  0.2523102362294639 0.0026858705032217533 0.6  0.3  0.0
0.6009800890485167  0.25356378837922594 0.003150608917872404 0.6  0.3  0.0
0.6012102201147762  0.2552270500906759 0.00254605633087156 0.6  0.3  0.0
0.6010717606787925  0.2553244289443655 0.006111794552405195 0.6  0.3  0.0
0.6015585904768316  0.2586206286515525 0.0032684606465792914 0.6  0.3  0.0
0.6028824357772571  0.26186774814357516 0.001627681273830666 0.6  0.3  0.0
0.6050786624000154  0.2651138721770619 0.0006434800496418435 0.6  0.3  0.0
0.6081086023704814  0.26836321909180133 4.65187134893794e-05 0.6  0.3  0.0
0.6104394168703083  0.27208290198169915 0.002102949148862046 0.6  0.3  0.0
0.6135542583947003  0.27530888591713115 0.0015171733830977156 0.6  0.3  0.0
0.6173884859063881  0.2784167250909779 0.0010973541643966556 0.6  0.3  0.0
0.6218123892460088  0.28143599824060156 0.0008906780464569656 0.6  0.3  0.0
0.6245358309922614  0.286642687153023 0.0025785704603786047 0.6  0.3  0.0
0.6314454616317992  0.2913864163717537 -0.0009908997884175799 0.6  0.3  0.0
0.6363614914431578  0.2936766108748893 -0.0002547900199991979 0.6  0.3  0.0
0.6439368578804143  0.2981556247626828 -0.0031604661191206454 0.6  0.3  0.0
0.6490650639686453  0.30313293833230454 -0.000788983997924585 0.6  0.3  0.0
0.6542310499210272  0.3071577024492938 0.0007894214903868537 0.6  0.3  0.0
0.6590721518862448  0.31036578603132514 0.0029655874664702713 0.6  0.3  0.0
0.6520723625403028  0.3109243768776311 -0.01637947384127677 0.6  0.3  0.0
0.6458261777104781  0.31249554812754354 -0.04009466975660869 0.6  0.3  0.0
0.6348912974554218  0.30544025840482897 0.005316643062902672 0.6  0.3  0.0
0.6256147428198056  0.30003918951975517 0.03918991004222797 0.6  0.3  0.0
0.6176185356984921  0.29557431390101574 0.06341631219098476 0.6  0.3  0.0
0.6151478356550345  0.2906619471916389 0.04158008502814076 0.6  0.3  0.0
0.6128198361373145  0.28601159804480186 0.0204198200955996 0.6  0.3  0.0
0.6104785549809314  0.2815411374504746 0.00643985255336702 0.6  0.3  0.0
0.6080833923704936  0.27718924851431614 -0.006014338636383338 0.6  0.3  0.0
0.6032890580962295  0.2722254851414507 -0.010024735635502702 0.6  0.3  0.0
0.5986960398712067  0.2674468726934515 -0.011824080390958244 0.6  0.3  0.0
0.5943624226223863  0.2628565132389483 -0.011350290695269922 0.6  0.3  0.0
0.5903724912440586  0.2588042940830057 -0.007274003686647346 0.6  0.3  0.0
0.5861073417801795  0.2546725337974088 -0.014395666268708331 0.6  0.3  0.0
0.5822188579371087  0.2508366773740438 -0.018960147695013 0.6  0.3  0.0
0.5787952992961074  0.24725488760220066 -0.02099913019432183 0.6  0.3  0.0
0.5759507788151541  0.24378223253223774 -0.020555400231205008 0.6  0.3  0.0
0.5722623352911318  0.23969351575543435 -0.02117419837353737 0.6  0.3  0.0
0.569108134425392  0.23598639697762477 -0.019646174573670815 0.6  0.3  0.0
0.5664241870177322  0.23261989432665786 -0.016236257641635738 0.6  0.3  0.0
0.5663524898962748  0.2290190596064643 -0.010573053550304598 0.6  0.3  0.0
0.562094372553466  0.22601060551740557 -0.011709694075650699 0.6  0.3  0.0
0.5585081017785459  0.22562358395750354 -0.02442867419407682 0.6  0.3  0.0
0.5556069572692972  0.22282555049794872 -0.019813337746022727 0.6  0.3  0.0
0.5531428975258641  0.22065864220961662 -0.015352680732422701 0.6  0.3  0.0
0.55007634268607  0.21834044572318387 -0.01108190197573485 0.6  0.3  0.0
0.5475112819268859  0.21650177531453205 -0.006071748887539177 0.6  0.3  0.0
0.5454325768668108  0.21504456881064907 -0.002946780736001569 0.6  0.3  0.0
0.543832914094712  0.21391508051892139 -0.0010448092380167307 0.6  0.3  0.0
0.5436589799163046  0.21276785991136007 -0.004867716887058862 0.6  0.3  0.0
0.543950207221861  0.21200222718821748 -0.007797187974995179 0.6  0.3  0.0
0.544682482742435  0.21157177361674728 -0.010030612398265611 0.6  0.3  0.0
0.5458266788817548  0.21141050798650285 -0.011602081173842529 0.6  0.3  0.0
0.5467743452340744  0.21124597999921657 -0.012742983085548738 0.6  0.3  0.0
0.549072918590248  0.2097253507745587 -0.01748841488372924 0.6  0.3  0.0
0.551171681778263  0.21058035536908407 -0.014300176098034809 0.6  0.3  0.0
0.5518958428067856  0.21323467353633468 -0.020726842162840584 0.6  0.3  0.0
0.5540633343694573  0.21458369425841023 -0.017353223550460893 0.6  0.3  0.0
0.556285389842999  0.21632422407227117 -0.014917038098375295 0.6  0.3  0.0
0.5587461541345067  0.21847341010866594 -0.01329689222876178 0.6  0.3  0.0
0.5614870278866625  0.22086028216640988 -0.012058127032443303 0.6  0.3  0.0
0.564950001477018  0.22412278214437736 -0.012448080627107986 0.6  0.3  0.0
0.5684913082998313  0.2274971586169431 -0.012687767044613678 0.6  0.3  0.0
0.5720897040796039  0.2309741496089164 -0.01273066194225518 0.6  0.3  0.0
0.575810739203254  0.23450918678803365 -0.012583470825047492 0.6  0.3  0.0
0.5798763513986691  0.23884821526782124 -0.008220359174454826 0.6  0.3  0.0
0.5842993585123809  0.2431850695280842 -0.00442581209872564 0.6  0.3  0.0
0.5888871850648153  0.24753787341321223 -0.00228387512204694 0.6  0.3  0.0
0.5936320852490523  0.2519138013121282 -0.0010980596356565653 0.6  0.3  0.0
0.5961557329268288  0.25303029817190054 -0.012926224406041086 0.6  0.3  0.0
0.5988321065009311  0.2595850167926436 -0.006015540565147127 0.6  0.3  0.0
0.605626776604886  0.264691674190725 -0.003300964255837914 0.6  0.3  0.0
0.6120125399952046  0.26959684689867924 -0.001911917320507877 0.6  0.3  0.0
0.6175168361816599  0.27446646828459587 -0.0006426796514639082 0.6  0.3  0.0
0.6235087698714831  0.2793385171224456 -0.0002460988262458626 0.6  0.3  0.0
0.6300276965308435  0.2840269838445585 -0.0006923747200710956 0.6  0.3  0.0
0.6370508764635795  0.2887159784333759 -0.001362453477277598 0.6  0.3  0.0
0.6427806908311544  0.2923919590352866 -0.0006579440021870495 0.6  0.3  0.0
0.6491778011976284  0.29607515274517604 -0.00034162021864940235 0.6  0.3  0.0
0.6441396211704611  0.2913876357893318 -0.015014884575412835 0.6  0.3  0.0
0.641525772513877  0.2884442668394144 -0.021970176792636926 0.6  0.3  0.0
0.6367259727346104  0.284108333593069 -0.014730731396498685 0.6  0.3  0.0
0.6353685802235975  0.2795131400308725 -0.009664711207744887 0.6  0.3  0.0
0.6338268347138716  0.27557394113262856 -0.004795047436250078 0.6  0.3  0.0
0.6264487000195946  0.27241145031594577 -0.018489708499093843 0.6  0.3  0.0
0.6219476622014897  0.2709380303397624 -0.02421853413392794 0.6  0.3  0.0
0.6184152832994924  0.26968808437271513 -0.024732576507020466 0.6  0.3  0.0
0.6155185152589919  0.2684793573513049 -0.022554151890306916 0.6  0.3  0.0
0.6133768739372047  0.2673045004999701 -0.018071311639243064 0.6  0.3  0.0
0.6121086149656849  0.2650163390622667 -0.009263403450638598 0.6  0.3  0.0
0.6112932533328151  0.2630415014204754 -0.004252178519674205 0.6  0.3  0.0
0.6109818118148591  0.26176831688957863 -0.002042849658805309 0.6  0.3  0.0
0.61108818331396  0.26082513494705484 -0.0009597751412042455 0.6  0.3  0.0
0.607779221408973  0.2585263921984702 0.0011740506696326784 0.6  0.3  0.0
0.6051779693566794  0.2567835907497618 0.0022844510569769074 0.6  0.3  0.0
0.603680445779223  0.25548756159257 0.003567969804948173 0.6  0.3  0.0
0.6030267337031447  0.25464938063138387 0.004235197032877 0.6  0.3  0.0
0.601566093019931  0.2521507907601815 0.004497231188772044 0.6  0.3  0.0
0.6021679732864178  0.2518317476838774 0.008845575265335304 0.6  0.3  0.0
0.6022870404450555  0.2501483394106142 0.004703001923780478 0.6  0.3  0.0
0.6032019047649044  0.24926323774259315 0.00232442234919383 0.6  0.3  0.0
0.6027614372056322  0.24759078619251002 0.004306452695332936 0.6  0.3  0.0
0.6031034770415201  0.2466894612795297 0.005599509768111308 0.6  0.3  0.0
0.6041620707410333  0.24647049610251037 0.006148070750801529 0.6  0.3  0.0
0.6043448826883578  0.2449792676150662 0.013837375139865408 0.6  0.3  0.0
0.6035704486340232  0.24421449843173235 0.006575769241071003 0.6  0.3  0.0
0.6032411409335764  0.24391124941570655 0.0025610833001473675 0.6  0.3  0.0
0.6034609740603488  0.24414677127914364 -0.00036292028578902664 0.6  0.3  0.0
0.6043410300571292  0.2449005563801366 -0.003507554513724843 0.6  0.3  0.0
0.6036325057625358  0.24390940700139593 -0.0010073226407380925 0.6  0.3  0.0
0.6037330937321991  0.24357438607304627 0.0006085401719703235 0.6  0.3  0.0
0.605071141925137  0.24555578303920952 0.013073396516194066 0.6  0.3  0.0
0.6075450919323212  0.24603637462226985 0.006979530189022298 0.6  0.3  0.0
0.6049296404727421  0.24615579827954173 0.0040937563128131335 0.6  0.3  0.0
0.603365009031076  0.24687410691200343 0.0023573550197762356 0.6  0.3  0.0
0.6028878549523354  0.24808051869001344 0.0012542009594255922 0.6  0.3  0.0
0.6034860877304881  0.24967849051855232 0.0004887454488466597 0.6  0.3  0.0
0.602253178478666  0.2493361322325236 0.005624031851829022 0.6  0.3  0.0
0.604038627840339  0.2516543365863325 0.003246567170405927 0.6  0.3  0.0
0.6065292424150222  0.2539227600688059 0.0019030969827338873 0.6  0.3  0.0
0.6097382698727303  0.2561920655064985 0.0011212128972701166 0.6  0.3  0.0
0.61133360119379  0.25994880987081603 0.001323336167558527 0.6  0.3  0.0
0.6138447095275036  0.26364160314502216 0.0012493567044767197 0.6  0.3  0.0
0.6171580157622857  0.2670420424434418 0.0008030674677023059 0.6  0.3  0.0
0.6211556603390548  0.27017567859956015 0.0002207133490331342 0.6  0.3  0.0
0.6247784350925883  0.2747592308505605 -0.00012645503935494366 0.6  0.3  0.0
0.6290551518547169  0.27878445698523463 -0.00011375933497380199 0.6  0.3  0.0
0.6312649158268508  0.2825747260430276 0.0041720887084018355 0.6  0.3  0.0
0.6364742184216075  0.2842073691157696 0.0028738762974416824 0.6  0.3  0.0
0.6432720671196146  0.28988545117877823 0.001574222323284285 0.6  0.3  0.0
0.6498744873834006  0.2945766804259471 0.0009188369898976313 0.6  0.3  0.0
0.6564130060536021  0.2984332331944657 0.00047741278488651703 0.6  0.3  0.0
0.6518449712930466  0.30008333794415143 -0.018920382248375365 0.6  0.3  0.0
0.6464663077722932  0.30266900768993316 -0.03351722665137361 0.6  0.3  0.0
0.6416899434771451  0.30555167361990376 -0.045007320871479704 0.6  0.3  0.0
0.631468220602432  0.3000808784633419 0.005322631580114395 0.6  0.3  0.0
0.6224988321161046  0.29589477873611436 0.043924320671670035 0.6  0.3  0.0
0.6187614092889484  0.29142237793611087 0.03322804003078063 0.6  0.3  0.0
0.6153361120517947  0.2873220951816501 0.020154073992763557 0.6  0.3  0.0
0.6119853824267982  0.28342019920698186 0.009599750632374372 0.6  0.3  0.0
0.6086523647668215  0.27959294052192324 0.003136549248321953 0.6  0.3  0.0
0.6043407672090093  0.27445589593222747 -0.004018368039887779 0.6  0.3  0.0
0.6001441088219901  0.2695529402267294 -0.010333654292136266 0.6  0.3  0.0
0.5961279586154263  0.2647890746758458 -0.014322117373833165 0.6  0.3  0.0
0.5923429122189809  0.260168825169401 -0.01595050973976037 0.6  0.3  0.0
0.5875549387213409  0.25609650113157173 -0.021522279390251108 0.6  0.3  0.0
0.5831195354647698  0.2522652003023454 -0.024696222669768418 0.6  0.3  0.0
0.5790748379989251  0.24866301033540855 -0.02548441854533178 0.6  0.3  0.0
0.5757707029836682  0.2451964306728744 -0.02364829856873294 0.6  0.3  0.0
0.5745104183581837  0.24081664546551942 -0.023479487254187057 0.6  0.3  0.0
0.5707167980499454  0.23702932655460818 -0.022442660853275627 0.6  0.3  0.0
0.567616765545367  0.23357047471576467 -0.019802656909609157 0.6  0.3  0.0
0.5650672567395318  0.23039775880541655 -0.015544939092930869 0.6  0.3  0.0
0.5616942713582012  0.22695401172113716 -0.014629157115830021 0.6  0.3  0.0
0.558819007801124  0.22391163121980667 -0.012172163418156388 0.6  0.3  0.0
0.5565063495029803  0.22346214308360648 -0.020825485810162452 0.6  0.3  0.0
0.5545524117799416  0.2205328675981647 -0.012661286810569975 0.6  0.3  0.0
0.551575922840879  0.21735036520015888 -0.008199705202860914 0.6  0.3  0.0
0.5490923927807776  0.21475037331839944 -0.004309083737439771 0.6  0.3  0.0
0.5470853744000157  0.21261476374222524 -0.001946566853536441 0.6  0.3  0.0
0.5455467638916968  0.2108705647267291 -0.00048747524295613895 0.6  0.3  0.0
0.5447333624363487  0.20927701462017928 -0.0035657441241881776 0.6  0.3  0.0
0.544352352039353  0.20810990949419003 -0.005759127617839704 0.6  0.3  0.0
0.5459175720637814  0.20586221503174493 -0.008822199993093036 0.6  0.3  0.0
0.5464675326261974  0.20574569228068887 -0.006817196292817504 0.6  0.3  0.0
0.5466068914657571  0.20547584853728307 -0.008543320796385125 0.6  0.3  0.0
0.5472045332903326  0.20547872031753028 -0.01031581313760655 0.6  0.3  0.0
0.5481735469046533  0.2057120375842507 -0.01232854401434289 0.6  0.3  0.0
0.5495231109957405  0.206217517329106 -0.014440719550315211 0.6  0.3  0.0
0.5498444219450632  0.20910941041542316 -0.0221210857302371 0.6  0.3  0.0
0.5524886314948824  0.21022476581258365 -0.02158659339917052 0.6  0.3  0.0
0.5551213537275453  0.21172543788343012 -0.021350651492503852 0.6  0.3  0.0
0.5578217674387423  0.2134797375399132 -0.021206123395508134 0.6  0.3  0.0
0.5602026247346834  0.2166343007267993 -0.02131695552428741 0.6  0.3  0.0
0.562826198470726  0.21993254018752523 -0.02132800445668604 0.6  0.3  0.0
0.5656926181866581  0.2233402964655347 -0.021265659706611793 0.6  0.3  0.0
0.568553037370084  0.22690023581780994 -0.02106639039656078 0.6  0.3  0.0
0.5720574232246406  0.2310342220223922 -0.015250582123306097 0.6  0.3  0.0
0.5751032558790756  0.23197342186104228 -0.022006348636090717 0.6  0.3  0.0
0.5797607451171872  0.2369321417910524 -0.010927626772627508 0.6  0.3  0.0
0.5841696612224653  0.24148834218300508 -0.0051303399394922325 0.6  0.3  0.0
0.5888762205872697  0.246747627317067 -0.0034208007655899516 0.6  0.3  0.0
0.5905800387569476  0.2527283465205038 -0.001975929186406448 0.6  0.3  0.0
0.5971249560530006  0.2575328295501237 -0.002584924005039592 0.6  0.3  0.0
0.6034254522835468  0.26239064508359417 -0.002604667866578201 0.6  0.3  0.0
0.6081048271250928  0.267326610230372 -0.0010452852649423772 0.6  0.3  0.0
0.6132755831894142  0.27232347251161904 -0.00028510056159604684 0.6  0.3  0.0
0.6189642832415213  0.2773987606848634 -2.094287633074921e-05 0.6  0.3  0.0
0.6251446118138062  0.28247077201342224 7.520252496503668e-05 0.6  0.3  0.0
0.6307498945300098  0.28658212613263173 -6.756431361684538e-05 0.6  0.3  0.0
0.6370897053650122  0.29071404227643177 -0.0002319656783015918 0.6  0.3  0.0
0.6440665465856941  0.29490503931354983 -0.0004342216522475311 0.6  0.3  0.0
0.6376344411211435  0.2886650381713425 -0.031906452125334314 0.6  0.3  0.0
0.6353467657422238  0.28554767133570896 -0.02575306789391517 0.6  0.3  0.0
0.6308002045582232  0.2830367232120152 -0.012538564155957582 0.6  0.3  0.0
0.6305050438863815  0.28053585213406135 -0.00856712241923211 0.6  0.3  0.0
0.6296393336231237  0.27789013693669373 -0.0043439971073703 0.6  0.3  0.0
0.621470275585516  0.2766317937470031 -0.021907364032211767 0.6  0.3  0.0
0.6147174408269531  0.2753229859948046 -0.028441900165196522 0.6  0.3  0.0
0.6089620423597093  0.27388851505968953 -0.028428171254032995 0.6  0.3  0.0
0.6042252862039453  0.2725305689767889 -0.02366230326428044 0.6  0.3  0.0
0.6036046106158023  0.27105851118513274 -0.01877653539056025 0.6  0.3  0.0
0.6034017756925577  0.26986380464591364 -0.013174383881676587 0.6  0.3  0.0
0.6035292940131606  0.26895474101171274 -0.007890133920538734 0.6  0.3  0.0
0.6040018884754912  0.26823429574225044 -0.004121337603422034 0.6  0.3  0.0
0.601065905963595  0.2666513859380864 -0.00048817937425364765 0.6  0.3  0.0
0.5987177923570668  0.26549722012801125 0.002375757306890542 0.6  0.3  0.0
0.597005345138946  0.26474143271606193 0.004498168786974906 0.6  0.3  0.0
0.5960186607807967  0.2643350799036907 0.006148802705632243 0.6  0.3  0.0
0.595458368668403  0.2633274996678684 0.010014995150216512 0.6  0.3  0.0
0.5940528789967774  0.2609784076511888 0.005347264144324729 0.6  0.3  0.0
0.5935244713126511  0.25944728899476377 0.0026675157631777394 0.6  0.3  0.0
0.5938132890770664  0.2585889451078356 0.0010257070550136632 0.6  0.3  0.0
0.5935993773958412  0.2572386799206204 0.004413938208053953 0.6  0.3  0.0
0.5942103608379766  0.25664232526019914 0.006446374901215479 0.6  0.3  0.0
0.5942531024388966  0.25476937406457767 0.015617500217669198 0.6  0.3  0.0
0.5969679470894734  0.25609215523927503 0.012560814319945417 0.6  0.3  0.0
0.596332338418307  0.25499777473489055 0.006726527231677382 0.6  0.3  0.0
0.5962529078252179  0.2545141476088922 0.0033025148795768206 0.6  0.3  0.0
0.596765659883869  0.2546537509813678 0.0013013072314651667 0.6  0.3  0.0
0.5979095683818401  0.2553761499271447 4.028229383353367e-05 0.6  0.3  0.0
0.5981768031466772  0.25615598553548596 0.01137203757549827 0.6  0.3  0.0
0.5985611543505028  0.25562312629655454 0.007325474421605628 0.6  0.3  0.0
0.5996318200642691  0.2559233933650801 0.004086282436581479 0.6  0.3  0.0
0.6014214161475242  0.25693560153267364 0.0022153993895249347 0.6  0.3  0.0
0.598809306378396  0.256689458211255 0.0015396898586086986 0.6  0.3  0.0
0.5972089127778637  0.25711858778354457 0.0009708390082937959 0.6  0.3  0.0
0.5966497827913986  0.25815100762916976 0.00042191859728348815 0.6  0.3  0.0
0.5971280704201953  0.25970834363803996 -0.00012187364758361422 0.6  0.3  0.0
0.5947189649937948  0.25937975024406745 0.00828402024243271 0.6  0.3  0.0
0.5952429433201583  0.26210851468611085 0.006550934571861229 0.6  0.3  0.0
0.5965620523117061  0.26489798680559273 0.004734072686373836 0.6  0.3  0.0
0.5987107520318744  0.2678016952517674 0.002878614469697181 0.6  0.3  0.0
0.599276359449082  0.27100276279263574 0.0020874746861484464 0.6  0.3  0.0
0.6008151271250377  0.2743020192772013 0.001471374095484197 0.6  0.3  0.0
0.6032478282335899  0.2776623355784517 0.0010099645853598955 0.6  0.3  0.0
0.6047577224388294  0.28136887879324696 0.010019645783067861 0.6  0.3  0.0
0.607133214897426  0.28544222384072176 0.004083978331498034 0.6  0.3  0.0
0.6099462832938548  0.2893981218670706 0.0004907633222783828 0.6  0.3  0.0
0.6132583709665422  0.2932050928326453 -0.0015562385473368591 0.6  0.3  0.0
0.6157340425990968  0.29487045737497236 -0.00021583581719664255 0.6  0.3  0.0
0.6226052783003397  0.30091947395840546 -0.0004322409923796787 0.6  0.3  0.0
0.629698248020364  0.30621798398165534 -0.0005650199438123573 0.6  0.3  0.0
0.6369825619520291  0.31088575688197173 -0.0007159187648216154 0.6  0.3  0.0
0.6443464685975133  0.31501250559565497 -0.0008790343883980133 0.6  0.3  0.0
0.6487534382606358  0.3194289184147074 -0.00016473716464217704 0.6  0.3  0.0
0.6529238116573737  0.32299577222813425 0.00041581204519385636 0.6  0.3  0.0
0.6377535289866748  0.31457441828959554 0.03642513084261723 0.6  0.3  0.0
0.6262575011791156  0.3086528894971335 0.0684012582520516 0.6  0.3  0.0
0.6225325252410363  0.303440723683259 0.053556270938240245 0.6  0.3  0.0
0.619556988072821  0.3002107786935165 0.027713497239909176 0.6  0.3  0.0
0.6169868204589397  0.29622091243778426 0.013484631054353213 0.6  0.3  0.0
0.6145007350719455  0.2923776111475396 0.0049715265798870745 0.6  0.3  0.0
0.6101634119827726  0.2870071219558538 0.0019211171763877134 0.6  0.3  0.0
0.6059245362153135  0.2818439918115595 0.0001884507768931988 0.6  0.3  0.0
0.6017526118821706  0.276783678859458 -0.0004665836329558827 0.6  0.3  0.0
0.597690839162199  0.27182370074448664 -0.000504908668144871 0.6  0.3  0.0
0.5933473249638982  0.26729270721656423 -0.011458778736036021 0.6  0.3  0.0
0.5892190233737212  0.26321238300144384 -0.018933097966921796 0.6  0.3  0.0
0.5853233661471154  0.2593132659704409 -0.023726772789449704 0.6  0.3  0.0
0.5816964676805612  0.2555819552829867 -0.02583449832577772 0.6  0.3  0.0
0.5771792325790684  0.25104693984730725 -0.02227274288102061 0.6  0.3  0.0
0.5733375071053145  0.2466806967815878 -0.017203891716136666 0.6  0.3  0.0
0.5699226043148624  0.2426132181862003 -0.010486862556642652 0.6  0.3  0.0
0.5669246663608664  0.23882586099741251 -0.004968707939435434 0.6  0.3  0.0
0.5640172163786934  0.237291847315549 -0.02203546111212069 0.6  0.3  0.0
0.5611311566447051  0.23338591476410372 -0.020357573962687017 0.6  0.3  0.0
0.5586018725199577  0.23010173559651548 -0.018166415165301753 0.6  0.3  0.0
0.5585205396093941  0.22675707129761447 -0.013747146575998303 0.6  0.3  0.0
0.5537373820684958  0.2234561323331455 -0.013064355593332213 0.6  0.3  0.0
0.549662882909846  0.22061903872696245 -0.011534634708916688 0.6  0.3  0.0
0.5461933156877058  0.21820219830782467 -0.0091286179669238 0.6  0.3  0.0
0.5432805089027879  0.2161517264173609 -0.0058626883971619505 0.6  0.3  0.0
0.5415610414213793  0.21414172887130156 -0.005529699904703305 0.6  0.3  0.0
0.5402566613043487  0.21252147222912157 -0.00420825694399467 0.6  0.3  0.0
0.5393390118296432  0.21123595709624352 -0.002576803054736757 0.6  0.3  0.0
0.538779413128741  0.21023541779078622 -0.0015258071880402742 0.6  0.3  0.0
0.53907041784361  0.20884267080818888 -0.0055253507860186495 0.6  0.3  0.0
0.5387878655763929  0.20984483606068036 -0.01921076134535183 0.6  0.3  0.0
0.540284350346585  0.20864594540381096 -0.0196888771733844 0.6  0.3  0.0
0.5419516933949696  0.20799042183617358 -0.020607198479044346 0.6  0.3  0.0
0.5427251247705961  0.20807702156530175 -0.018781053631329866 0.6  0.3  0.0
0.5447384280072177  0.20677485393018985 -0.02096338199561822 0.6  0.3  0.0
0.5465094158429449  0.20787761623534076 -0.015348653454544886 0.6  0.3  0.0
0.5485290040624698  0.20900335119532557 -0.010926784141015791 0.6  0.3  0.0
0.5508238317643411  0.21147612318117798 -0.014517338489288672 0.6  0.3  0.0
0.5533471185622348  0.21406505966603576 -0.018240307247763102 0.6  0.3  0.0
0.5560864116183296  0.21673905086575943 -0.02183122546663015 0.6  0.3  0.0
0.5590258327003594  0.21949706137705347 -0.02519632711955715 0.6  0.3  0.0
0.5618337400431739  0.2231242195612996 -0.02049214810676031 0.6  0.3  0.0
0.564774705280028  0.2267281647818445 -0.01561318945899294 0.6  0.3  0.0
0.5679119963246787  0.23031025316267448 -0.010690041032427152 0.6  0.3  0.0
0.5688773919163914  0.23504327295617344 -0.009435659545807735 0.6  0.3  0.0
0.5741961709466732  0.2387577315173753 -0.008027028835770082 0.6  0.3  0.0
0.5795592082686932  0.2425943388814066 -0.006700422864230241 0.6  0.3  0.0
0.5850105364750473  0.24649877886086838 -0.005568090556051856 0.6  0.3  0.0
0.5906629780373966  0.25044177693277647 -0.004551076505125692 0.6  0.3  0.0
0.593477252143753  0.2513760839387526 -0.015224409985075054 0.6  0.3  0.0
0.5997038752354719  0.2568533429407263 -0.007199034923136094 0.6  0.3  0.0
0.6058777317307147  0.2618616893935363 -0.003178971786119536 0.6  0.3  0.0
0.6121400829925533  0.2666449510258257 -0.0012557370984327726 0.6  0.3  0.0
0.6181633065946186  0.2711959736452388 -0.0003519065556227258 0.6  0.3  0.0
0.624803658234059  0.2757544236253088 -0.00019872011513018723 0.6  0.3  0.0
0.6320237496436493  0.2801359733537928 -0.0006162327595819 0.6  0.3  0.0
0.6397573111017305  0.2844370019415716 -0.0017402030687343052 0.6  0.3  0.0
0.6415627465506434  0.28869840473296443 0.007021427574932848 0.6  0.3  0.0
0.6480634946545646  0.2927424996225599 0.0044273797082710585 0.6  0.3  0.0
0.6426824099258743  0.288561542798729 -0.006067402767629579 0.6  0.3  0.0
0.6394374460373347  0.2861386570611823 -0.008200216070091344 0.6  0.3  0.0
0.6373878122210542  0.28167223407178776 -0.010805648758356469 0.6  0.3  0.0
0.6356881891711548  0.27722050617849886 -0.008197295151753941 0.6  0.3  0.0
0.6287171454960908  0.2744146671727795 -0.026752470517038066 0.6  0.3  0.0
0.6227090942334886  0.2711570925771214 -0.0343679631679057 0.6  0.3  0.0
0.6199250493194433  0.26993808196806435 -0.03461183295147273 0.6  0.3  0.0
0.6176330031651676  0.2684437719446 -0.03279498995463207 0.6  0.3  0.0
0.6157505392312563  0.26707606048389104 -0.029635804255548362 0.6  0.3  0.0
0.6142482612945837  0.2658634250060337 -0.025856050687242494 0.6  0.3  0.0
0.6118858415236086  0.26357024867145695 -0.016329096045608126 0.6  0.3  0.0
0.6100314778690261  0.26191951989475 -0.01016878204411253 0.6  0.3  0.0
0.6087547843086726  0.2607652316615929 -0.005482406428949675 0.6  0.3  0.0
0.6080207531093481  0.259867316275223 -0.0028332814745438456 0.6  0.3  0.0
0.6044431602116804  0.2575605882330172 -0.001131775407248774 0.6  0.3  0.0
0.601884498451825  0.2557472369893974 -0.00019517391661443353 0.6  0.3  0.0
0.6003131527592563  0.2543831137586785 0.000322559038630352 0.6  0.3  0.0
0.5994728456467145  0.25345720285944945 0.00048183155821417774 0.6  0.3  0.0
0.5983285996163865  0.25118973608103995 0.00418862270398804 0.6  0.3  0.0
0.5992074879188941  0.25107057686102136 0.010777003180790293 0.6  0.3  0.0
0.5997801313894611  0.24972343669622388 0.0087065585631253 0.6  0.3  0.0
0.6011469968275667  0.24916522198976487 0.006469141856956221 0.6  0.3  0.0
0.5992592106081388  0.24585509212807774 0.013099697183856701 0.6  0.3  0.0
0.5998548986782777  0.24561900665657696 0.0080300704658639 0.6  0.3  0.0
0.6009138436976813  0.24579119238969208 0.004286871783324358 0.6  0.3  0.0
0.6024972878177025  0.2464084778467242 0.002118595642938875 0.6  0.3  0.0
0.6016417549479464  0.24503165308787156 0.0013549372652462296 0.6  0.3  0.0
0.6014244873457444  0.24434806288192903 0.0008348180081658808 0.6  0.3  0.0
0.601899891718138  0.24430870901739865 0.00036643094819043773 0.6  0.3  0.0
0.6030289998539794  0.24488663551727435 -0.00012315850464156205 0.6  0.3  0.0
0.601025868798862  0.24404034624301585 0.001279492142779546 0.6  0.3  0.0
0.5999589104118783  0.24386942850358018 0.001595743190288354 0.6  0.3  0.0
0.6002477663291216  0.2459999242954889 0.012501774872162393 0.6  0.3  0.0
0.6017631031909189  0.24670657047397604 0.006387144470537288 0.6  0.3  0.0
0.5993051888786907  0.24700897189949475 0.00366079234263548 0.6  0.3  0.0
0.5967739978776506  0.24598039614983797 0.007350346675439563 0.6  0.3  0.0
0.5970692548404906  0.24791792838609733 0.0036338121740783365 0.6  0.3  0.0
0.5981692543300774  0.2499632191790046 0.0015782369864374428 0.6  0.3  0.0
0.5985381768796157  0.252329204038893 0.001423431517072199 0.6  0.3  0.0
0.5999581074464168  0.25488265944075517 0.0012101684191642703 0.6  0.3  0.0
0.602388269341055  0.2575919921278318 0.0009678757185697068 0.6  0.3  0.0
0.6057382304785438  0.26041308981688155 0.0007400844910188086 0.6  0.3  0.0
0.607422474587622  0.26422671170551243 0.0008097657554673728 0.6  0.3  0.0
0.6100625304556162  0.26798010298259295 0.000724826253050031 0.6  0.3  0.0
0.6135021545499998  0.27134785189375976 0.0001506930030867222 0.6  0.3  0.0
0.6176219696157522  0.2745269582609032 -0.00034957114395597964 0.6  0.3  0.0
0.6207111565010404  0.2774523219463442 0.0013772633294536478 0.6  0.3  0.0
0.6267750310221262  0.2824646143968133 0.00013071631100773293 0.6  0.3  0.0
0.6303752420889147  0.28670300916604025 0.0022050922549990246 0.6  0.3  0.0
0.6382786443059645  0.2907237865252263 -0.001581103719746381 0.6  0.3  0.0
0.6441285499127214  0.29559289060990324 -0.0002699312114427001 0.6  0.3  0.0
0.6499535415817668  0.29960957290168755 0.00045382446839707083 0.6  0.3  0.0
0.655775338613814  0.30285879663870513 0.0007578820102497382 0.6  0.3  0.0
0.6496627815134033  0.30387348938337116 -0.01735273575551695 0.6  0.3  0.0
0.6442236077022777  0.30604302731620586 -0.039106276396912526 0.6  0.3  0.0
0.6330098374801927  0.2990495114220992 0.010335571950736755 0.6  0.3  0.0
0.6239378810804126  0.2948100708006471 0.0407970423192833 0.6  0.3  0.0
0.6155775727444771  0.2907928038029616 0.06734234167120536 0.6  0.3  0.0
0.6133448274876424  0.2862769405001289 0.04498495920095674 0.6  0.3  0.0
0.6111419725870312  0.28198667409561734 0.02296586595141518 0.6  0.3  0.0
0.6088810619637942  0.2778250233020477 0.008232992616081031 0.6  0.3  0.0
0.6065172363379339  0.2736989036963003 -0.004223596726180985 0.6  0.3  0.0
0.6017392736629394  0.26884191450632 -0.008544873622707337 0.6  0.3  0.0
0.5970916190171638  0.26411844863001116 -0.01066830910688965 0.6  0.3  0.0
0.592629541346656  0.259535037321384 -0.010565658618273695 0.6  0.3  0.0
0.588411246996151  0.2551669113444839 -0.00799454845169382 0.6  0.3  0.0
0.5838514042886715  0.25091282283449134 -0.016012459478587097 0.6  0.3  0.0
0.5796185034739466  0.24692493763264722 -0.021455928817238634 0.6  0.3  0.0
0.5757431789682096  0.2431877650329553 -0.02433210897791484 0.6  0.3  0.0
0.5724826478600176  0.23955440054817015 -0.02475045939893996 0.6  0.3  0.0
0.5680873854531092  0.23550366217681365 -0.025772776895316957 0.6  0.3  0.0
0.5642049542716766  0.23179932272781154 -0.024685058248495498 0.6  0.3  0.0
0.5632558991195359  0.22791872279574824 -0.02102755131352159 0.6  0.3  0.0
0.5598479630065131  0.22488625173210994 -0.01513521446690642 0.6  0.3  0.0
0.5564667531876029  0.22368064723167388 -0.02793789423470798 0.6  0.3  0.0
0.5532711331117502  0.220017118480003 -0.023025813733783967 0.6  0.3  0.0
0.5505301657942979  0.2170271569814239 -0.01826070835151331 0.6  0.3  0.0
0.5481901813320483  0.21453231946348403 -0.01308700568839043 0.6  0.3  0.0
0.5448777399016952  0.21186046289857094 -0.011328813318054774 0.6  0.3  0.0
0.5420474273076212  0.20964745581198876 -0.008570154954834671 0.6  0.3  0.0
0.5396835432081711  0.2078188129452045 -0.004952943258861562 0.6  0.3  0.0
0.5377563515069422  0.20631850667135682 -0.0025793020306864502 0.6  0.3  0.0
0.5369358811974252  0.2048148131983049 -0.004748593600579757 0.6  0.3  0.0
0.5365390928919833  0.2036838413905214 -0.006109636358869579 0.6  0.3  0.0
0.536543235727603  0.20288157543496965 -0.006873353020911759 0.6  0.3  0.0
0.5369217956461206  0.20236389433977753 -0.007236491536600239 0.6  0.3  0.0
0.5388943777032424  0.20009385802269966 -0.012545012623403719 0.6  0.3  0.0
0.5401551426664654  0.20018662040759197 -0.010456736240442813 0.6  0.3  0.0
0.540541918781914  0.20224122158333543 -0.018733338102036493 0.6  0.3  0.0
0.5428248934981014  0.20209217386980882 -0.016764038153336165 0.6  0.3  0.0
0.5445301459522137  0.20312133458964035 -0.015505395402058569 0.6  0.3  0.0
0.5463691026600875  0.2044116585432591 -0.015019818072932747 0.6  0.3  0.0
0.5484387874228122  0.20593763122874256 -0.01470547363733919 0.6  0.3  0.0
0.5506665303014031  0.20773683144469626 -0.014574801948112127 0.6  0.3  0.0
0.5536678090363175  0.2106381385626731 -0.015428018902001739 0.6  0.3  0.0
0.5568162396169175  0.2136372641627279 -0.016150322467068524 0.6  0.3  0.0
0.5600967220869355  0.21671464458471754 -0.016751741548611237 0.6  0.3  0.0
0.5633210458501491  0.2199093405377488 -0.01716798900544163 0.6  0.3  0.0
0.5668403496638533  0.22378647413869113 -0.012367402320113349 0.6  0.3  0.0
0.5704211341360071  0.2276938205607603 -0.007911104925371594 0.6  0.3  0.0
0.5742900376803751  0.23160339736835064 -0.0042359648886459164 0.6  0.3  0.0
0.5775015317299769  0.23215860991744644 -0.014119045964783746 0.6  0.3  0.0
0.579158535749734  0.23950801403485936 -0.007023745111414587 0.6  0.3  0.0
0.584769695125692  0.24512429854128892 -0.0037758770472064523 0.6  0.3  0.0
0.5901756896966143  0.2505348430859303 -0.0020091583142461266 0.6  0.3  0.0
0.5956089323672343  0.25588099316874696 -0.0011029049338738923 0.6  0.3  0.0
0.6007602816939822  0.2610465865539925 -0.00013840362086530616 0.6  0.3  0.0
0.6063862683840282  0.26620664690212525 0.00019265970649190082 0.6  0.3  0.0
0.6124944501267844  0.2713908228247278 0.0001631025940706066 0.6  0.3  0.0
0.6190534520033355  0.2765874116857427 -2.2641911895611135e-05 0.6  0.3  0.0
0.6240015470001258  0.28108528273057615 -9.921592692767564e-05 0.6  0.3  0.0
0.6297032085421285  0.2855710761026049 -0.00022853420127498246 0.6  0.3  0.0
0.636068998517825  0.29008618588651924 -0.0004107585607240878 0.6  0.3  0.0
0.6429913162076639  0.29466497949445103 -0.0006452301223300347 0.6  0.3  0.0
0.6370815768644612  0.2887860571934798 -0.011929678332593265 0.6  0.3  0.0
0.628964531793615  0.2832249262861538 -0.01259484436173653 0.6  0.3  0.0
0.6285658338835087  0.27984815428073634 -0.014553834111447126 0.6  0.3  0.0
0.6274433993062069  0.2765383105237426 -0.01459593146834532 0.6  0.3  0.0
0.6191511092580855  0.2746466834714654 -0.0323713106140178 0.6  0.3  0.0
0.6118980561330282  0.2726271518007154 -0.03850844017213159 0.6  0.3  0.0
0.6055969565998566  0.2706343371329134 -0.03753240903863051 0.6  0.3  0.0
0.6000249366541435  0.2687542294112498 -0.03219551557104775 0.6  0.3  0.0
0.599094713452575  0.26740018986768116 -0.028652487610827445 0.6  0.3  0.0
0.5984678644196233  0.26625684567874225 -0.02431795787106384 0.6  0.3  0.0
0.598299491301619  0.2654780567924518 -0.019666378718241853 0.6  0.3  0.0
0.5984754654394637  0.26489522456261366 -0.014957749561729253 0.6  0.3  0.0
0.5956059342400333  0.2633119116712893 -0.007896382304108992 0.6  0.3  0.0
0.5933040681262326  0.2620959696766344 -0.003782141397654379 0.6  0.3  0.0
0.59159605824949  0.26120119523654206 -0.0014233254874722904 0.6  0.3  0.0
0.5906740642516746  0.2605835387602177 -1.3429567726779132e-05 0.6  0.3  0.0
0.5885670056933094  0.258252369920537 0.0005016960402314223 0.6  0.3  0.0
0.5872499725250312  0.2565769955127329 0.0005246050852783069 0.6  0.3  0.0
0.5881449340890867  0.2569188125288984 0.0020653640821453882 0.6  0.3  0.0
0.5883101934444243  0.2559622940304084 0.0004541741265328956 0.6  0.3  0.0
0.5866754992486406  0.2524312547841141 0.009898049817972735 0.6  0.3  0.0
0.5875152441538046  0.25208024546583696 0.007669841077518739 0.6  0.3  0.0
0.5890094023425777  0.25228701076371773 0.004960888258479257 0.6  0.3  0.0
0.5911281010985326  0.2529886158424647 0.0028336293822132093 0.6  0.3  0.0
0.5910144724892191  0.2521822447287123 0.001631234082797477 0.6  0.3  0.0
0.5915654679466475  0.2520421718046384 0.0008201076547973109 0.6  0.3  0.0
0.5927597276139002  0.25253456309559574 0.00021015932494735528 0.6  0.3  0.0
0.5945636433237923  0.25363893562219336 -0.00028678508829987524 0.6  0.3  0.0
0.5937840955309297  0.2525022465194431 0.0005411902075160567 0.6  0.3  0.0
0.5937093249081312  0.2521196507995377 0.000823911220687263 0.6  0.3  0.0
0.5952048780114924  0.2539846414360679 0.009640484817720566 0.6  0.3  0.0
0.5971320843818431  0.25468097775718 0.004744263389211429 0.6  0.3  0.0
0.5939314882288134  0.25460904239645815 0.0027032394114589933 0.6  0.3  0.0
0.5916549686836244  0.255273193492661 0.0015790898531575113 0.6  0.3  0.0
0.589274654436174  0.2544340708311338 0.006024159132309317 0.6  0.3  0.0
0.5896848834713905  0.25686769887814864 0.002666788644303196 0.6  0.3  0.0
0.5882681881404015  0.2589171469463272 0.0028468881455268316 0.6  0.3  0.0
0.587873762279976  0.261264846095256 0.002398463701076432 0.6  0.3  0.0
0.5885399071423781  0.2639149500742583 0.0016923248840017674 0.6  0.3  0.0
0.5902382334173937  0.26683566205916814 0.001115012491729198 0.6  0.3  0.0
0.591283044748062  0.2700508618979868 0.0013552284140969323 0.6  0.3  0.0
0.5933569492063608  0.2734089592761442 0.0011930973878896158 0.6  0.3  0.0
0.5963565807339684  0.27685362896878896 0.0009497711918444866 0.6  0.3  0.0
0.6001514187548916  0.280331428067806 0.0007202140968538518 0.6  0.3  0.0
0.6018561492090351  0.2846028345849642 0.0002200336401182477 0.6  0.3  0.0
0.6025046444756675  0.2883353034803335 0.003880161598856797 0.6  0.3  0.0
0.6058753621835815  0.2904299777105047 0.001978271123462726 0.6  0.3  0.0
0.6112031517732422  0.2948580358916818 -0.003034197870871207 0.6  0.3  0.0
0.6179858510064672  0.3004349248650723 -0.002893143821241484 0.6  0.3  0.0
0.6249556597542103  0.30538730118730023 -0.0026007310685114285 0.6  0.3  0.0
0.6321085236618643  0.309801569526714 -0.00248786347463478 0.6  0.3  0.0
0.6393622391257906  0.31375075830911203 -0.00259088465783222 0.6  0.3  0.0
0.6443198332665424  0.3181365322516314 -0.0014778005194715142 0.6  0.3  0.0
0.649046994182522  0.3217516795819429 -0.0007160899354472454 0.6  0.3  0.0
0.6352952278462869  0.3133629141045112 0.03803380342231764 0.6  0.3  0.0
0.6249277577999969  0.30729837553326333 0.07175683807617411 0.6  0.3  0.0
0.6215760306654688  0.3023476420196431 0.05751858309860722 0.6  0.3  0.0
0.6188550040710455  0.29928667595791514 0.032650441335084365 0.6  0.3  0.0
0.616364417869636  0.2965080714926526 0.01478291310916022 0.6  0.3  0.0
0.6136571650554498  0.29297226816919325 0.005002872173727007 0.6  0.3  0.0
0.6093490635637928  0.28797453435275694 0.0022406245992494874 0.6  0.3  0.0
0.6050400572582282  0.28327057790298804 0.0004237130780840987 0.6  0.3  0.0
0.6008483347502299  0.2786844146436766 -0.00038955946617942486 0.6  0.3  0.0
0.5968815861323093  0.2741100593019455 -0.0003271684471424271 0.6  0.3  0.0
0.5929128101813413  0.26938928184071925 -0.012877974183899708 0.6  0.3  0.0
0.5891463537766376  0.26526818907195837 -0.02148418546012259 0.6  0.3  0.0
0.585583947175042  0.2613259312728777 -0.027444948520226962 0.6  0.3  0.0
0.5822662889771407  0.2575491018556432 -0.030751571641902304 0.6  0.3  0.0
0.5773469833844651  0.25341944298787 -0.02835898056313064 0.6  0.3  0.0
0.5728891067344883  0.24953992986354667 -0.02423913511446764 0.6  0.3  0.0
0.5690835318962592  0.24585551733809896 -0.018510661877361057 0.6  0.3  0.0
0.5662500517824214  0.24503880025957184 -0.02647836979571909 0.6  0.3  0.0
0.5622303823905239  0.24012743135093292 -0.020043380286934524 0.6  0.3  0.0
0.5609943124731047  0.23554886027855937 -0.011834157640218902 0.6  0.3  0.0
0.5577130326610553  0.2319250844155905 -0.0058455201466589895 0.6  0.3  0.0
0.5550843544804206  0.2286641619146818 -0.0022772952779603617 0.6  0.3  0.0
0.5528219309975031  0.22508532277088703 -0.004399965972081926 0.6  0.3  0.0
0.5510565288609309  0.22198272562184843 -0.00516278074437297 0.6  0.3  0.0
0.5497353855939866  0.21930730189428907 -0.00462299879605991 0.6  0.3  0.0
0.5488194670115284  0.21701320729981272 -0.0029254415606307827 0.6  0.3  0.0
0.5471851249300463  0.2145787883946001 -0.0020460984805716217 0.6  0.3  0.0
0.5460078463330915  0.2125610927310882 -0.001322647295351868 0.6  0.3  0.0
0.5452638281086027  0.2109138470171882 -0.0007444397433619393 0.6  0.3  0.0
0.5449339734005854  0.20960472705320882 -0.0003037675921103738 0.6  0.3  0.0
0.5452639941559315  0.20803527364818025 -0.0036712163680120286 0.6  0.3  0.0
0.5450456430977444  0.20882098296787435 -0.016330043454787266 0.6  0.3  0.0
0.5465024656273737  0.20756050306162477 -0.016379712579660456 0.6  0.3  0.0
0.5491284409862729  0.20546643325894123 -0.019002923207358795 0.6  0.3  0.0
0.5489955638292783  0.20629866424270166 -0.018621940309912908 0.6  0.3  0.0
0.5492305992757999  0.20732111994931168 -0.0193487317391205 0.6  0.3  0.0
0.5498483087086194  0.2085480629460103 -0.020756732883796647 0.6  0.3  0.0
0.5508453130124377  0.20995902950316261 -0.022478957474873378 0.6  0.3  0.0
0.5531547505964535  0.2122685547887942 -0.02200279541811901 0.6  0.3  0.0
0.5557127104997455  0.21478389051033692 -0.02155503006998108 0.6  0.3  0.0
0.5584906336432525  0.21739998903333277 -0.02092466474833984 0.6  0.3  0.0
0.561461619122808  0.22008705980571416 -0.0200838389911242 0.6  0.3  0.0
0.5637730167616012  0.22406400583348948 -0.019188135606551682 0.6  0.3  0.0
0.5663805805719861  0.22803171359679544 -0.018007411884942315 0.6  0.3  0.0
0.5692342884921683  0.23198437903435784 -0.016593478099143858 0.6  0.3  0.0
0.5701763291349505  0.23706890749345344 -0.018265730273761778 0.6  0.3  0.0
0.5757048886665754  0.24071901070554588 -0.011872137997720938 0.6  0.3  0.0
0.5812969688809959  0.24446283783666747 -0.006199715711180091 0.6  0.3  0.0
0.5858028104181087  0.24465438454461838 -0.012775693090464349 0.6  0.3  0.0
0.5929390682197719  0.24934828619817584 -0.005533155401634814 0.6  0.3  0.0
0.5979816413245542  0.2550657682109432 -0.0030822314563257454 0.6  0.3  0.0
0.6032843807544699  0.26042419203182493 -0.0018223458596997677 0.6  0.3  0.0
0.6089235240923738  0.26563413015636284 -0.0012392010579044147 0.6  0.3  0.0
0.6149177869287331  0.2708130815283372 -0.0010313997243989203 0.6  0.3  0.0
0.6206762858573992  0.2750374337844874 1.979139959781438e-05 0.6  0.3  0.0
0.6270959950822181  0.2792141063894518 5.44185869906262e-05 0.6  0.3  0.0
0.6341097738061493  0.2832299785618041 -0.00030844126245705133 0.6  0.3  0.0
0.64163741688206  0.287242287237633 -0.0006717987866849749 0.6  0.3  0.0
0.6435840642930195  0.29140873585513016 0.006029973584317231 0.6  0.3  0.0
0.6501873982573955  0.2953605403751815 0.0032008126242503393 0.6  0.3  0.0
0.6445361826479721  0.2911150259656145 -0.009054202692248369 0.6  0.3  0.0
0.6410783901351091  0.2884931602095533 -0.01185346390300839 0.6  0.3  0.0
0.638971440461811  0.28407730099181994 -0.013508669127544727 0.6  0.3  0.0
0.6375472342672768  0.28029881456233935 -0.010172541557366204 0.6  0.3  0.0
0.6304328363981175  0.27758819332143614 -0.02734171711936785 0.6  0.3  0.0
0.6246203469083043  0.2747993311091622 -0.03225599150192155 0.6  0.3  0.0
0.6215075759277798  0.2736902239519068 -0.034630810069606055 0.6  0.3  0.0
0.6187795521576821  0.27222253111430783 -0.03503750631201132 0.6  0.3  0.0
0.6164702455719346  0.27086571372908563 -0.03396233435164526 0.6  0.3  0.0
0.6145546142274286  0.2696544719158874 -0.03212197459396487 0.6  0.3  0.0
0.6127327292241818  0.26750998392140446 -0.022049720410884474 0.6  0.3  0.0
0.6113587952559678  0.2658702374365864 -0.014129310118773913 0.6  0.3  0.0
0.6105237377337244  0.2648337448257178 -0.008958886521060219 0.6  0.3  0.0
0.6102157991893163  0.2640948282152271 -0.004744826223545449 0.6  0.3  0.0
0.6065034505816678  0.2619016443830679 -0.0019621673164923626 0.6  0.3  0.0
0.6037054691561579  0.26022086511156933 -0.00048796804164099325 0.6  0.3  0.0
0.6020052767427517  0.2589957950222155 0.0003336808306199048 0.6  0.3  0.0
0.6010070464390882  0.2581861866585013 0.0006813566084550336 0.6  0.3  0.0
0.6000529654765109  0.2561010661533319 0.0016109490694865736 0.6  0.3  0.0
0.5999333784680682  0.25471867522535824 0.001356095288251991 0.6  0.3  0.0
0.6016786381752768  0.2552985783222124 0.004365616138959466 0.6  0.3  0.0
0.6031602754894397  0.25476096768446094 0.0018903133894012315 0.6  0.3  0.0
0.60057203673638  0.25146731258495403 0.010463074435067037 0.6  0.3  0.0
0.600488056530396  0.2513174217865322 0.007464384201691035 0.6  0.3  0.0
0.6008774902991662  0.2515975913694247 0.004805337512771282 0.6  0.3  0.0
0.6018028592953332  0.25233515559809055 0.0027584948472139386 0.6  0.3  0.0
0.6010714828832587  0.2509463130132518 0.0014228160592622975 0.6  0.3  0.0
0.600939234584963  0.25029992540977986 0.0005838039238240142 0.6  0.3  0.0
0.6014892911046407  0.2503202493879963 -8.677709150206549e-05 0.6  0.3  0.0
0.602683748057966  0.2509780883604421 -0.0007110358561849102 0.6  0.3  0.0
0.5999936613637217  0.2501172804809868 0.003857255824604835 0.6  0.3  0.0
0.5982589176433347  0.2499638705462778 0.007160490156702939 0.6  0.3  0.0
0.5975093764704548  0.25046065517552407 0.009046602281191357 0.6  0.3  0.0
0.5980912579494336  0.2529987929926671 0.02116470193230543 0.6  0.3  0.0
0.5953086331372816  0.25365976483129443 0.013000024538751912 0.6  0.3  0.0
0.5923779897113698  0.25291548346050985 0.012969794290039556 0.6  0.3  0.0
0.5923356226657004  0.2553193290878954 0.006170946730840139 0.6  0.3  0.0
0.5930842558362626  0.25782142399833774 0.0024284656795318296 0.6  0.3  0.0
0.5930029632492093  0.2604103054750725 0.0049406147541525836 0.6  0.3  0.0
0.5939677598629839  0.2631799949122615 0.006891817074555564 0.6  0.3  0.0
0.5959499082628891  0.26610228288639987 0.008252937335708078 0.6  0.3  0.0
0.5988659443259622  0.2691361483144806 0.009161641566338011 0.6  0.3  0.0
0.6010127013851745  0.2735226272443132 0.005018265308215298 0.6  0.3  0.0
0.6041036258100214  0.27781911689386307 0.002514624265153961 0.6  0.3  0.0
0.607954212142294  0.2815816249014181 -0.00012422094591713886 0.6  0.3  0.0
0.6124641312937903  0.28524638691948156 -0.0025757384177070163 0.6  0.3  0.0
0.615767169699774  0.2881279769171761 0.002867193955820548 0.6  0.3  0.0
0.6218117876403377  0.29312068447745926 0.0014283506370480635 0.6  0.3  0.0
0.6280253447578309  0.2974615134719468 0.000674877833458483 0.6  0.3  0.0
0.6318101027922025  0.30087056226425546 0.0031867596732569788 0.6  0.3  0.0
0.6390600449583391  0.3059487730530148 0.0013501688184612182 0.6  0.3  0.0
0.6460359279809036  0.3101443735550018 0.0003714308763385695 0.6  0.3  0.0
0.6524378910604235  0.31357039752657584 0.00012549529108312878 0.6  0.3  0.0
0.6463893262751185  0.314221061758193 -0.027123233292249145 0.6  0.3  0.0
0.6327082582128396  0.305907990341966 0.02047588702816823 0.6  0.3  0.0
0.6218341946628749  0.29959351136138446 0.05710502264454239 0.6  0.3  0.0
0.6124758937764468  0.29454787718879394 0.08478912261210479 0.6  0.3  0.0
0.6039247138200984  0.29006428136953455 0.10727849638723447 0.6  0.3  0.0
0.6033766931174311  0.28492384042858326 0.07346130512385854 0.6  0.3  0.0
0.6027226862889998  0.279955932065337 0.04168642677737759 0.6  0.3  0.0
0.6018756604073262  0.27525529202542665 0.016105448547231824 0.6  0.3  0.0
0.6008228455896611  0.27066066287672647 -0.007280926887481505 0.6  0.3  0.0
0.5961032514852782  0.265241687788583 -0.0054902508155713296 0.6  0.3  0.0
0.5915114319718119  0.26000924681567805 -0.0029759867546774467 0.6  0.3  0.0
0.587110256256708  0.25499480921001566 -0.0011046551930199366 0.6  0.3  0.0
0.5829854606585125  0.2504857277981862 0.002308708537237153 0.6  0.3  0.0
0.5791471551564952  0.24609426212755056 -0.009774772181756864 0.6  0.3  0.0
0.5755876664506264  0.24200368574251505 -0.019060382723204816 0.6  0.3  0.0
0.5723251716990884  0.23809423382537026 -0.02549609767185959 0.6  0.3  0.0
0.5696123788153369  0.23427776677380588 -0.029224390774545354 0.6  0.3  0.0
0.5653204049074573  0.23013668050586628 -0.0282173736540122 0.6  0.3  0.0
0.5615045581609562  0.22635765693833815 -0.025130149555393867 0.6  0.3  0.0
0.5581130022495868  0.2228951110498979 -0.02022517297826494 0.6  0.3  0.0
0.5574338490263828  0.2192308655381635 -0.012719462047720464 0.6  0.3  0.0
0.5534736821363088  0.21821398827547436 -0.02772734642849147 0.6  0.3  0.0
0.5498016129760481  0.21473797487915264 -0.025180090544343683 0.6  0.3  0.0
0.5465954495448713  0.21192437286377475 -0.022832418388414828 0.6  0.3  0.0
0.5438082706664207  0.20959010636762865 -0.0200436646621632 0.6  0.3  0.0
0.5405186273781774  0.20719898036628376 -0.01700579292053021 0.6  0.3  0.0
0.5376781732964896  0.20522526149831696 -0.013066491165339377 0.6  0.3  0.0
0.535279846397964  0.20359931568713158 -0.008334823063713054 0.6  0.3  0.0
0.5333049968070974  0.20225897692658915 -0.004327514147822804 0.6  0.3  0.0
0.5325079489225575  0.2011817993514163 -0.00912536340156835 0.6  0.3  0.0
0.5321168658145652  0.20040212341230806 -0.013022077255609677 0.6  0.3  0.0
0.5321069445844064  0.19986702888434518 -0.01611180197502663 0.6  0.3  0.0
0.5324500123869049  0.19953224924839916 -0.018522311902367517 0.6  0.3  0.0
0.5334590435164269  0.19884901891338289 -0.018430497638290813 0.6  0.3  0.0
0.5358913306584945  0.1969117653845466 -0.021766830299071113 0.6  0.3  0.0
0.5365627005920183  0.199067349657357 -0.026596785801305645 0.6  0.3  0.0
0.5391769273398068  0.19882918962111162 -0.021734823490904567 0.6  0.3  0.0
0.5409776263814571  0.19986867432312552 -0.020903302235630885 0.6  0.3  0.0
0.5428905379174924  0.2012343049155357 -0.02110117704797742 0.6  0.3  0.0
0.5449569150671592  0.2028665669708906 -0.02195530010618431 0.6  0.3  0.0
0.5471432060650646  0.2046937446246014 -0.022917538105262803 0.6  0.3  0.0
0.5502882875379456  0.2074971252644804 -0.02224003442542301 0.6  0.3  0.0
0.5535085225283827  0.21036753764171218 -0.021573408467872913 0.6  0.3  0.0
0.5566679382037327  0.2133042394166054 -0.021103513378247632 0.6  0.3  0.0
0.5593876615489844  0.21638009329182412 -0.02087161066334813 0.6  0.3  0.0
0.5626852355840779  0.21992255402560054 -0.016037356187806866 0.6  0.3  0.0
0.5662587537911777  0.2234671546598064 -0.011210722479996302 0.6  0.3  0.0
0.5701073599524064  0.22701832420550105 -0.006440379501774858 0.6  0.3  0.0
0.5742228903104271  0.2305796528786984 -0.003353739939423244 0.6  0.3  0.0
0.5743757910364478  0.23241450931716642 -0.015531717692121012 0.6  0.3  0.0
0.581131821196212  0.23741118359424604 -0.009340809687491323 0.6  0.3  0.0
0.5874433616370781  0.24205562468483957 -0.0053012907907477955 0.6  0.3  0.0
0.5935951076840567  0.24649871423278155 -0.00305116055752664 0.6  0.3  0.0
0.5991267312788997  0.2518600458147235 -0.0016964771458363886 0.6  0.3  0.0
0.6050827171065615  0.25711370742060463 -0.0010142994539086964 0.6  0.3  0.0
0.6114933379585167  0.26235104987753305 -0.0007526577034079383 0.6  0.3  0.0
0.6183438105050287  0.26762137596864094 -0.0007411179882770634 0.6  0.3  0.0
0.6232604848821608  0.2721334253594277 0.0002584392064127305 0.6  0.3  0.0
0.6288880152904543  0.2765268056689122 0.00016263516591250298 0.6  0.3  0.0
0.6351506779440667  0.28089751506171234 1.3329979093775748e-06 0.6  0.3  0.0
0.6419518444086698  0.2853191652767343 -0.00015734524675444948 0.6  0.3  0.0
0.6446266231955357  0.28840525716647514 0.007685295515164909 0.6  0.3  0.0
0.6400056436982732  0.2830954634401185 -0.007705866100233379 0.6  0.3  0.0
0.6354195385545408  0.2775380487611238 -0.022620207093927057 0.6  0.3  0.0
0.6344679665760301  0.27480579702294483 -0.017903791602307133 0.6  0.3  0.0
0.6319012126121659  0.2710845492600408 -0.010663360438728089 0.6  0.3  0.0
0.6232902086101139  0.26892279238070893 -0.025290678538882016 0.6  0.3  0.0
0.6159863036544262  0.26684277856454436 -0.030043770690105383 0.6  0.3  0.0
0.6095615299475349  0.2646658444624375 -0.028784245733545127 0.6  0.3  0.0
0.6077608703697257  0.2632447918963917 -0.025823250656535554 0.6  0.3  0.0
0.606375546389072  0.26191365335269634 -0.021530424553483907 0.6  0.3  0.0
0.6053822613631387  0.26084349802271695 -0.017031684711055366 0.6  0.3  0.0
0.6048105475650831  0.25998311220134274 -0.012334190184370868 0.6  0.3  0.0
0.6019558151559453  0.25805744708882833 -0.007304117473968602 0.6  0.3  0.0
0.5997230210942298  0.2565699420658756 -0.0038914751861078532 0.6  0.3  0.0
0.5981346466538461  0.25545592808215467 -0.0019520862307789769 0.6  0.3  0.0
0.5973796137918909  0.25458440017018824 -0.0007021737085541422 0.6  0.3  0.0
0.5945129440556939  0.25194508625415707 0.0007904634015781934 0.6  0.3  0.0
0.5926506097483117  0.24989049960726917 0.0017498506274465793 0.6  0.3  0.0
0.5915790702130765  0.24838834409671726 0.001805302064459326 0.6  0.3  0.0
0.5913034426404143  0.24742316814535545 0.0013853057922641166 0.6  0.3  0.0
0.5921319653707351  0.2470100982677002 0.006525903459154941 0.6  0.3  0.0
0.5928715121127772  0.24569200080249817 0.004287363333015937 0.6  0.3  0.0
0.5944646029954084  0.24520521777509593 0.0025813793494204257 0.6  0.3  0.0
0.5968213950076546  0.2454054430875234 0.0015204921270461581 0.6  0.3  0.0
0.5949962579685272  0.24226518097255617 0.007867635004308706 0.6  0.3  0.0
0.5957293187850063  0.24211710241024237 0.004135705183636788 0.6  0.3  0.0
0.5968935624817195  0.2423776696163382 0.002055207401197732 0.6  0.3  0.0
0.598545385236504  0.24311250550648467 0.000844635507052453 0.6  0.3  0.0
0.597814043433156  0.24204687174805367 0.0007441601557112563 0.6  0.3  0.0
0.5977962220757282  0.24166761641012396 0.0005812059075779427 0.6  0.3  0.0
0.5984727035357398  0.2419625343469929 0.0003173363854393865 0.6  0.3  0.0
0.5999424267709063  0.24287525407211513 -6.620772646909629e-05 0.6  0.3  0.0
0.5979768749209791  0.2441101011305348 0.011214147858695171 0.6  0.3  0.0
0.5970031402585889  0.2440910302717995 0.005860990723719005 0.6  0.3  0.0
0.5970245050538808  0.2448036283215827 0.0028517089735599246 0.6  0.3  0.0
0.5978841546569009  0.2461323747816471 0.0011613009716797261 0.6  0.3  0.0
0.5966300574864639  0.24725713688521198 0.00243041300175468 0.6  0.3  0.0
0.5951954835339385  0.2469269712230922 0.008797716296230083 0.6  0.3  0.0
0.5968411367505304  0.24952558182519535 0.005838104527697825 0.6  0.3  0.0
0.5992300241725854  0.2521712040330316 0.0033648221444952933 0.6  0.3  0.0
0.5999079128997233  0.2552792949787138 0.0024233002728808015 0.6  0.3  0.0
0.6015991658301277  0.2584982004934504 0.0016385664754313175 0.6  0.3  0.0
0.6042480989122014  0.2618006401314923 0.0010655732244259767 0.6  0.3  0.0
0.6077533855320549  0.26514734634847 0.0006542301316238737 0.6  0.3  0.0
0.6099986069085503  0.2694824499354297 0.0008365390901820726 0.6  0.3  0.0
0.6130521668187441  0.27326711588046854 0.00020500451914329796 0.6  0.3  0.0
0.6168447017507939  0.2769398434791433 -0.0001860661337493807 0.6  0.3  0.0
0.6212309301766991  0.2804817898519853 -0.00038337027290046575 0.6  0.3  0.0
0.6228170672956788  0.2835619623062237 0.007897421663423589 0.6  0.3  0.0
0.6306544226486398  0.28874080346548564 0.0032725038050006533 0.6  0.3  0.0
0.6380344027897734  0.293158795117129 0.0010129918112337243 0.6  0.3  0.0
0.6451062530127794  0.29697125636272764 -6.0396991412187476e-05 0.6  0.3  0.0
0.6503515455534964  0.3020257485189431 0.001052369665331495 0.6  0.3  0.0
0.6556977423568047  0.30618679244651 0.0011779935610411974 0.6  0.3  0.0
0.6489212693085569  0.30783485310924463 -0.01850765483035304 0.6  0.3  0.0
0.6440371363324799  0.31037125177614255 -0.031077697093823197 0.6  0.3  0.0
0.6340344882670186  0.3034286971216387 0.015798618889587213 0.6  0.3  0.0
0.6258269392939814  0.29786307264325607 0.052262834898168214 0.6  0.3  0.0
0.6189301551809919  0.2930521580277896 0.07950107912980212 0.6  0.3  0.0
0.6126141634780802  0.28863077558559797 0.10198708670433546 0.6  0.3  0.0
0.6107798908135463  0.283608074945962 0.0649393359503259 0.6  0.3  0.0
0.6089011154005948  0.27874786758549536 0.03127867338306585 0.6  0.3  0.0
0.6069498897433291  0.27401910889081854 0.005659348183396445 0.6  0.3  0.0
0.6049042258903344  0.26943148595539124 -0.017368870205586577 0.6  0.3  0.0
0.5999545471392647  0.26431782632850837 -0.014077207680874167 0.6  0.3  0.0
0.5952259375423954  0.25950211073577817 -0.008358051314096417 0.6  0.3  0.0
0.5907747283874796  0.2551080807192663 -0.003663860824287133 0.6  0.3  0.0
0.5866152654439878  0.2508451903379012 0.0013896267632634981 0.6  0.3  0.0
0.5820039648387851  0.24670904114505066 -0.011496978389626454 0.6  0.3  0.0
0.5777472417718579  0.2428599314107132 -0.021498133609732458 0.6  0.3  0.0
0.5741421391255103  0.23910699597712162 -0.02852704368771722 0.6  0.3  0.0
0.5709532854366877  0.23559210940075154 -0.03242521180834977 0.6  0.3  0.0
0.5696964615531258  0.2310502677110433 -0.02730266001395808 0.6  0.3  0.0
0.5660066746611919  0.2273025183474131 -0.020899150149398436 0.6  0.3  0.0
0.5629642170315271  0.22388346009568633 -0.013204875124107045 0.6  0.3  0.0
0.5607587025640896  0.22330579570929743 -0.01874211148359387 0.6  0.3  0.0
0.5567490021343593  0.2189871236707066 -0.011450934811340388 0.6  0.3  0.0
0.5532686597245602  0.21542230427611309 -0.00576898165670595 0.6  0.3  0.0
0.5502912290233578  0.21240552018101502 -0.002422110224160072 0.6  0.3  0.0
0.5478026575029094  0.2098162936332301 -0.0001366234108116874 0.6  0.3  0.0
0.5459493136554587  0.20757662934764431 -0.003557848873304752 0.6  0.3  0.0
0.5445078443728407  0.20576958947119145 -0.005838142125149161 0.6  0.3  0.0
0.5434504103205898  0.20434460022329315 -0.007148982814730383 0.6  0.3  0.0
0.5427535551300685  0.20324988293322777 -0.007693610520498194 0.6  0.3  0.0
0.5423936760330436  0.20182032358154572 -0.0073249036662244305 0.6  0.3  0.0
0.5424744484226584  0.20075712883979585 -0.006309922365992937 0.6  0.3  0.0
0.5443601649658572  0.19855824522342524 -0.007606294122323445 0.6  0.3  0.0
0.5454531003058524  0.19852195937232767 -0.00396713273736553 0.6  0.3  0.0
0.546131332249437  0.1989818765552279 -0.008502680387419637 0.6  0.3  0.0
0.5471134169251198  0.19959975303063537 -0.013453433206106818 0.6  0.3  0.0
0.5470765495355219  0.20216150835019162 -0.026384682772905184 0.6  0.3  0.0
0.5490490994001977  0.20271668209564347 -0.029882221090984214 0.6  0.3  0.0
0.5511497256141102  0.20408472362924815 -0.02598726343532307 0.6  0.3  0.0
0.5534223511249086  0.20578654635066568 -0.022530498312876096 0.6  0.3  0.0
0.5558224424542891  0.2077735712566167 -0.019422616772453688 0.6  0.3  0.0
0.5584335967501478  0.209929211696234 -0.016564167845282158 0.6  0.3  0.0
0.561331603833393  0.21349090475594135 -0.017125208551173367 0.6  0.3  0.0
0.5643930843601033  0.21709945499000943 -0.017527679885344004 0.6  0.3  0.0
0.5673866545157166  0.22080876692631096 -0.017689927206684025 0.6  0.3  0.0
0.570408401761494  0.2245617388555263 -0.017839137326947013 0.6  0.3  0.0
0.5742099540273107  0.22867958798449595 -0.012782070033541591 0.6  0.3  0.0
0.5776114233167174  0.2294302417970533 -0.021473660864475178 0.6  0.3  0.0
0.5829427202925666  0.23433071481110848 -0.010647810872061618 0.6  0.3  0.0
0.5882227461031609  0.2387791263778994 -0.004986525769262368 0.6  0.3  0.0
0.5895517868486921  0.24507868718600545 -0.0024747126128637793 0.6  0.3  0.0
0.595329873786218  0.25004693688495494 -0.0016999460224307815 0.6  0.3  0.0
0.601011159767211  0.2549825494772501 -0.001135981300355273 0.6  0.3  0.0
0.6067959198583698  0.25994623495163355 -0.0007902407021646047 0.6  0.3  0.0
0.6123135877867286  0.26493888422247536 -0.0002829736600815729 0.6  0.3  0.0
0.6183738121440345  0.26996429921406984 -0.00021191071177678882 0.6  0.3  0.0
0.6249587896825405  0.2748950376250333 -0.0006007743692960032 0.6  0.3  0.0
0.6320186993574426  0.2796966327038049 -0.0013890739950802472 0.6  0.3  0.0
0.6370201079472487  0.28364792673314515 -0.0005492293457603746 0.6  0.3  0.0
0.642769240572441  0.28761893718771014 -0.00016374438750522036 0.6  0.3  0.0
0.6491681560345779  0.2916511909981184 -6.594354809230885e-05 0.6  0.3  0.0
0.641780845099281  0.2853867333546365 -0.028000650743843374 0.6  0.3  0.0
0.6366224241769483  0.28200289991218463 -0.018205158981448186 0.6  0.3  0.0
0.6355724115776196  0.278631282154603 -0.014947482134397724 0.6  0.3  0.0
0.6342476503186082  0.2754436739133672 -0.010407095908233507 0.6  0.3  0.0
0.6269465974824802  0.27316892009105903 -0.028511281468381788 0.6  0.3  0.0
0.6214664227010653  0.27195286709150335 -0.032966486342331604 0.6  0.3  0.0
0.6169054960799728  0.27094085131703977 -0.030559907919973945 0.6  0.3  0.0
0.6129409576403066  0.26982044689592455 -0.025203247505176458 0.6  0.3  0.0
0.6096807833645134  0.268759385706025 -0.017885813667190463 0.6  0.3  0.0
0.6078614819178636  0.2672574875748407 -0.01636389313841473 0.6  0.3  0.0
0.6064212735239521  0.26604584523381875 -0.014655100073987383 0.6  0.3  0.0
0.6055084939841434  0.2651723565162269 -0.01270679331330597 0.6  0.3  0.0
0.6050753558647781  0.26455159232370923 -0.011023405524912303 0.6  0.3  0.0
0.6017141303789184  0.2628071129106734 -0.004933497776980146 0.6  0.3  0.0
0.5990505327932204  0.26154360102294794 -0.0011568303480171825 0.6  0.3  0.0
0.5972865280835326  0.2606590471264253 0.0028021822356684716 0.6  0.3  0.0
0.5964467155284902  0.2600952785405572 0.0072025861671392265 0.6  0.3  0.0
0.5943808190723442  0.2581415966082225 0.00501081114307399 0.6  0.3  0.0
0.5945082713455639  0.25820558753116823 0.005552614628217871 0.6  0.3  0.0
0.5940994243170924  0.25713567395216164 0.002376198885322148 0.6  0.3  0.0
0.5945535483774281  0.25680915672608756 0.0005535573915626843 0.6  0.3  0.0
0.5927278237962513  0.2534093151374031 0.011673131513399026 0.6  0.3  0.0
0.5934117414545157  0.25319378114612434 0.010626867177844028 0.6  0.3  0.0
0.5946850936635611  0.25349079434499733 0.009352020350727434 0.6  0.3  0.0
0.5965366428871319  0.2542761271019129 0.007820792283862565 0.6  0.3  0.0
0.5958458952919453  0.2531414581810248 0.004253164405422118 0.6  0.3  0.0
0.5958085186415876  0.2527424057966644 0.002107163556568539 0.6  0.3  0.0
0.5964306963352057  0.2530394149096938 0.0007376890286657836 0.6  0.3  0.0
0.5977307340457343  0.25397028629268315 -0.00024111866647529034 0.6  0.3  0.0
0.5957612776823826  0.2530906200132972 0.0005329275068744874 0.6  0.3  0.0
0.5955291331145338  0.2545269173510587 0.010711808965086722 0.6  0.3  0.0
0.5958261424517144  0.25482145538280626 0.005609243573786663 0.6  0.3  0.0
0.5969617931382383  0.2558786923492733 0.0027456727001441794 0.6  0.3  0.0
0.5943485069279001  0.25624053260784896 0.0017722850242139808 0.6  0.3  0.0
0.5916932437257214  0.2552142881620202 0.0067674289660363506 0.6  0.3  0.0
0.5918222222332367  0.2574328361314031 0.003298026545616169 0.6  0.3  0.0
0.5927527463906319  0.25984843715056716 0.0013548228896201509 0.6  0.3  0.0
0.5920012366932978  0.26234424703912557 0.0015707014143234305 0.6  0.3  0.0
0.5923328178280185  0.2651441437608109 0.0013587995036237568 0.6  0.3  0.0
0.5937241335865321  0.268213701098408 0.0010843551234524893 0.6  0.3  0.0
0.5960997978785274  0.27149902811027316 0.0008041208200252699 0.6  0.3  0.0
0.597353599635353  0.2751018261851542 0.0009610631135126532 0.6  0.3  0.0
0.5995856936605763  0.2787988208774193 0.0009036829902494782 0.6  0.3  0.0
0.6026903032472317  0.28264807415197435 0.0007587723161866709 0.6  0.3  0.0
0.6065174128364604  0.2865046870243115 0.0006385431064400526 0.6  0.3  0.0
0.608182129261702  0.2891692307321336 0.0009961190257651187 0.6  0.3  0.0
0.6104112388565422  0.2939396196466688 0.0011050188482089073 0.6  0.3  0.0
0.616459807165749  0.2985949717746616 -0.005249858927355277 0.6  0.3  0.0
0.6221815766654974  0.3025882231605575 -0.007341707489362512 0.6  0.3  0.0
0.6289872205541519  0.3077873387457249 -0.003938443934725406 0.6  0.3  0.0
0.6359356416419775  0.3122949848268131 -0.0020675047984039735 0.6  0.3  0.0
0.6429751138400615  0.31617964843182356 -0.0011154254248618449 0.6  0.3  0.0
0.6494555022580464  0.3195163660693531 -0.0003350564016089811 0.6  0.3  0.0
0.6526553350887523  0.3231614697132872 -0.0030581163211280127 0.6  0.3  0.0
0.6352738709499197  0.31298098269212454 0.036976981974621126 0.6  0.3  0.0
0.6220036986311851  0.3068972138198029 0.061890079976664666 0.6  0.3  0.0
0.6106508128751488  0.30164850975621865 0.0856025868907706 0.6  0.3  0.0
0.6097842671771382  0.29662742087006555 0.06351340359405833 0.6  0.3  0.0
0.6091690218784789  0.29194253224030725 0.04208898749603107 0.6  0.3  0.0
0.6084709361529506  0.2890084390407419 0.015411727379191675 0.6  0.3  0.0
0.6073066171754757  0.284874690621133 0.0007777423405540967 0.6  0.3  0.0
0.6020692497400092  0.2798590220423976 -0.005050780179214536 0.6  0.3  0.0
0.5969276232929628  0.2750081862571322 -0.00888285071047149 0.6  0.3  0.0
0.5921635739553867  0.27023149047729106 -0.009259695255316499 0.6  0.3  0.0
0.5876024842555456  0.26570813327656184 -0.007343111631164442 0.6  0.3  0.0
0.5842539117528752  0.2613412563110414 -0.014577767198685218 0.6  0.3  0.0
0.5811138103046319  0.25723528906355747 -0.019275557831761665 0.6  0.3  0.0
0.5782216389469538  0.25337111002318874 -0.02142396952531633 0.6  0.3  0.0
0.5756053409466396  0.24972286830454715 -0.021028069998124902 0.6  0.3  0.0
0.5710484893541555  0.2455911477069691 -0.023670870344694905 0.6  0.3  0.0
0.5670791845399559  0.2417539375963088 -0.024405449002844484 0.6  0.3  0.0
0.5635650773584288  0.238228368537543 -0.023145244059120995 0.6  0.3  0.0
0.5605029109361881  0.23499864799923253 -0.019900831012607277 0.6  0.3  0.0
0.5578725198557638  0.2313961459623689 -0.019399553360566823 0.6  0.3  0.0
0.5577970823006414  0.22975536044821113 -0.028022693856208564 0.6  0.3  0.0
0.5556781051582331  0.22631446713768993 -0.019944897286104116 0.6  0.3  0.0
0.5539988443920296  0.2234212419658284 -0.01204893016092726 0.6  0.3  0.0
0.5502375659985497  0.22006699512719552 -0.011157206133228643 0.6  0.3  0.0
0.5470261463165721  0.21723330380229872 -0.009323952355692357 0.6  0.3  0.0
0.5443382427247054  0.21484620796088783 -0.0065278678814492935 0.6  0.3  0.0
0.5421519677222819  0.21284320422709088 -0.0036148886912713302 0.6  0.3  0.0
0.5414064452722573  0.21092855643560926 -0.00464075830628275 0.6  0.3  0.0
0.5410762491692027  0.2093753073987419 -0.004712639264199532 0.6  0.3  0.0
0.5411362681758122  0.20814234872094264 -0.004082486344328022 0.6  0.3  0.0
0.5415651566535575  0.207192648418132 -0.0029747415288926774 0.6  0.3  0.0
0.5421058836256846  0.20596705986196603 -0.006444976391321195 0.6  0.3  0.0
0.5430941301801594  0.20510027128005784 -0.009358640904361417 0.6  0.3  0.0
0.5444998391562218  0.2045507430825793 -0.011888801032680908 0.6  0.3  0.0
0.5460070902663702  0.2045999003715617 -0.02654460754261393 0.6  0.3  0.0
0.5460013395601286  0.20539665820166972 -0.019789541935709542 0.6  0.3  0.0
0.5461929899941367  0.20649705928456322 -0.014941120266465244 0.6  0.3  0.0
0.5467126627376105  0.20782323674977463 -0.011397943320100582 0.6  0.3  0.0
0.5476109195695513  0.20934098147679028 -0.008739999206220005 0.6  0.3  0.0
0.5509002329960991  0.21198848985051133 -0.011570913304318226 0.6  0.3  0.0
0.5544380393401327  0.2146984705190451 -0.01427118108152466 0.6  0.3  0.0
0.5581450498000053  0.21745393418217257 -0.016684204124580427 0.6  0.3  0.0
0.5619235496745737  0.22026455404790607 -0.01873993203863386 0.6  0.3  0.0
0.5649371665475842  0.2241751135156507 -0.014631689118063992 0.6  0.3  0.0
0.5682844382915679  0.22805376151631068 -0.01038469184897784 0.6  0.3  0.0
0.5719426188613042  0.23190479227152758 -0.006104644610111821 0.6  0.3  0.0
0.5758888216247807  0.23573301792670845 -0.0032479292474414116 0.6  0.3  0.0
0.5808242920943313  0.23976790871956657 -0.0021337023006137257 0.6  0.3  0.0
0.5830882352618946  0.2446547797915733 -0.0012957890420282252 0.6  0.3  0.0
0.5881800142963743  0.2447534885740971 -0.01203318843902281 0.6  0.3  0.0
0.5955528455255483  0.24941336041341497 -0.00590346292988073 0.6  0.3  0.0
0.6007284673075111  0.2552319018682869 -0.002757032773317812 0.6  0.3  0.0
0.6061576931566047  0.2608455456021181 -0.0013214803261322528 0.6  0.3  0.0
0.6119673902813533  0.26639415284013895 -0.0007983785869003286 0.6  0.3  0.0
0.6181998665354522  0.2719501270344744 -0.0007406568217193192 0.6  0.3  0.0
0.623929278047386  0.27604181059559213 -0.0003681498034209377 0.6  0.3  0.0
0.630285553722211  0.2801847311809367 -0.00045370289060865865 0.6  0.3  0.0
0.6371967598620686  0.28429963239743705 -0.0005816852919372066 0.6  0.3  0.0
0.6445759275580601  0.2884258629763591 -0.0007403476207019031 0.6  0.3  0.0
0.649539997941612  0.29177051358236 -6.6124049957806425e-06 0.6  0.3  0.0
0.6394794322863608  0.2870951489472286 -0.0028224639075442263 0.6  0.3  0.0
0.636037109684795  0.28363309621698846 -0.009123767501335426 0.6  0.3  0.0
0.6313420565850886  0.27901067812746094 -0.01893164830182796 0.6  0.3  0.0
0.630261399784471  0.27563100446168254 -0.016084766279705363 0.6  0.3  0.0
0.6229363233755959  0.2737836224527282 -0.03310616267350956 0.6  0.3  0.0
0.6165969468239096  0.2717983560200127 -0.03946278004042708 0.6  0.3  0.0
0.6109185160367203  0.27014824492804584 -0.03984685910989418 0.6  0.3  0.0
0.6085773575770765  0.2688026237429337 -0.03525154092761446 0.6  0.3  0.0
0.6065744366582536  0.26762755084547935 -0.029387301769196097 0.6  0.3  0.0
0.6049249457364041  0.2666282047883026 -0.023050698399848614 0.6  0.3  0.0
0.6037485364563723  0.26589565718510577 -0.016311593989299204 0.6  0.3  0.0
0.6010505557666816  0.26422633069634305 -0.008795018566006785 0.6  0.3  0.0
0.5990427443064084  0.26332991201817507 -0.005367142533532386 0.6  0.3  0.0
0.597633211776532  0.2627492881422356 -0.003030410970889465 0.6  0.3  0.0
0.5968977816232015  0.2624245645493119 -0.0016752884047470168 0.6  0.3  0.0
0.5937217729507868  0.2601080244760305 0.001039756900084956 0.6  0.3  0.0
0.5916536916038565  0.25828448813016264 0.0037496442122236743 0.6  0.3  0.0
0.5903731534722378  0.25702552670474055 0.005034751358363529 0.6  0.3  0.0
0.5898681354516865  0.25628996505937995 0.004920361331431175 0.6  0.3  0.0
0.5906142952251635  0.2558600701629859 0.01098735474972615 0.6  0.3  0.0
0.5911851544364377  0.2546543883512458 0.009512131994851403 0.6  0.3  0.0
0.5926078398751193  0.25429374934503285 0.007654873512300165 0.6  0.3  0.0
0.5933836113387927  0.25261199376774857 0.01345405941755321 0.6  0.3  0.0
0.5925852057940602  0.2526921304309738 0.006558944589715986 0.6  0.3  0.0
0.5923475293035996  0.2532213380240321 0.0026827017765584027 0.6  0.3  0.0
0.5927463686117794  0.2542366537167614 0.00017318698265461228 0.6  0.3  0.0
0.5938158790302476  0.25573760565917086 -0.002448830533367853 0.6  0.3  0.0
0.5946602595363133  0.25437678334253155 -0.000628250944623781 0.6  0.3  0.0
0.5961128213788399  0.2537738678240731 0.0002331471357885622 0.6  0.3  0.0
0.5981643470995325  0.25389363499910633 0.00045098244620855735 0.6  0.3  0.0
0.6009035936034932  0.25467480375017526 0.00024989270654636117 0.6  0.3  0.0
0.5984459386757068  0.256229776297274 0.01129265634356773 0.6  0.3  0.0
0.5966692759773793  0.2566805636194879 0.005922090207445884 0.6  0.3  0.0
0.5959097297410523  0.25786644070928055 0.002891320222056871 0.6  0.3  0.0
0.596009499997468  0.2596699114670101 0.0011903303858809096 0.6  0.3  0.0
0.5945056028815103  0.2606260548127898 0.001367675491222361 0.6  0.3  0.0
0.5929700913381066  0.2601913100673132 0.00678356194230888 0.6  0.3  0.0
0.5942214371116523  0.26270916947477735 0.0036944688900372013 0.6  0.3  0.0
0.5962151464171463  0.2653279564934281 0.0019405343946361899 0.6  0.3  0.0
0.596359008768161  0.26886035624547583 0.0015442010993938966 0.6  0.3  0.0
0.5975110848584313  0.2725324309026965 0.0011842176278614117 0.6  0.3  0.0
0.5996181108207052  0.27631450282972353 0.000866141102231122 0.6  0.3  0.0
0.602583497590311  0.2801654583746963 0.0006140526603445708 0.6  0.3  0.0
0.6041791705167399  0.28446350668344317 0.0006542600199504726 0.6  0.3  0.0
0.6066222393795768  0.2886673306655667 0.000582797437565513 0.6  0.3  0.0
0.6097412201636543  0.2923500021065267 -0.00011986455830676824 0.6  0.3  0.0
0.6134545478694095  0.2959592621911492 -0.0004705438440095333 0.6  0.3  0.0
0.6152444380782337  0.29862271460109757 0.006855040220240328 0.6  0.3  0.0
0.6224494173599576  0.3034880216913783 0.002612080922718382 0.6  0.3  0.0
0.6292994642097559  0.3076873026241776 0.0005528809115242007 0.6  0.3  0.0
0.6359137068462415  0.31137614242667333 -0.0004180975035442793 0.6  0.3  0.0
0.6420920756837402  0.316681450092065 -8.483050537208732e-05 0.6  0.3  0.0
0.6479675419974344  0.32117748572940125 0.00029450114247058884 0.6  0.3  0.0
0.653827170619605  0.3249333324429602 0.0002940025267383275 0.6  0.3  0.0
0.6413353950988556  0.3164177629944485 0.04347176923175883 0.6  0.3  0.0
0.6320200746512777  0.3095935582553529 0.04796890233395006 0.6  0.3  0.0
0.6247267784388671  0.3042653333449897 0.049754999331726314 0.6  0.3  0.0
0.6183667534933805  0.29960046222928466 0.04936120262207668 0.6  0.3  0.0
0.6127051579712209  0.2966767977823514 0.03719596199587128 0.6  0.3  0.0
0.6104957068372385  0.2916610754458569 0.02076099254542184 0.6  0.3  0.0
0.6082670556889243  0.2868187839049957 0.009635108428602063 0.6  0.3  0.0
0.6060194298071293  0.28221679704315594 0.0003275619639409016 0.6  0.3  0.0
0.6038752216558674  0.27765601497782616 -0.006564202440084978 0.6  0.3  0.0
0.5989142140294985  0.27286485075842126 -0.013984867699600015 0.6  0.3  0.0
0.5941513976317441  0.26856104853447405 -0.017993425711907336 0.6  0.3  0.0
0.5896174397238032  0.2645261539810807 -0.019218258924178278 0.6  0.3  0.0
0.5853474722874008  0.2606436481656436 -0.018031649482589472 0.6  0.3  0.0
0.5812076888549402  0.2562310222461165 -0.020183434724379588 0.6  0.3  0.0
0.5774282963887506  0.2521373423233442 -0.020245422162075862 0.6  0.3  0.0
0.574264258215183  0.24816548056153528 -0.018320551273729172 0.6  0.3  0.0
0.5714629256235381  0.2444443794108109 -0.014271607742147141 0.6  0.3  0.0
0.5674564164993376  0.24067807920802278 -0.01685504176900742 0.6  0.3  0.0
0.5639261936382866  0.2372864316028481 -0.01734528503503901 0.6  0.3  0.0
0.5611493252446889  0.23657803118441192 -0.0305736433924818 0.6  0.3  0.0
0.5607277049515139  0.23262254686615816 -0.022035554004188947 0.6  0.3  0.0
0.555858974472439  0.22893010918721526 -0.01640707104780254 0.6  0.3  0.0
0.5517282645380793  0.22582009873116357 -0.01073595717072754 0.6  0.3  0.0
0.5482221975260231  0.2231795328443786 -0.005562471123408833 0.6  0.3  0.0
0.5452742909666386  0.2209217185121436 -0.002464406336271315 0.6  0.3  0.0
0.5436246947356214  0.21854153889323225 -0.003618113739839059 0.6  0.3  0.0
0.5424219649741681  0.2165904923151117 -0.003672969093604362 0.6  0.3  0.0
0.5416385834373313  0.21500390719897094 -0.0027905945908715717 0.6  0.3  0.0
0.5412440738970209  0.21373114057211326 -0.0018606931791175924 0.6  0.3  0.0
0.5408745312229116  0.21232911916013078 -0.004167912280928604 0.6  0.3  0.0
0.5409790509393165  0.21131486558067733 -0.005780895498147623 0.6  0.3  0.0
0.5415324656188718  0.2106443171899078 -0.006914333773146231 0.6  0.3  0.0
0.5425044351968097  0.2102722533295481 -0.0077554323464874625 0.6  0.3  0.0
0.542718781050212  0.2119197282350321 -0.01783600635254015 0.6  0.3  0.0
0.5457776624229022  0.2099289138281487 -0.019682215642062094 0.6  0.3  0.0
0.5484680762468472  0.21048071573137625 -0.015152165138907568 0.6  0.3  0.0
0.551321369114423  0.2112078554930907 -0.01202039881851065 0.6  0.3  0.0
0.5526924728912793  0.21341412932948453 -0.014685352999957659 0.6  0.3  0.0
0.5543640861557548  0.2158629268515258 -0.017708685182326434 0.6  0.3  0.0
0.5563040069984442  0.21847501943689954 -0.020733756936791345 0.6  0.3  0.0
0.5584827480494453  0.2212108712036256 -0.02359736577379824 0.6  0.3  0.0
0.5618043712228061  0.2246630166031962 -0.021228639791144026 0.6  0.3  0.0
0.5652575905811827  0.22813759820247845 -0.018565478563166607 0.6  0.3  0.0
0.5688709788429892  0.23161185555190753 -0.015629554679584677 0.6  0.3  0.0
0.5726534531928966  0.2350850564284748 -0.012493019630831739 0.6  0.3  0.0
0.5765018831095308  0.2393274065447054 -0.009795266685876275 0.6  0.3  0.0
0.580703041165117  0.24350199273131246 -0.006859027131812511 0.6  0.3  0.0
0.5823074584165967  0.24866619213939467 -0.004617393121752796 0.6  0.3  0.0
0.5879801008977544  0.2525587620139636 -0.0027664944335698575 0.6  0.3  0.0
0.5918625487166055  0.25329176385718544 -0.015475812714813682 0.6  0.3  0.0
0.5988733667383649  0.2588368999605053 -0.007719450546562925 0.6  0.3  0.0
0.6058143098370413  0.26394269650696717 -0.003932250657213976 0.6  0.3  0.0
0.6128738986150839  0.26883338268703044 -0.0022052996932147044 0.6  0.3  0.0
0.6179782746343916  0.2735852476528603 -0.0003825316595117169 0.6  0.3  0.0
0.6236706119584987  0.27829110200194385 0.00028733126015261466 0.6  0.3  0.0
0.6299291875173079  0.28275894159731135 0.00010721623986626594 0.6  0.3  0.0
0.6367070094944204  0.28721585003947425 -0.00012503861267407164 0.6  0.3  0.0
0.6427796662591281  0.29081820576605083 7.135939893472082e-05 0.6  0.3  0.0
0.649617157683609  0.2944157485758438 4.245819561009674e-05 0.6  0.3  0.0
0.6445337352390182  0.2897364945890164 -0.01573977184801318 0.6  0.3  0.0
0.638240482109463  0.2871161554195315 -0.014121283118983469 0.6  0.3  0.0
0.6371997338050283  0.28277346602325076 -0.017697858097099155 0.6  0.3  0.0
0.6359747028246184  0.27845460044149967 -0.01444663963913014 0.6  0.3  0.0
0.6350595874482212  0.2745573120272849 -0.007480867257944561 0.6  0.3  0.0
0.6279437544455797  0.27165014532452186 -0.02169161597323128 0.6  0.3  0.0
0.6236021779208087  0.2696947009818821 -0.028196729550219662 0.6  0.3  0.0
0.6202665680846703  0.2678382502073338 -0.02926609955328865 0.6  0.3  0.0
0.6174733007428954  0.2660621945393774 -0.027473117575405263 0.6  0.3  0.0
0.6154573656560545  0.26431803671778786 -0.02305212975665832 0.6  0.3  0.0
0.6137711985840472  0.2619450852217572 -0.014293369559674102 0.6  0.3  0.0
0.6124772971255612  0.25990073351018367 -0.007155280650003776 0.6  0.3  0.0
0.611762506303143  0.2586539741607681 -0.003870985269629543 0.6  0.3  0.0
0.6115361646906224  0.2576507480672841 -0.002039005872409389 0.6  0.3  0.0
0.6081840828361025  0.2551132448873372 -0.00033818385022424207 0.6  0.3  0.0
0.6055685323282445  0.2531310796807241 0.000437915908908455 0.6  0.3  0.0
0.6040903662600903  0.25157650740269966 0.0011775262221752278 0.6  0.3  0.0
0.6034295474056119  0.2504877511263466 0.0012389193422862551 0.6  0.3  0.0
0.6021983066328521  0.24803861166010355 0.002464417477093009 0.6  0.3  0.0
0.6030644561656526  0.24768194001418697 0.0073768483287470835 0.6  0.3  0.0
0.6034228700860932  0.24609936814294042 0.0040274571362657365 0.6  0.3  0.0
0.6045998872454149  0.2453099935100722 0.0020761098471427627 0.6  0.3  0.0
0.6039821285229153  0.24365046749346964 0.0017393172976379735 0.6  0.3  0.0
0.6041676262634275  0.24274773161123717 0.0013553084138686296 0.6  0.3  0.0
0.605083478692053  0.24251526876673593 0.000991187098683897 0.6  0.3  0.0
0.6051363480107668  0.2410368682353669 0.0062273602387051125 0.6  0.3  0.0
0.604356696205395  0.2404261544425041 0.0028082465851108217 0.6  0.3  0.0
0.6040550971860567  0.24026574668331155 0.0009913821629232381 0.6  0.3  0.0
0.6043174878747359  0.24064950334069887 4.109166195569744e-05 0.6  0.3  0.0
0.6052493057314516  0.24155586102717613 -0.0005470177169143593 0.6  0.3  0.0
0.6044516150244724  0.24083900495243712 8.793876711727278e-05 0.6  0.3  0.0
0.6051148659488318  0.2424254927027131 0.010372140543713722 0.6  0.3  0.0
0.6065493360718652  0.2425765286978808 0.00509483982072165 0.6  0.3  0.0
0.6087793719288682  0.24338344902439232 0.0021215605818026726 0.6  0.3  0.0
0.6063374022665826  0.24371140848458978 0.003357429808254949 0.6  0.3  0.0
0.6049809799903518  0.2445812568357965 0.0038658426660390017 0.6  0.3  0.0
0.6047249871453979  0.24590428308592724 0.0033951326963433787 0.6  0.3  0.0
0.6055424758494512  0.247598223536027 0.002246128684334054 0.6  0.3  0.0
0.6040666737011208  0.24746311521442335 0.006824620974127454 0.6  0.3  0.0
0.6056649849695119  0.2500367356070825 0.0037003659941529867 0.6  0.3  0.0
0.6079722325606571  0.25254520178713896 0.0019165126307522835 0.6  0.3  0.0
0.6110018945364906  0.2550434960126048 0.0008711994369385869 0.6  0.3  0.0
0.6124905019355823  0.25892045731863833 0.0012465015072684145 0.6  0.3  0.0
0.614889554537674  0.26275294202504934 0.0012214083742075996 0.6  0.3  0.0
0.6181089705934314  0.2665085937569253 0.001106929237960676 0.6  0.3  0.0
0.6219847938124928  0.26982958127226475 0.00045605504606723284 0.6  0.3  0.0
0.6254018749058851  0.2743860051223523 9.772569708669984e-05 0.6  0.3  0.0
0.627158727078922  0.27855721988152277 0.004468602536504774 0.6  0.3  0.0
0.6333066234719192  0.28233970258740565 0.001799620006510834 0.6  0.3  0.0
0.6377556717561901  0.28401862679677187 0.0029559542048945876 0.6  0.3  0.0
0.6440137108599153  0.289753722926628 0.0017275607265468526 0.6  0.3  0.0
0.6502270245580137  0.29452879733721504 0.001000491550096687 0.6  0.3  0.0
0.6564592975402426  0.2984907538480719 0.00045366001422340223 0.6  0.3  0.0
0.6626607454218275  0.3017597421886541 -1.815775728320493e-05 0.6  0.3  0.0
0.6521436533977798  0.3036558856873811 -0.02694975620600427 0.6  0.3  0.0
0.6434439932932086  0.30630906961669435 -0.04792876336515242 0.6  0.3  0.0
0.6295567137997061  0.30101874960911656 -0.003739814953486055 0.6  0.3  0.0
0.6175414774488482  0.29701243466634303 0.029856963871214004 0.6  0.3  0.0
0.6148534974520569  0.29288754328394256 0.024347002178155573 0.6  0.3  0.0
0.6125595687346402  0.28916599601081794 0.01590782183330504 0.6  0.3  0.0
0.6103308230116605  0.28560071027119327 0.00800602353325913 0.6  0.3  0.0
0.6080781692844949  0.28207051789145904 0.0035988611465929982 0.6  0.3  0.0
0.6026880132002033  0.27737304251990225 -0.0065396784176763815 0.6  0.3  0.0
0.5974394084183462  0.2729023050986884 -0.0156715517716444 0.6  0.3  0.0
0.5923941062273629  0.2685658812339808 -0.022279872522610603 0.6  0.3  0.0
0.5876028339416046  0.26436897683751037 -0.0263059116479793 0.6  0.3  0.0
0.5836276202442661  0.2600496181482068 -0.026536438774819877 0.6  0.3  0.0
0.5799831054256688  0.2559804348854511 -0.02454981889430159 0.6  0.3  0.0
0.5767019218773152  0.2521512028559092 -0.02037777481270328 0.6  0.3  0.0
0.5739557911576091  0.24848654859921893 -0.014144511567619745 0.6  0.3  0.0
0.5697839068830024  0.2445082769114707 -0.019791671789882587 0.6  0.3  0.0
0.5661487369953496  0.2408908112461312 -0.023135690404612892 0.6  0.3  0.0
0.5629899042522928  0.23760293372140184 -0.02438166333672689 0.6  0.3  0.0
0.5626432503494608  0.23391310523244804 -0.023417950050968212 0.6  0.3  0.0
0.558001646464174  0.2309222650157136 -0.021686983383909203 0.6  0.3  0.0
0.5544524554878236  0.230531894106499 -0.03185660898605837 0.6  0.3  0.0
0.5511080389252558  0.22771081699187448 -0.02473631270137703 0.6  0.3  0.0
0.5482726569549078  0.22550808739031658 -0.017818314420367503 0.6  0.3  0.0
0.5454094517255086  0.22282567124772681 -0.013986749228283007 0.6  0.3  0.0
0.5430531243368578  0.2206556129780339 -0.009351125591158943 0.6  0.3  0.0
0.5411750512947977  0.2189075162782734 -0.004895829376649704 0.6  0.3  0.0
0.5397469113933614  0.21751659100126866 -0.0022005893667810094 0.6  0.3  0.0
0.5388350355535594  0.21635263929930185 -0.00554724405552702 0.6  0.3  0.0
0.5383848621948698  0.2156047989495061 -0.00794607888325052 0.6  0.3  0.0
0.5383742825652515  0.21522429288711403 -0.009633509476771407 0.6  0.3  0.0
0.5387768702724615  0.21516239536098747 -0.010835380220385148 0.6  0.3  0.0
0.5399736823734412  0.21443781220422783 -0.010821699640539688 0.6  0.3  0.0
0.5426405976190715  0.2122074940793983 -0.01417390669137265 0.6  0.3  0.0
0.5449295788999335  0.2125916742303823 -0.009561561344943115 0.6  0.3  0.0
0.5461373346213829  0.2148961716124823 -0.014562198746703284 0.6  0.3  0.0
0.5474031655730677  0.21602217422061123 -0.012551828677694223 0.6  0.3  0.0
0.548775618012859  0.21755706784608134 -0.011466753298547636 0.6  0.3  0.0
0.5504483158239777  0.21940981060757167 -0.010864572863391713 0.6  0.3  0.0
0.5524588287776111  0.2215033943449938 -0.010594219297108609 0.6  0.3  0.0
0.5564855886165037  0.22431820545082012 -0.010797603547800353 0.6  0.3  0.0
0.5606867582041338  0.22727552636533785 -0.01089591450546237 0.6  0.3  0.0
0.5650342526116042  0.23035159866563043 -0.010910674447489336 0.6  0.3  0.0
0.5694527206094998  0.2335404103991 -0.010771944307435354 0.6  0.3  0.0
0.5729231422622784  0.23805103510852976 -0.006432613467256609 0.6  0.3  0.0
0.5767314308386529  0.24256961472858343 -0.003413793212769631 0.6  0.3  0.0
0.5808587203168476  0.24709290756006985 -0.0016766690148118009 0.6  0.3  0.0
0.5842511237568676  0.24803020032919265 -0.012049236703459596 0.6  0.3  0.0
0.5891933136108588  0.25490711594812315 -0.005774444179626118 0.6  0.3  0.0
0.5910795294214563  0.26200313137971043 -0.0021972228424196262 0.6  0.3  0.0
0.5975357444101718  0.2677295229750607 -0.0010760132946417192 0.6  0.3  0.0
0.6037450146046931  0.27341845501381845 -0.0005189164448869908 0.6  0.3  0.0
0.6086151460298339  0.2781583565069508 0.0003747428033707672 0.6  0.3  0.0
0.614005673305296  0.2829245913205698 0.0006078617612958415 0.6  0.3  0.0
0.6199409002153533  0.28751747678795325 0.0003051458033539946 0.6  0.3  0.0
0.6263989234158927  0.2919774766087258 -0.0002041462091069852 0.6  0.3  0.0
0.6325000030252432  0.2960647727517275 -0.0003374815136415462 0.6  0.3  0.0
0.6393356574232337  0.3001367926591793 -0.000525600803139006 0.6  0.3  0.0
0.6351329005379679  0.29668343052209784 -0.017739500110824626 0.6  0.3  0.0
0.6332126830019477  0.2947099106611568 -0.028458401511922464 0.6  0.3  0.0
0.6312197770849806  0.2902161192148351 -0.026051915360929528 0.6  0.3  0.0
0.6269038903015212  0.28591038924433904 -0.012898470277155858 0.6  0.3  0.0
0.6269587400198472  0.2820627005431606 -0.008846607383867456 0.6  0.3  0.0
0.6209086231684762  0.27883682810779076 -0.02421450244335259 0.6  0.3  0.0
0.6164763719557054  0.2776977621659008 -0.03158310402581314 0.6  0.3  0.0
0.6129323094141338  0.2766925427556524 -0.03169941146686369 0.6  0.3  0.0
0.6099077647875893  0.2756787409521693 -0.028457656999722015 0.6  0.3  0.0
0.6076379643565721  0.2746790251863661 -0.02297328830693713 0.6  0.3  0.0
0.6061547047618585  0.2729887395523319 -0.017132722590601446 0.6  0.3  0.0
0.605112706697859  0.27171028641704775 -0.010874748363831538 0.6  0.3  0.0
0.6044929099772299  0.270714329616641 -0.005676223381496331 0.6  0.3  0.0
0.6043021689789778  0.27022952002972883 -0.0032139782244610983 0.6  0.3  0.0
0.6011123598137986  0.2682936894952029 -0.0005288203005199528 0.6  0.3  0.0
0.5985589372866149  0.2669084695351565 0.0012104243565321231 0.6  0.3  0.0
0.5967316645956463  0.26601805093459935 0.002254714118046476 0.6  0.3  0.0
0.5976256406785063  0.26687449661824636 0.007942769678827429 0.6  0.3  0.0
0.5947205184021523  0.2640227957167177 0.004533811175901159 0.6  0.3  0.0
0.5927789569948896  0.2620761248358478 0.0024215872655237794 0.6  0.3  0.0
0.5917624454832584  0.2608647769902776 0.0010548512524623857 0.6  0.3  0.0
0.5915467524032955  0.2602863486717231 0.000120331387811685 0.6  0.3  0.0
0.5899058610224595  0.2569949160015102 0.011704752580617237 0.6  0.3  0.0
0.5906427710801226  0.2569848421264967 0.011020034304352028 0.6  0.3  0.0
0.5919048907793599  0.25747859638133913 0.009971148828603766 0.6  0.3  0.0
0.5937058747087657  0.2584805029688924 0.00850877839388844 0.6  0.3  0.0
0.5932713587168059  0.25738321434260425 0.004586527737176489 0.6  0.3  0.0
0.5934710877181004  0.2570495928737169 0.002185705038512487 0.6  0.3  0.0
0.5943250781393282  0.25742331170772864 0.0006003819204244802 0.6  0.3  0.0
0.596852501549964  0.25992531947395275 0.003361042470398919 0.6  0.3  0.0
0.5937528047603637  0.25909391250764957 0.0025463404179863324 0.6  0.3  0.0
0.591531465175987  0.2591473055032507 0.002735474506807639 0.6  0.3  0.0
0.5902303389031197  0.2599390392413036 0.0026960290800261692 0.6  0.3  0.0
0.5898720113834954  0.26135987998403 0.001963370458765104 0.6  0.3  0.0
0.5875930647945943  0.2619837872573673 0.0015443896985540596 0.6  0.3  0.0
0.5852798329189303  0.2612185934521506 0.006473205894653982 0.6  0.3  0.0
0.5856912131374455  0.2635882510030408 0.0031799802587096806 0.6  0.3  0.0
0.5868798705532714  0.26611985792120024 0.001285259602966745 0.6  0.3  0.0
0.5862534897318957  0.2691432457236859 0.0014435448782700634 0.6  0.3  0.0
0.5866906911391775  0.2723969924856372 0.0012446777655065 0.6  0.3  0.0
0.5881533030073309  0.27584987717707793 0.0009593290604378365 0.6  0.3  0.0
0.5905574397659435  0.27945420692649237 0.0006645144774653773 0.6  0.3  0.0
0.5916916930112722  0.28356011087683447 0.000709240343854028 0.6  0.3  0.0
0.5937390361249715  0.28772534731810234 0.0005848216099221348 0.6  0.3  0.0
0.5950641043992575  0.2917261354624171 0.008437789881202131 0.6  0.3  0.0
0.5998783196233856  0.2959460271647902 0.0038526954390460354 0.6  0.3  0.0
0.6028110975416549  0.29847142486606054 0.0024632957362692776 0.6  0.3  0.0
0.6079362946615667  0.303068804430192 -0.0005559610467120906 0.6  0.3  0.0
0.6131504376479454  0.3068805435573141 -0.0008080429175730721 0.6  0.3  0.0
0.6185326689233486  0.31034941517122905 -0.0008129776444971025 0.6  0.3  0.0
0.6255908254281399  0.3154108632228098 -0.001385568400181907 0.6  0.3  0.0
0.6327729116678565  0.3198440353456114 -0.0031097245615973566 0.6  0.3  0.0
0.639639872290342  0.3237021977825577 -0.0038592411470018636 0.6  0.3  0.0
0.646030265775882  0.32703422671009613 -0.005535194729792471 0.6  0.3  0.0
0.6283506510157606  0.3171087196467892 0.03518380278792348 0.6  0.3  0.0
0.6142608768944257  0.30975648430371633 0.06695845615458579 0.6  0.3  0.0
0.6021522442685647  0.3039969479606337 0.09116280688190115 0.6  0.3  0.0
0.591571787483811  0.2987726622302252 0.1101891173721802 0.6  0.3  0.0
0.59313768937716  0.2936797064043777 0.08034031953863519 0.6  0.3  0.0
0.5944689914761198  0.2903206932560697 0.04009474987844726 0.6  0.3  0.0
0.5953011479713726  0.2858938004765911 0.016416287668452614 0.6  0.3  0.0
0.5960519970482642  0.28152809394649086 -0.00507816841488341 0.6  0.3  0.0
0.5904129704507383  0.27576846864848087 -0.006827755580244304 0.6  0.3  0.0
0.5851398996870812  0.2701378390669384 -0.0054612836690658105 0.6  0.3  0.0
0.5800766239293748  0.26482930041941716 -0.0030296574643306506 0.6  0.3  0.0
0.5752918337043045  0.25994840376030687 -0.0011043427404717622 0.6  0.3  0.0
0.5725703148034441  0.2558605175585369 -0.009189633597701296 0.6  0.3  0.0
0.5699934492022598  0.2520196965706246 -0.014585007162038668 0.6  0.3  0.0
0.5675870130036098  0.2483884472632773 -0.01728244124394552 0.6  0.3  0.0
0.565364928075289  0.2448937548713969 -0.01727928155079579 0.6  0.3  0.0
0.5612540300160945  0.24038441780529385 -0.018969319738498604 0.6  0.3  0.0
0.5602049209223329  0.2360576145862857 -0.015302949677340945 0.6  0.3  0.0
0.5566082141813161  0.23210490539681078 -0.012917363887514454 0.6  0.3  0.0
0.553643811781408  0.22845344435558568 -0.00886315940421251 0.6  0.3  0.0
0.5515539284311649  0.22721178778972034 -0.02386236989685656 0.6  0.3  0.0
0.5497009542256787  0.2236220959117356 -0.020824106849004126 0.6  0.3  0.0
0.5480934970982937  0.22061338744251566 -0.01759220819715293 0.6  0.3  0.0
0.5467129994970807  0.21801173321044348 -0.013642011795721595 0.6  0.3  0.0
0.5429296276943596  0.21492158628235705 -0.013247879885733196 0.6  0.3  0.0
0.5396217412102813  0.21227382111624624 -0.011641861097702974 0.6  0.3  0.0
0.5368041748954484  0.2099977433031755 -0.00883081955258057 0.6  0.3  0.0
0.5344628264973779  0.2080401095351665 -0.005052736141548454 0.6  0.3  0.0
0.5339724369175631  0.20623653980120757 -0.007904364269648637 0.6  0.3  0.0
0.5338468925505196  0.20474249966422423 -0.009816854841503795 0.6  0.3  0.0
0.5340654637742503  0.20351888389059714 -0.010990739228485577 0.6  0.3  0.0
0.5359088960081624  0.201474636099838 -0.012404536607227607 0.6  0.3  0.0
0.5363377357701536  0.20079985704985934 -0.016861379912246052 0.6  0.3  0.0
0.5358987758230679  0.20241055925625567 -0.03188080655610419 0.6  0.3  0.0
0.5375952191308119  0.20159052628581095 -0.03440841341575461 0.6  0.3  0.0
0.5394074614557282  0.20126295670750097 -0.037784061068488146 0.6  0.3  0.0
0.5397844492293146  0.2019859493085505 -0.03275146765120283 0.6  0.3  0.0
0.5404126624737997  0.20295933737745112 -0.02805487102251874 0.6  0.3  0.0
0.5413276371023515  0.20422056870494978 -0.02376549107093525 0.6  0.3  0.0
0.5424377859463859  0.20564551554253055 -0.019631954919935142 0.6  0.3  0.0
0.5456054381885919  0.20837732147115157 -0.024037265332586464 0.6  0.3  0.0
0.5489678947766141  0.21116965244564387 -0.028168430129181833 0.6  0.3  0.0
0.5523978364875594  0.21404312823822735 -0.032007294553875736 0.6  0.3  0.0
0.5558595782203233  0.21699023249721314 -0.03550987607645359 0.6  0.3  0.0
0.5589937981214558  0.22033621517643323 -0.025788202724232087 0.6  0.3  0.0
0.5621812173844893  0.2236611038922977 -0.016571523947257007 0.6  0.3  0.0
0.5650188132924262  0.22404046544098086 -0.019448636850693386 0.6  0.3  0.0
0.569392197258498  0.22803101986401503 -0.008926741784956954 0.6  0.3  0.0
0.5714849558953633  0.23390200622143556 -0.007895088955466558 0.6  0.3  0.0
0.57803777404832  0.23822639560366451 -0.01024973496033966 0.6  0.3  0.0
0.5843722772992367  0.24255763836689603 -0.012612053666004208 0.6  0.3  0.0
0.5907166906668568  0.24688639947039362 -0.01473166555168592 0.6  0.3  0.0
0.5954005229401613  0.2516626894707087 -0.0075445797398095435 0.6  0.3  0.0
0.6005171296134949  0.2564157600375898 -0.0034765022589760683 0.6  0.3  0.0
0.6060842974965756  0.2611818717264244 -0.0012366665881125309 0.6  0.3  0.0
0.6120834222844849  0.2659825816795067 -5.998294783927092e-05 0.6  0.3  0.0
0.6177398171681594  0.27036047866894075 -0.00010559163602808766 0.6  0.3  0.0
0.6241338455900017  0.2747076923289991 -0.0006681781851660393 0.6  0.3  0.0
0.631181539973425  0.2789678649421044 -0.0021935201207050324 0.6  0.3  0.0
0.6387911253686475  0.28321329915604415 -0.004381586828063482 0.6  0.3  0.0
0.641832496263464  0.2837232739466996 -0.011177876182683608 0.6  0.3  0.0
0.6342207178572012  0.2806894433120877 -0.005737384071900899 0.6  0.3  0.0
0.6324012260103641  0.2783358356819964 -0.00858423765262515 0.6  0.3  0.0
0.6308882457783516  0.27656080062993466 -0.008252073386184508 0.6  0.3  0.0
0.6296319922142259  0.27301478045326977 -0.006802852902473913 0.6  0.3  0.0
0.6223570815797498  0.2709671449109898 -0.025504620903335155 0.6  0.3  0.0
0.6161822573374117  0.268780849498378 -0.03287844301588835 0.6  0.3  0.0
0.6108766357442487  0.2664991410706385 -0.03122149927467109 0.6  0.3  0.0
0.6089988486416897  0.2653902857533507 -0.029533431508422615 0.6  0.3  0.0
0.6075009201604998  0.26443784094366807 -0.026376969181986763 0.6  0.3  0.0
0.6063887502202907  0.2636540031634729 -0.022604892327513112 0.6  0.3  0.0
0.6057805757906137  0.2631238510384326 -0.01835373535548441 0.6  0.3  0.0
0.6030216628320139  0.261448095236027 -0.00898864341503198 0.6  0.3  0.0
0.6008901404970599  0.26046493035844404 -0.004475408146477493 0.6  0.3  0.0
0.5993505661627353  0.25976508195815845 -0.0019270885007084287 0.6  0.3  0.0
0.5985560511497556  0.2592848567545657 -0.00039916913877537357 0.6  0.3  0.0
0.5953020147356919  0.25691625209075347 2.771615817607424e-05 0.6  0.3  0.0
0.5948410825668972  0.25654112564133524 0.0021413532124783196 0.6  0.3  0.0
0.5932889933357178  0.25482778581216764 0.0006883013518698964 0.6  0.3  0.0
0.5926478093485232  0.2538278690064598 -0.00015098166596879347 0.6  0.3  0.0
0.5916178891218399  0.2521763953493818 0.00371215954385087 0.6  0.3  0.0
0.5915176529624602  0.2512985775571459 0.006203461328000737 0.6  0.3  0.0
0.5909764271611887  0.24914221922991336 0.016104230291430148 0.6  0.3  0.0
0.5930862368160326  0.2501168508122447 0.013401218589109379 0.6  0.3  0.0
0.5926431268182571  0.2496115672256562 0.006857158800355318 0.6  0.3  0.0
0.5928515061316186  0.24968292989578855 0.0030651206584462625 0.6  0.3  0.0
0.5937291294453323  0.2503354312179059 0.0008276506347341763 0.6  0.3  0.0
0.5952700744474075  0.2515431847328857 -0.0015760619228960986 0.6  0.3  0.0
0.5947129741235857  0.2503132033460664 0.0015953956050758574 0.6  0.3  0.0
0.5948578381307547  0.24984897475829632 0.0035331696989257862 0.6  0.3  0.0
0.5966412362948296  0.2515115321991376 0.01324378990096372 0.6  0.3  0.0
0.5986233127299712  0.2521940231776794 0.008068142647064298 0.6  0.3  0.0
0.5955477040669128  0.25220530712267075 0.004344651866767076 0.6  0.3  0.0
0.5933802366903287  0.2529833404234617 0.002242628598507638 0.6  0.3  0.0
0.5922435389085177  0.25441343586344545 0.0009086788225318519 0.6  0.3  0.0
0.5921608948802886  0.256403777632876 -4.3161738434029854e-05 0.6  0.3  0.0
0.5891664832648915  0.25588381761955475 0.009927389330257738 0.6  0.3  0.0
0.5889516760253231  0.25839463836796606 0.009027681046385726 0.6  0.3  0.0
0.5896104439050592  0.2610642192173086 0.007944175606806428 0.6  0.3  0.0
0.5911869270976372  0.26393447179498536 0.006284778044097363 0.6  0.3  0.0
0.5917794485430841  0.26745873917418783 0.004921348093169983 0.6  0.3  0.0
0.593432555977064  0.2711647254296243 0.002947061235992579 0.6  0.3  0.0
0.596067308657323  0.27501103591059295 0.001654346600059579 0.6  0.3  0.0
0.5995631038924132  0.2789431896370955 0.0008097330388620239 0.6  0.3  0.0
0.6007495299073967  0.28346560356615375 0.0009330511194093726 0.6  0.3  0.0
0.6011150089669242  0.2875204190306167 0.008777808686452546 0.6  0.3  0.0
0.6052818737085414  0.2916289717966893 0.003743083024279852 0.6  0.3  0.0
0.6083179566998019  0.2937334890144205 0.0025052876312175293 0.6  0.3  0.0
0.6152904370112882  0.2998523784066264 -0.0004585032488613437 0.6  0.3  0.0
0.6224068542128937  0.3052907245831663 -0.0027623608639278977 0.6  0.3  0.0
0.6297005704554335  0.31018252424588966 -0.0049744853491472864 0.6  0.3  0.0
0.6371082188528434  0.31462003749155704 -0.007182581747430261 0.6  0.3  0.0
0.6424969062938294  0.3192555531380721 -0.0035507390819030527 0.6  0.3  0.0
0.6476526290695312  0.32310307014828155 -0.0013274871175493023 0.6  0.3  0.0
0.6528141987484686  0.3262271422286023 -0.0002858707364440376 0.6  0.3  0.0
0.6393489262631041  0.31731497576111567 0.04666948923917904 0.6  0.3  0.0
0.63058617794827  0.31027731284349824 0.04887783807478348 0.6  0.3  0.0
0.6239244469116026  0.3047749022160788 0.046711136708888795 0.6  0.3  0.0
0.6184611062586014  0.29997834448644284 0.04259839136399583 0.6  0.3  0.0
0.6134420213203832  0.2955384064824491 0.03852751772174752 0.6  0.3  0.0
0.6106241410462854  0.2915831311519902 0.017809064728282743 0.6  0.3  0.0
0.6074862362129911  0.28662323833452136 0.0079723045265206 0.6  0.3  0.0
0.6043529459069563  0.28201288956136494 -0.002127171148435669 0.6  0.3  0.0
0.6014302047622613  0.27742666831425855 -0.008755025457583528 0.6  0.3  0.0
0.5970536408642583  0.2728579157646165 -0.015420269731046389 0.6  0.3  0.0
0.5928771053601258  0.2688641253051305 -0.018412653249539505 0.6  0.3  0.0
0.5889050035659361  0.2650531849977455 -0.01898844072776604 0.6  0.3  0.0
0.5851841677112041  0.2614114915683838 -0.017167009553243056 0.6  0.3  0.0
0.5810046491811628  0.25731522811801005 -0.018557164946524755 0.6  0.3  0.0
0.5771857789195122  0.2534794313107013 -0.017912460567686625 0.6  0.3  0.0
0.57391281048185  0.24984876424835664 -0.015334503003160043 0.6  0.3  0.0
0.5711050744184989  0.24646076641495757 -0.01078894051542044 0.6  0.3  0.0
0.5676619507207206  0.24278048784360043 -0.014129926423620357 0.6  0.3  0.0
0.5646616759584  0.23949731826127782 -0.015462359539983568 0.6  0.3  0.0
0.5621383241218344  0.23656259244922054 -0.01456548623278715 0.6  0.3  0.0
0.562233800136682  0.23542720033548292 -0.0247467452847819 0.6  0.3  0.0
0.5574414863864388  0.23146614724758005 -0.015638237503619874 0.6  0.3  0.0
0.5533839141072441  0.2282257555226613 -0.00793612396432215 0.6  0.3  0.0
0.5499648820032769  0.22552796473044015 -0.0034900176861148973 0.6  0.3  0.0
0.5471383067993073  0.2232759037212038 -0.0005329741919809067 0.6  0.3  0.0
0.5459280447543237  0.22111609920488043 -0.0023913026438748125 0.6  0.3  0.0
0.5451462224145504  0.2194151427641017 -0.003156848462184631 0.6  0.3  0.0
0.5447642944696137  0.21809357444965446 -0.0029828853753875325 0.6  0.3  0.0
0.544753364004336  0.2171087053026022 -0.002109479918757293 0.6  0.3  0.0
0.5448933187807302  0.21580046634402364 -0.0040570701110719445 0.6  0.3  0.0
0.5455123185546917  0.2149033631800583 -0.005277055318969661 0.6  0.3  0.0
0.54658417575468  0.21437025190270037 -0.005991281472219871 0.6  0.3  0.0
0.5480770915201462  0.21415274871518072 -0.006392535956484634 0.6  0.3  0.0
0.5495398006041324  0.21426943718274233 -0.007840908916937691 0.6  0.3  0.0
0.5508271952993145  0.21453346465876968 -0.02063109367394897 0.6  0.3  0.0
0.55387294035806  0.2151808241703505 -0.01611873649043482 0.6  0.3  0.0
0.5569369042279189  0.21610318389173588 -0.013286933399559872 0.6  0.3  0.0
0.5586921618485602  0.2185086376840219 -0.0149025663129643 0.6  0.3  0.0
0.5606897664528583  0.221205917919688 -0.01703927941371889 0.6  0.3  0.0
0.5629334674158945  0.22405816540542794 -0.019232117089418858 0.6  0.3  0.0
0.5654681846019812  0.2270375996953437 -0.021390523881661103 0.6  0.3  0.0
0.5685462379068412  0.23086870442100194 -0.01822174886280365 0.6  0.3  0.0
0.5717827873595662  0.23471863918341598 -0.014849528611983475 0.6  0.3  0.0
0.5752068901894902  0.23855327455151001 -0.0112391902202332 0.6  0.3  0.0
0.5788230897275254  0.2423727162116808 -0.0074576039913790085 0.6  0.3  0.0
0.5827190155335561  0.2470150625219794 -0.0061509101481332104 0.6  0.3  0.0
0.587026838021349  0.2515663104372217 -0.004500877545584072 0.6  0.3  0.0
0.5887233283831396  0.2569726301436238 -0.0027485160707875302 0.6  0.3  0.0
0.5933469387682108  0.25729839034332436 -0.013469673371067834 0.6  0.3  0.0
0.5990979411609767  0.26359453780074116 -0.006149004683093247 0.6  0.3  0.0
0.6048700949787487  0.26948783052588654 -0.002574737616769191 0.6  0.3  0.0
0.6109091357817259  0.2751962713871707 -0.0009774453722750111 0.6  0.3  0.0
0.6173364691862562  0.2808475086970793 -0.0004069641746241502 0.6  0.3  0.0
0.6227129212669441  0.2851088192584145 0.00020730163762805085 0.6  0.3  0.0
0.6287423056281507  0.2893099788827501 -2.3718397725693517e-05 0.6  0.3  0.0
0.6353745918002793  0.2934819021499039 -0.00026475316551537924 0.6  0.3  0.0
0.642529296642361  0.29765787193245336 -0.000500299911323577 0.6  0.3  0.0
0.6488570642197325  0.3007223897648685 -0.00017312437668008532 0.6  0.3  0.0
0.6424819751588973  0.2950039991181327 -0.01718964958834328 0.6  0.3  0.0
0.6388706308533971  0.29084017285613045 -0.024729561877704392 0.6  0.3  0.0
0.6325662534219553  0.28781670085635536 -0.018845229621405866 0.6  0.3  0.0
0.6322604067050869  0.28402109316573365 -0.01475459337918392 0.6  0.3  0.0
0.6318001277232742  0.2802107908738209 -0.0068126564254862056 0.6  0.3  0.0
0.6253192316974571  0.2782388662594549 -0.01359710558815442 0.6  0.3  0.0
0.6196667688485967  0.27582395217442446 -0.008943848908217165 0.6  0.3  0.0
0.6169983761152817  0.27411222927187884 -0.01672506954621677 0.6  0.3  0.0
0.6148063936539512  0.27245439675345146 -0.021446969127095754 0.6  0.3  0.0
0.6129513789550576  0.2709242282329482 -0.024305228222452128 0.6  0.3  0.0
0.6114806273041139  0.2695484096339638 -0.02616624129392858 0.6  0.3  0.0
0.6093011395730503  0.26718056958757797 -0.012776199079712756 0.6  0.3  0.0
0.6076470531644476  0.26553687759760275 -0.005786735754150956 0.6  0.3  0.0
0.6065331688744461  0.2643904657747516 -0.0018743748111856428 0.6  0.3  0.0
0.6059240993577593  0.26358035535435625 0.0013676078537499321 0.6  0.3  0.0
0.6027265548886712  0.26108501480064517 0.0009862385933773468 0.6  0.3  0.0
0.600595085828444  0.2591346819949162 0.0007080177530479578 0.6  0.3  0.0
0.5994068650850143  0.2577070554169863 0.0004317749677739713 0.6  0.3  0.0
0.5989765570373063  0.2568152036650986 4.5788280453173e-05 0.6  0.3  0.0
0.5998812936629063  0.2561560572150665 0.00852722478898512 0.6  0.3  0.0
0.6004167741356592  0.2545482160574577 0.0076087694690180445 0.6  0.3  0.0
0.6017517085243965  0.2537934853821121 0.006161732160353327 0.6  0.3  0.0
0.6037995263843083  0.2537418219949491 0.0038209082410348132 0.6  0.3  0.0
0.6029946284739003  0.2522038470097405 0.002804614349424279 0.6  0.3  0.0
0.6029340022592609  0.25141089716225745 0.0017756766376545374 0.6  0.3  0.0
0.6020922794913783  0.24945641642258268 0.006302013840436666 0.6  0.3  0.0
0.6039899161844289  0.25050030715935123 0.0029415958434602257 0.6  0.3  0.0
0.6031445329734375  0.25001591748684004 0.0016825764156398622 0.6  0.3  0.0
0.602843291012299  0.25013358702090954 0.0009772160394696627 0.6  0.3  0.0
0.6031570175028738  0.2508511648224011 0.0004744402328324714 0.6  0.3  0.0
0.6041901289123087  0.252135844118622 -1.406121138650563e-05 0.6  0.3  0.0
0.6029203580182633  0.25328486968998537 0.01314787281560114 0.6  0.3  0.0
0.6023963608967468  0.25311094622585567 0.00748847121005411 0.6  0.3  0.0
0.6027322376212845  0.2536646760608519 0.003883121263279313 0.6  0.3  0.0
0.60384133453382  0.2548273196165015 0.0018148411367898444 0.6  0.3  0.0
0.6014100908906524  0.2560387930195011 0.004851929331602711 0.6  0.3  0.0
0.6001074994905679  0.2577298897511982 0.006731959273023375 0.6  0.3  0.0
0.5999233973696529  0.2598179012736492 0.007372890366946492 0.6  0.3  0.0
0.5994342009279474  0.26026879543609016 0.012514411282459144 0.6  0.3  0.0
0.5997253428131245  0.2639082042265564 0.006634134707016011 0.6  0.3  0.0
0.600866250630212  0.26748553889594445 0.0032435694223055577 0.6  0.3  0.0
0.602884725983937  0.2710532873519267 0.001246895746448372 0.6  0.3  0.0
0.6057384323897796  0.27462069840753267 6.421339261726338e-05 0.6  0.3  0.0
0.6079625498044043  0.278929661999814 0.002075065867872271 0.6  0.3  0.0
0.6109690758498753  0.282877055194316 0.0018250679320737336 0.6  0.3  0.0
0.6146603400704231  0.2865017585943705 0.001220361847186693 0.6  0.3  0.0
0.6189345148839612  0.29002026021882743 0.0008976198717320421 0.6  0.3  0.0
0.6212891124583972  0.29449848972421006 0.0023527237029397326 0.6  0.3  0.0
0.6275797310859627  0.29881788721250074 -0.0007046657680740446 0.6  0.3  0.0
0.6324371577915475  0.30097161323700183 -9.078866757714337e-05 0.6  0.3  0.0
0.6392774229738893  0.30502186654385044 -0.0027261903771032083 0.6  0.3  0.0
0.6452699145294292  0.31021063986442843 -0.001206136453231794 0.6  0.3  0.0
0.6512819990150082  0.314497682509585 -0.0004797913510734237 0.6  0.3  0.0
0.6568890277635563  0.31801648721428016 9.973595075777903e-05 0.6  0.3  0.0
0.6510749535313899  0.31908717807134135 -0.02281659137291463 0.6  0.3  0.0
0.6380968124035825  0.3112051700136198 0.021657924518546177 0.6  0.3  0.0
0.6276198368013038  0.30520911340786194 0.055507221330230394 0.6  0.3  0.0
0.6185773684011973  0.3003762104095959 0.08132654194844716 0.6  0.3  0.0
0.6106370271709817  0.2958705145146999 0.10150842416586871 0.6  0.3  0.0
0.6097188171687207  0.2907627829199396 0.06810140187087134 0.6  0.3  0.0
0.6087269589613697  0.28583604221237824 0.03680592677145929 0.6  0.3  0.0
0.6076007933582808  0.2811159040513636 0.01300271166628016 0.6  0.3  0.0
0.6062993501789785  0.276605755197822 -0.009821932559403675 0.6  0.3  0.0
0.6011326897601148  0.2712073290042459 -0.00901021483687481 0.6  0.3  0.0
0.5961696144764236  0.26605244028024155 -0.0061443980448056285 0.6  0.3  0.0
0.5915065558330806  0.26147595277807073 -0.0028833131759674873 0.6  0.3  0.0
0.5871402919784886  0.25706229216113097 -0.0003530894753944595 0.6  0.3  0.0
0.5833264142251059  0.2528000093015679 -0.010422002635336174 0.6  0.3  0.0
0.57983165104097  0.24887045535255245 -0.017749736459228595 0.6  0.3  0.0
0.5766665265846758  0.2451427395936209 -0.022279267597686815 0.6  0.3  0.0
0.5741049522927346  0.24153825980684476 -0.02408018863156281 0.6  0.3  0.0
0.5702791729796793  0.2373249723169905 -0.022506232993114682 0.6  0.3  0.0
0.566923158490683  0.23351694758258995 -0.01910344780645861 0.6  0.3  0.0
0.5662779742114498  0.22949862945709254 -0.012819302020771427 0.6  0.3  0.0
0.5634704613370378  0.226501188540151 -0.006439393040262188 0.6  0.3  0.0
0.5600984754272023  0.22568769294411858 -0.02187467950939867 0.6  0.3  0.0
0.5570836678109299  0.22257754656495568 -0.019155531519048995 0.6  0.3  0.0
0.5544973992846942  0.2201476001689834 -0.016512506571398057 0.6  0.3  0.0
0.5523102342803425  0.21821179793972595 -0.013358253531137662 0.6  0.3  0.0
0.5493422059402117  0.21612472024507606 -0.010750220522798736 0.6  0.3  0.0
0.5468623215711959  0.21447450502332702 -0.007189931392931838 0.6  0.3  0.0
0.5448486820183573  0.21319993545475044 -0.0038589112404721236 0.6  0.3  0.0
0.5432852160291964  0.2122468165576217 -0.0018237739859452828 0.6  0.3  0.0
0.5431289038225448  0.21106900649525456 -0.0052288944586696955 0.6  0.3  0.0
0.5434161839302474  0.2102637548419729 -0.00782663032529233 0.6  0.3  0.0
0.5441228079643  0.20978595157693405 -0.009823140605460363 0.6  0.3  0.0
0.545220234484069  0.20959068246529974 -0.011407509903556188 0.6  0.3  0.0
0.5473396456587102  0.20792633784579198 -0.017241137827703132 0.6  0.3  0.0
0.5491453855754752  0.2087419710800855 -0.01534696852613676 0.6  0.3  0.0
0.5498733931589579  0.21133182561399708 -0.023259169131831348 0.6  0.3  0.0
0.5527616357275508  0.21188287338062958 -0.02121574103455462 0.6  0.3  0.0
0.5547131160708959  0.2135962852383729 -0.019324588829852284 0.6  0.3  0.0
0.5567633594805712  0.2155865561808592 -0.018129541634720366 0.6  0.3  0.0
0.5590885183657756  0.21788186844901333 -0.017402697040670694 0.6  0.3  0.0
0.5616949699580035  0.22036207181854453 -0.016893073238338354 0.6  0.3  0.0
0.5650745211529886  0.2238732475163254 -0.01648391701069726 0.6  0.3  0.0
0.5686691106487792  0.22743119305643142 -0.015905040527577585 0.6  0.3  0.0
0.5722400654936718  0.23108731169596616 -0.015077451375043172 0.6  0.3  0.0
0.5759683887418072  0.23477702301246656 -0.01404148130257368 0.6  0.3  0.0
0.5799267457633386  0.2391928571606758 -0.009217036923400134 0.6  0.3  0.0
0.5842508569073195  0.2435741496344757 -0.0049296418912478995 0.6  0.3  0.0
0.5888065900867834  0.24794142409359463 -0.0025015293159022295 0.6  0.3  0.0
0.5924235940801017  0.2486859919099493 -0.012671492224543172 0.6  0.3  0.0
0.5943178960634187  0.25632103864109185 -0.005619083781468834 0.6  0.3  0.0
0.6004950852367675  0.26228406706183643 -0.0026084015447864197 0.6  0.3  0.0
0.6064665462993386  0.2680512907538207 -0.0010734508020268849 0.6  0.3  0.0
0.6125079524242997  0.2737530848063541 -0.0003598657998709836 0.6  0.3  0.0
0.617543619885264  0.27862784467241325 0.00044302901869877295 0.6  0.3  0.0
0.6231983169152718  0.28329456817560167 0.00016171752251214138 0.6  0.3  0.0
0.6294676724214011  0.28785558868242656 -0.00022123863340240053 0.6  0.3  0.0
0.6363045468718399  0.2924251574480724 -0.00056274063624976 0.6  0.3  0.0
0.6420889614514091  0.2961981478237378 -0.00040523505050203093 0.6  0.3  0.0
0.6486470512201414  0.2999656764903998 -0.00043749327594967897 0.6  0.3  0.0
0.6424647113826999  0.29530124867590074 -0.017767542686894216 0.6  0.3  0.0
0.6390950851358705  0.29249109302021054 -0.027567985737800088 0.6  0.3  0.0
0.6346345149568302  0.2879830106527389 -0.017171332240596894 0.6  0.3  0.0
0.6341097564840406  0.28400893655756304 -0.010681496565884161 0.6  0.3  0.0
0.6328965289333955  0.27983296742341407 -0.0046860024386581045 0.6  0.3  0.0
0.6262680307734253  0.2770138339219955 -0.013923495292248069 0.6  0.3  0.0
0.6213078730806987  0.27586100048515444 -0.023330143024283677 0.6  0.3  0.0
0.6173554809642549  0.2745990218293171 -0.02732442424339599 0.6  0.3  0.0
0.6139830936244011  0.2733634698551882 -0.02823233460020588 0.6  0.3  0.0
0.6115270293651749  0.27210061655782253 -0.026004399940433423 0.6  0.3  0.0
0.6103773494099604  0.2697408203050938 -0.015561812300669664 0.6  0.3  0.0
0.6095682644291698  0.2677196821615908 -0.007570679562627839 0.6  0.3  0.0
0.6092827927162037  0.2664193107950873 -0.0039005720439091503 0.6  0.3  0.0
0.6094850786457205  0.26549751548722755 -0.0018021555214263146 0.6  0.3  0.0
0.6057139110464901  0.26329263034431954 -0.0001760505951135076 0.6  0.3  0.0
0.6027096120215192  0.2616873154575944 0.0005556569428719962 0.6  0.3  0.0
0.6009211897373713  0.26048849575494154 0.0016107141828132121 0.6  0.3  0.0
0.5998691509416507  0.259785866079449 0.0015591707215037974 0.6  0.3  0.0
0.598647281905448  0.25762014982452786 0.001508358568246173 0.6  0.3  0.0
0.5982070243034698  0.25611827808091925 0.0011928998216394777 0.6  0.3  0.0
0.5998299866111921  0.2565482040588965 0.0038039226502860346 0.6  0.3  0.0
0.600909437560996  0.25592240672986055 0.0014291981330150677 0.6  0.3  0.0
0.5997022161621789  0.25441942850668303 0.0026889562983343843 0.6  0.3  0.0
0.5993268488706602  0.25372694371268906 0.0033533697608838058 0.6  0.3  0.0
0.5997090159096101  0.25373937855386497 0.0032445840183162075 0.6  0.3  0.0
0.5992759386706732  0.2524112432584102 0.010156588860483047 0.6  0.3  0.0
0.5985557353198094  0.2522449401725922 0.004643908110013198 0.6  0.3  0.0
0.5983222342817771  0.2525370266213665 0.001584458056397162 0.6  0.3  0.0
0.5986991881997  0.25334513344242293 -0.0010484330365119528 0.6  0.3  0.0
0.5997101988770996  0.2547086580018667 -0.003850163965823655 0.6  0.3  0.0
0.5985523532065685  0.254037829035519 -0.00013521756076689687 0.6  0.3  0.0
0.5982443509293871  0.2540406052890476 0.0023839361461152515 0.6  0.3  0.0
0.5988182167493975  0.25466547827351027 0.0033424368331815874 0.6  0.3  0.0
0.6007857073831302  0.2571643742595512 0.014556919115659721 0.6  0.3  0.0
0.5973428619983422  0.25811540809215894 0.01011169240459624 0.6  0.3  0.0
0.5949647708437439  0.2596964569210153 0.006455182340311255 0.6  0.3  0.0
0.593685490618998  0.26178047135848154 0.00357001972724455 0.6  0.3  0.0
0.5935008542208121  0.26426564078118 0.001821954631007342 0.6  0.3  0.0
0.5919230269242931  0.26454925728029605 0.007746053051622976 0.6  0.3  0.0
0.5931368105922604  0.2674808577387455 0.0054911423891030944 0.6  0.3  0.0
0.5950661988509885  0.2703718513209701 0.0034513452886765932 0.6  0.3  0.0
0.597716696915122  0.2732787418805012 0.0021696682988608254 0.6  0.3  0.0
0.5994844791674278  0.27791087590417846 0.001709106774233532 0.6  0.3  0.0
0.6021260081261949  0.2824652798397431 0.0013212955964041636 0.6  0.3  0.0
0.6055413565846568  0.2869185318350338 0.0010105392950236817 0.6  0.3  0.0
0.6095444910500973  0.2908525666280525 0.00016995636637023783 0.6  0.3  0.0
0.6130195874182425  0.29551016277954717 -0.00017051503696121907 0.6  0.3  0.0
0.6170889240176116  0.2996222691432075 -0.00016584938603542772 0.6  0.3  0.0
0.6205137343836022  0.30171175500030245 0.0025517090682398973 0.6  0.3  0.0
0.6236377949969102  0.3050727107075279 0.0034072178672376417 0.6  0.3  0.0
0.6313483753949987  0.31034677828422436 0.0010844858127438705 0.6  0.3  0.0
0.6387561245852926  0.3147206649102451 -0.00015303792666335908 0.6  0.3  0.0
0.6459587483525387  0.31834176357156413 -0.0014688243524174232 0.6  0.3  0.0
0.6525630815413667  0.3213602013826006 -0.0014662554376784083 0.6  0.3  0.0
0.6332308975854948  0.31163635921601596 0.03300568305011476 0.6  0.3  0.0
0.6180298406900874  0.30462809214666153 0.05999040382860819 0.6  0.3  0.0
0.6050592489888784  0.29932616672323553 0.07985282303036237 0.6  0.3  0.0
0.5933332295123289  0.29484577544561824 0.0956646548073452 0.6  0.3  0.0
0.5938870408040753  0.2897152414130202 0.07027861519026227 0.6  0.3  0.0
0.5943903007908797  0.28477219767199297 0.046537835306047534 0.6  0.3  0.0
0.5946739080357861  0.28011693367388224 0.02256475718620084 0.6  0.3  0.0
0.5947436372378125  0.27549049325253183 0.006357256570559227 0.6  0.3  0.0
0.5897208218000118  0.26989868211464635 0.0017481310847833496 0.6  0.3  0.0
0.5848239552557118  0.2645168007627946 -0.0005361093555469754 0.6  0.3  0.0
0.5801257395031728  0.25944747263666 -0.0007916017601304697 0.6  0.3  0.0
0.5756913011033369  0.25481780399644394 -0.000306097452725673 0.6  0.3  0.0
0.5729714330541659  0.25014370396311547 -0.005801249476740595 0.6  0.3  0.0
0.5704684756042114  0.24575592590047426 -0.0086345608264601 0.6  0.3  0.0
0.5682064547879401  0.24163232857193584 -0.008837507843906545 0.6  0.3  0.0
0.5662107137010668  0.2376742108670299 -0.006433124412781982 0.6  0.3  0.0
0.5618027215047052  0.2335399824482746 -0.012656815324662849 0.6  0.3  0.0
0.5578650871261072  0.22977631050286954 -0.01638235666331584 0.6  0.3  0.0
0.554366310378353  0.2263368380693658 -0.017810235603251207 0.6  0.3  0.0
0.5512572599114809  0.22317953892101255 -0.017185688668411248 0.6  0.3  0.0
0.5507179089991314  0.22144641485838293 -0.02617383885598125 0.6  0.3  0.0
0.5480427773745409  0.21810206964062875 -0.01833142705217546 0.6  0.3  0.0
0.5458008183018708  0.21531114507243318 -0.010727574947450535 0.6  0.3  0.0
0.5438938503668537  0.21290622694394537 -0.005197177742903554 0.6  0.3  0.0
0.5408252427760212  0.21010908713642182 -0.00763601299745606 0.6  0.3  0.0
0.5382071833466622  0.20777118680573414 -0.008880664810172521 0.6  0.3  0.0
0.5360239035926199  0.205837339939792 -0.00901597906417856 0.6  0.3  0.0
0.5342646187064034  0.20423560053126866 -0.008213957374661754 0.6  0.3  0.0
0.5334429924568128  0.20299316721104224 -0.010400660089337276 0.6  0.3  0.0
0.5330056651693228  0.202056790511265 -0.011667670139370326 0.6  0.3  0.0
0.5329335248421316  0.20138658127043624 -0.012228704081990721 0.6  0.3  0.0
0.533203384277184  0.2009426766378373 -0.012294395676151773 0.6  0.3  0.0
0.534208399236932  0.20010449535926125 -0.015649939500710773 0.6  0.3  0.0
0.5344069264355699  0.20157857133797802 -0.027653976945860182 0.6  0.3  0.0
0.5373778211183462  0.19917548285871225 -0.032392130408360226 0.6  0.3  0.0
0.5399522035267927  0.19939173705669566 -0.02927386774730144 0.6  0.3  0.0
0.5411636480919959  0.20072082256378942 -0.025802531707210398 0.6  0.3  0.0
0.5425742440599446  0.20220335008987408 -0.02334001448502813 0.6  0.3  0.0
0.5441464908386335  0.20377636286492057 -0.021743926053843097 0.6  0.3  0.0
0.5458688709464983  0.20546118962819715 -0.02062275640349039 0.6  0.3  0.0
0.5492019527462368  0.20827368190402595 -0.02022901324902594 0.6  0.3  0.0
0.5526576597016958  0.21113733853403294 -0.019840437692513396 0.6  0.3  0.0
0.5560889572677974  0.21406370269124309 -0.019334669181810326 0.6  0.3  0.0
0.5592041577029747  0.21711461214591316 -0.019167905807013025 0.6  0.3  0.0
0.5620133767762273  0.22096426076982448 -0.014036647058062738 0.6  0.3  0.0
0.5651056115822215  0.2247784871938488 -0.009016726979769654 0.6  0.3  0.0
0.5684948259994598  0.2285603544924645 -0.0048047305961614085 0.6  0.3  0.0
0.5699302937844988  0.23340438328427215 -0.00247496560566547 0.6  0.3  0.0
0.5763082013259845  0.2370767997420352 -0.001718688115724676 0.6  0.3  0.0
0.5812047077564985  0.23723714342334484 -0.015835049411419142 0.6  0.3  0.0
0.58908481656446  0.24197119749346915 -0.007901485669536981 0.6  0.3  0.0
0.5967904420512207  0.24627960501962706 -0.003996661515928987 0.6  0.3  0.0
0.6013525873579224  0.2521846687404581 -0.0016674587433926891 0.6  0.3  0.0
0.6062925433422272  0.2577635097776689 -0.0003025052457580723 0.6  0.3  0.0
0.6116587172323675  0.2632081565818258 0.0004409864337853157 0.6  0.3  0.0
0.6174474285483557  0.26860396124408414 0.0007311853543357534 0.6  0.3  0.0
0.6240660024992514  0.2724863074241111 -0.00017761492467965 0.6  0.3  0.0
0.6314102950655804  0.27632395911159596 -0.0013302001960735486 0.6  0.3  0.0
0.6393978729686374  0.2801745198129246 -0.003017056357540247 0.6  0.3  0.0
0.6479264850895396  0.2840735921542928 -0.005235847226941107 0.6  0.3  0.0
0.6500286532029103  0.2873984473539363 0.005342187669805664 0.6  0.3  0.0
0.6434680610449535  0.2822587734346816 -0.004941796703742752 0.6  0.3  0.0
0.6389139588083659  0.2786663628569758 -0.0048656281400952925 0.6  0.3  0.0
0.6332740579403343  0.27411231981089923 -0.008704021263497709 0.6  0.3  0.0
0.6312855516772248  0.2706034151770962 -0.007269612956710013 0.6  0.3  0.0
0.6233893345683051  0.26877428445403373 -0.026024167402024283 0.6  0.3  0.0
0.6167695538140671  0.26711899577150733 -0.03439959901393715 0.6  0.3  0.0
0.6111896654747464  0.26510010612082796 -0.03627733158492035 0.6  0.3  0.0
0.6091478984362514  0.2634272168505875 -0.032829121508251236 0.6  0.3  0.0
0.6074909668316973  0.2618576016299499 -0.02807438549014539 0.6  0.3  0.0
0.6061903774108388  0.2604767451181829 -0.022913596337804487 0.6  0.3  0.0
0.6052581166652267  0.2593484571858472 -0.017839674047120627 0.6  0.3  0.0
0.6023048577530093  0.2573697370910494 -0.011969600263046148 0.6  0.3  0.0
0.5999488836336161  0.2558275450486013 -0.007161608879286119 0.6  0.3  0.0
0.5982947799946626  0.2547150010835129 -0.0037549861695117723 0.6  0.3  0.0
0.59741235244436  0.25386448959439994 -0.0017106325265282968 0.6  0.3  0.0
0.5946000667483077  0.25155272867357675 -0.0004926455751492547 0.6  0.3  0.0
0.5926913281552132  0.24976500511355207 0.0001444392118449099 0.6  0.3  0.0
0.5916068202534238  0.2485179384911115 0.0003214300673501019 0.6  0.3  0.0
0.5913303612954844  0.24776593906198227 0.00024474512416724413 0.6  0.3  0.0
0.5911704725739766  0.24610037040219698 0.0019252842908809313 0.6  0.3  0.0
0.5928499140220037  0.24631818592701796 0.0065002362007046755 0.6  0.3  0.0
0.594492181192796  0.24563448655193856 0.003686323648160421 0.6  0.3  0.0
0.5968980713489762  0.24570214318931255 0.002058284146936603 0.6  0.3  0.0
0.5962019724029942  0.24417923085553736 0.001427167388780876 0.6  0.3  0.0
0.5948867106896  0.24153915196873496 0.007605338840163853 0.6  0.3  0.0
0.5962680443869411  0.2419774233794733 0.003882051395100102 0.6  0.3  0.0
0.5980457826247613  0.2427706786571075 0.0018133424328879433 0.6  0.3  0.0
0.5973171849332524  0.24200036694722116 0.000773746637749243 0.6  0.3  0.0
0.5972295264567884  0.24189061913798204 0.00014340330972890199 0.6  0.3  0.0
0.5978632045309014  0.24242132181721232 -0.00036624613160343006 0.6  0.3  0.0
0.5993010819399124  0.24354755244801923 -0.0009082047835209621 0.6  0.3  0.0
0.5968982771065932  0.24306923664152888 0.0016441406170235673 0.6  0.3  0.0
0.5959810898523725  0.24475788842824256 0.01485210769257907 0.6  0.3  0.0
0.5963501272552454  0.24531395305061834 0.009870212451109871 0.6  0.3  0.0
0.5975788252414054  0.24654260105388964 0.0056586406791847964 0.6  0.3  0.0
0.5959151557413186  0.24801581653486648 0.003959985772779688 0.6  0.3  0.0
0.5953886473783196  0.24998303255236598 0.0023865910055579634 0.6  0.3  0.0
0.5945721844950179  0.25029561488197105 0.005575109316604621 0.6  0.3  0.0
0.5969036646450825  0.25357242747949066 0.0025633627006998337 0.6  0.3  0.0
0.5983079281834467  0.2571539175270785 0.0018661696626945598 0.6  0.3  0.0
0.600636866011792  0.26076153976222954 0.0013758530330585522 0.6  0.3  0.0
0.6038655159767664  0.26440155574666147 0.0009982471499431903 0.6  0.3  0.0
0.6079104538983698  0.2680556010751352 0.0007123925027033756 0.6  0.3  0.0
0.6102297727478586  0.27267055090006004 0.0008063978220246131 0.6  0.3  0.0
0.6133160838338074  0.2766881672298294 0.00012220229989474767 0.6  0.3  0.0
0.6171100991362235  0.28055266214607527 -0.000298304267229498 0.6  0.3  0.0
0.6214661385829873  0.28425167175190547 -0.000509040950542623 0.6  0.3  0.0
0.6270442115411691  0.28915534186396036 -0.0004752862534236548 0.6  0.3  0.0
0.6295103008845596  0.2914686279884829 0.007165722650272748 0.6  0.3  0.0
0.63801724448068  0.2962611722075671 0.0021919051120799973 0.6  0.3  0.0
0.6458614360252344  0.30028174077015013 -0.000743357461417413 0.6  0.3  0.0
0.6514089374417299  0.3053326946352589 0.00013505199229051675 0.6  0.3  0.0
0.6565380117043682  0.3094551952701132 0.0011996650661454718 0.6  0.3  0.0
0.6492316496216186  0.31106616392149833 -0.02221476759207218 0.6  0.3  0.0
0.6372639522612847  0.3050410033464429 0.025167337285584415 0.6  0.3  0.0
0.6313719915954901  0.3003983496736132 0.03024169233731332 0.6  0.3  0.0
0.6263900281056917  0.2963267094733321 0.03351659673549735 0.6  0.3  0.0
0.62222585732965  0.2925680023638756 0.035234711993798344 0.6  0.3  0.0
0.6184850303197303  0.2889582861131727 0.03653690638135572 0.6  0.3  0.0
0.6143987323364326  0.28397993304192126 0.018750950349579496 0.6  0.3  0.0
0.6103379851507644  0.27916698035506077 0.008242097789854533 0.6  0.3  0.0
0.6062529999434001  0.27465957495137877 -0.0032329031336047753 0.6  0.3  0.0
0.6022111016213755  0.27021733485833244 -0.012240780709406799 0.6  0.3  0.0
0.5978327289309571  0.2654542505671736 -0.016355212579962298 0.6  0.3  0.0
0.5936483364600815  0.2610506744889197 -0.017501123045883214 0.6  0.3  0.0
0.5897080738944759  0.25704421727886195 -0.015456487925438826 0.6  0.3  0.0
0.5860177840900413  0.2531837881779849 -0.011065934055078493 0.6  0.3  0.0
0.5808650527710243  0.2491401885691194 -0.01706927039217007 0.6  0.3  0.0
0.5761891220752562  0.2453676069506349 -0.020816910706203052 0.6  0.3  0.0
0.5721172844015214  0.2417478927586377 -0.02234999124085026 0.6  0.3  0.0
0.5685125420387468  0.23840397224503912 -0.02138810238109226 0.6  0.3  0.0
0.5651284451965632  0.23453347218782425 -0.020132158618203687 0.6  0.3  0.0
0.5648113766972556  0.23262482348838706 -0.029341205821153255 0.6  0.3  0.0
0.5618525030822399  0.22894690439085918 -0.020175815261732205 0.6  0.3  0.0
0.5594396703025076  0.2258524245464513 -0.011256169849158297 0.6  0.3  0.0
0.5554994622650508  0.2223754490111236 -0.010029677566822569 0.6  0.3  0.0
0.5521132910295327  0.21943719545684415 -0.007864941486936328 0.6  0.3  0.0
0.5492374832092624  0.21696102375088594 -0.0046678934844939035 0.6  0.3  0.0
0.5468342589970144  0.21487572602701144 -0.002436096798218642 0.6  0.3  0.0
0.5451295777687244  0.2127534607196264 -0.0026485776549686306 0.6  0.3  0.0
0.5438541675835122  0.21104657940349741 -0.0019187333523626006 0.6  0.3  0.0
0.5429734047069266  0.20971848919172884 -0.0013298963485073706 0.6  0.3  0.0
0.5424639360862209  0.2087283002311419 -0.0008702608918864786 0.6  0.3  0.0
0.5423660814427218  0.2073175394966533 -0.0035394338471454443 0.6  0.3  0.0
0.542708975257194  0.20632910776517002 -0.005527312151566598 0.6  0.3  0.0
0.5434662945080654  0.20571673913779145 -0.007043965848662696 0.6  0.3  0.0
0.5448166040998365  0.20566104388450396 -0.02069689720925821 0.6  0.3  0.0
0.5445880509286312  0.20615565421298165 -0.014525866708650546 0.6  0.3  0.0
0.5446475723332527  0.2070279547460325 -0.010233990181431077 0.6  0.3  0.0
0.5450224292677771  0.20818615624725154 -0.007167936198602688 0.6  0.3  0.0
0.5457756023965706  0.2095939500565752 -0.004939196016511948 0.6  0.3  0.0
0.5489821160821952  0.21169354022812856 -0.007703291773347439 0.6  0.3  0.0
0.5524086887857514  0.21398351059442686 -0.010412847918559467 0.6  0.3  0.0
0.5560048435090093  0.21647124244069624 -0.013009219676547966 0.6  0.3  0.0
0.5597357844066665  0.2190698368788351 -0.015304287313781173 0.6  0.3  0.0
0.5625742129839572  0.2230252246069019 -0.01364937570079283 0.6  0.3  0.0
0.5656948981779749  0.2270206895777832 -0.011797698537036615 0.6  0.3  0.0
0.5690809459155798  0.23104672880381308 -0.009819169577344236 0.6  0.3  0.0
0.5727108849656303  0.23509928443379186 -0.007774520438802379 0.6  0.3  0.0
0.5773064280730225  0.23929792750812526 -0.0042591743750888585 0.6  0.3  0.0
0.5794768881546948  0.24443983652718224 -0.0023156955863491294 0.6  0.3  0.0
0.5843475752668557  0.244744604870346 -0.010895941435280967 0.6  0.3  0.0
0.591009257863414  0.2496448468397685 -0.004826831755007871 0.6  0.3  0.0
0.5963724972673093  0.25568347964914 -0.002596432601984904 0.6  0.3  0.0
0.601955953436494  0.26139520974440994 -0.0015314119524914539 0.6  0.3  0.0
0.6078856257120314  0.2669700756098905 -0.001126383556086786 0.6  0.3  0.0
0.6142091592377309  0.27251410429005163 -0.0010831322476629694 0.6  0.3  0.0
0.6195047533120638  0.2772182557665066 0.00014435227701023521 0.6  0.3  0.0
0.6254138102268261  0.28180634198701565 0.00024306666630578036 0.6  0.3  0.0
0.6318780452995153  0.28620463697980014 7.633746688794535e-06 0.6  0.3  0.0
0.6388331674288796  0.29061034443549333 -0.00020352522340193763 0.6  0.3  0.0
0.6438912443260169  0.29435516991830846 0.00011445640422183027 0.6  0.3  0.0
0.6497379091342328  0.2980973584792594 0.00014999918769250542 0.6  0.3  0.0
0.6399204435091159  0.29360110955093627 -0.006682327045024047 0.6  0.3  0.0
0.6352059780965001  0.28833642625600325 -0.029681111202035558 0.6  0.3  0.0
0.6342979334338305  0.28447686014262163 -0.030067216668752894 0.6  0.3  0.0
0.6331659171854566  0.2805653647924564 -0.026953359288249587 0.6  0.3  0.0
0.6262800647465174  0.27817570539340025 -0.04408978384945272 0.6  0.3  0.0
0.6203511071895919  0.27560832249182665 -0.05039121892689459 0.6  0.3  0.0
0.6170341806243561  0.27425414968055845 -0.04883503998176329 0.6  0.3  0.0
0.6142350118746757  0.2729111270322495 -0.0442491841159888 0.6  0.3  0.0
0.6118281581149998  0.2717520904933321 -0.03837522911760416 0.6  0.3  0.0
0.6097811822770756  0.27078568897546834 -0.03185719448886731 0.6  0.3  0.0
0.607475471274556  0.2690619994371082 -0.024107021383574453 0.6  0.3  0.0
0.6056134041531788  0.2677550205093009 -0.01741443407674934 0.6  0.3  0.0
0.6043330651682413  0.2671612237456944 -0.014172078007399566 0.6  0.3  0.0
0.6036119611137809  0.2668614566986405 -0.01070451300763585 0.6  0.3  0.0
0.5998379803674405  0.2646767553129221 -0.0049562125678741615 0.6  0.3  0.0
0.597025906776954  0.26301263112344003 -0.0017113882433888454 0.6  0.3  0.0
0.5952079411019375  0.2618183770490836 0.001175423965249793 0.6  0.3  0.0
0.5941798423602792  0.2610669996756428 0.0030590125887404243 0.6  0.3  0.0
0.5930387524445354  0.259175113357525 0.004859510978434563 0.6  0.3  0.0
0.592764076714003  0.2580376036881845 0.0051231515183223705 0.6  0.3  0.0
0.5944320547666867  0.25877762908188107 0.008650018826282692 0.6  0.3  0.0
0.594425113479976  0.25660213625476275 0.011830443871020342 0.6  0.3  0.0
0.5930231240630314  0.2565973138798352 0.005706330835603826 0.6  0.3  0.0
0.5922710864993039  0.25711492374770323 0.0023165710737085943 0.6  0.3  0.0
0.592222185088132  0.25815540924295594 0.0004299566294731344 0.6  0.3  0.0
0.5928905251994908  0.25969814365807525 -0.0013343981633605916 0.6  0.3  0.0
0.5936609412746072  0.2580206583137765 -0.00010482092918955759 0.6  0.3  0.0
0.5950092009621606  0.25715697888197736 0.00044767989027564865 0.6  0.3  0.0
0.596985239433597  0.2570377443500521 0.0005058318912192861 0.6  0.3  0.0
0.5995426419630421  0.2576227466448545 0.00023528315497485308 0.6  0.3  0.0
0.5965314006873795  0.25763601205659115 0.0006541501294348723 0.6  0.3  0.0
0.5944937679378216  0.25836055276256414 0.000672735652942707 0.6  0.3  0.0
0.5941334442016437  0.2611039742368576 0.009871625095115709 0.6  0.3  0.0
0.5946608026258402  0.26283361750918594 0.0045678913408680666 0.6  0.3  0.0
0.5924763684390673  0.2634241953825846 0.002701653263073731 0.6  0.3  0.0
0.5902344912871801  0.2626982578058758 0.006514884282103504 0.6  0.3  0.0
0.5907207640593524  0.2650463772686546 0.003251332817734527 0.6  0.3  0.0
0.5919753746401332  0.2675521056895211 0.0014744417033137223 0.6  0.3  0.0
0.5916800376606588  0.27090266752585235 0.0013410933481996681 0.6  0.3  0.0
0.5924132234346411  0.27445557162917816 0.0011529031600146374 0.6  0.3  0.0
0.5941349243254678  0.2781764635859196 0.0009394434792597037 0.6  0.3  0.0
0.5967570411957582  0.28201848802768154 0.000744895553272331 0.6  0.3  0.0
0.5984155137183524  0.2862762307855676 0.0005117033516502893 0.6  0.3  0.0
0.6009518650768538  0.2905053688108858 0.0002750235226067971 0.6  0.3  0.0
0.6042441930292173  0.2946689043367589 9.136831542942543e-05 0.6  0.3  0.0
0.6081666047300719  0.2984476206286971 -0.00040155239470901125 0.6  0.3  0.0
0.6115209822026834  0.30134286525133536 0.0004420569981301843 0.6  0.3  0.0
0.6172006285523414  0.30597355094713286 -0.000343579307179994 0.6  0.3  0.0
0.6208651930284711  0.30958703615503236 0.0005937369807789175 0.6  0.3  0.0
0.6281455145624154  0.3136180821333094 -0.0030413011876716163 0.6  0.3  0.0
0.6353449044617813  0.31884600126563895 -0.002572558641330341 0.6  0.3  0.0
0.6424221734543  0.3232527947999783 -0.002229409571129859 0.6  0.3  0.0
0.6489099148342227  0.3269768235934568 -0.0015300460286784543 0.6  0.3  0.0
0.636842048603998  0.3176923379491896 0.046002936120811286 0.6  0.3  0.0
0.6281841984670455  0.31079058415268895 0.05314541677746289 0.6  0.3  0.0
0.6214365201435144  0.3054197131609825 0.05630563632232081 0.6  0.3  0.0
0.6153217652390086  0.30202826810945727 0.048317637895336364 0.6  0.3  0.0
0.6096896268626795  0.2977937899392726 0.04765288689592032 0.6  0.3  0.0
0.6073014670221488  0.2926539438927876 0.030460331649042542 0.6  0.3  0.0
0.6050741415972873  0.28754595830831964 0.016415218353013857 0.6  0.3  0.0
0.6027192491211346  0.28276461098408384 0.006588078523683564 0.6  0.3  0.0
0.600268306436624  0.27801344313055065 -0.0009080059288400196 0.6  0.3  0.0
0.5955854689413863  0.27279264764943506 -0.007462986672170403 0.6  0.3  0.0
0.5910135118092641  0.2677898008900217 -0.011581174329295046 0.6  0.3  0.0
0.5866521967815554  0.26334322979217756 -0.012035427236610241 0.6  0.3  0.0
0.5824956463348975  0.2590382218348091 -0.01016544940060061 0.6  0.3  0.0
0.578385323537511  0.2544924424149242 -0.014193291120354935 0.6  0.3  0.0
0.5745748683104563  0.25024364365307145 -0.01605453699238282 0.6  0.3  0.0
0.5711074180619921  0.2462606018567861 -0.015764768823059293 0.6  0.3  0.0
0.5681957632919331  0.2424080383571584 -0.013457874688852178 0.6  0.3  0.0
0.5639045858542292  0.23854844636719497 -0.015263003913433059 0.6  0.3  0.0
0.5626663070013634  0.23472887087833907 -0.011420097254722102 0.6  0.3  0.0
0.5592304613666613  0.23391947555289283 -0.02514597046242356 0.6  0.3  0.0
0.5559413277197744  0.23030876730689603 -0.016861561289513615 0.6  0.3  0.0
0.5521402563396971  0.2262117082066513 -0.011170337002983255 0.6  0.3  0.0
0.5488576082985683  0.2226784064288312 -0.005848172591725314 0.6  0.3  0.0
0.546040890848659  0.21957354863389206 -0.0026617319241798243 0.6  0.3  0.0
0.5436612107202463  0.21682067434889654 -0.0006927592056398747 0.6  0.3  0.0
0.5420223223152246  0.2137546926495507 -0.003814351405655889 0.6  0.3  0.0
0.5407989097847749  0.21114730959152825 -0.005744140335777265 0.6  0.3  0.0
0.5399677753173717  0.20895306351003357 -0.006637663632659157 0.6  0.3  0.0
0.5395103646998333  0.20710647554468475 -0.006628912650196819 0.6  0.3  0.0
0.5390297733674252  0.2053116563682359 -0.008131544752109745 0.6  0.3  0.0
0.5389571662666304  0.20389675282387057 -0.008936846133422958 0.6  0.3  0.0
0.5392688950233104  0.20281733195495016 -0.009246556616787988 0.6  0.3  0.0
0.541237245715232  0.20072230029887347 -0.010352238430645118 0.6  0.3  0.0
0.5402674403135919  0.2028109730332262 -0.02380133604036299 0.6  0.3  0.0
0.54115293155999  0.2026016428751962 -0.02422358041702652 0.6  0.3  0.0
0.542160338207432  0.20282025705689377 -0.02614779917000608 0.6  0.3  0.0
0.5433586108362777  0.2033518577662379 -0.028830948567650318 0.6  0.3  0.0
0.5448107052962159  0.2050184146190348 -0.027386036837403756 0.6  0.3  0.0
0.5464972985202736  0.20696355455594176 -0.026202699980157066 0.6  0.3  0.0
0.5484055724253025  0.2090282775657966 -0.024964066079688794 0.6  0.3  0.0
0.5504394038879418  0.21118506457388012 -0.0235694567930187 0.6  0.3  0.0
0.5534394320667199  0.21450143511743827 -0.024844788545959846 0.6  0.3  0.0
0.5564572474958241  0.21789112233588043 -0.025746247048849216 0.6  0.3  0.0
0.5595959002388914  0.2212770462760283 -0.026184439397597018 0.6  0.3  0.0
0.5629034568488869  0.22465538367253823 -0.02625747123713652 0.6  0.3  0.0
0.5667228873846765  0.22832466310304686 -0.02024429884976274 0.6  0.3  0.0
0.5707384432324187  0.23191316862346553 -0.014152852195118323 0.6  0.3  0.0
0.5715933477413978  0.23320438436821472 -0.019504385369725458 0.6  0.3  0.0
0.5777710511220192  0.23724455820871668 -0.009519316605901103 0.6  0.3  0.0
0.5836868668054149  0.24243790230661205 -0.007565458280112841 0.6  0.3  0.0
0.5897195684974832  0.247402062740094 -0.006513927580280259 0.6  0.3  0.0
0.5960352004529257  0.25227512475054376 -0.006258835435972444 0.6  0.3  0.0
0.6027101424813784  0.25713703273467253 -0.0066823008191427054 0.6  0.3  0.0
0.607445414703318  0.26193511375815215 -0.002944526559430837 0.6  0.3  0.0
0.6127229423287531  0.2667093852571237 -0.0009410677805948026 0.6  0.3  0.0
0.6185128856269867  0.27149301931928466 6.108419656174484e-05 0.6  0.3  0.0
0.6247630169672396  0.27623672552023315 0.0003051956499786223 0.6  0.3  0.0
0.6302579444526016  0.2803042879227486 -3.485696066278624e-05 0.6  0.3  0.0
0.6365611426211546  0.2843414883571329 -0.00032443881341282345 0.6  0.3  0.0
0.6435755626200733  0.2883929829584735 -0.0006056842455429126 0.6  0.3  0.0
0.6473910125086602  0.2925425366262929 0.005133595247262792 0.6  0.3  0.0
0.6410598865276808  0.28538729997274137 -0.020599585533275344 0.6  0.3  0.0
0.6384738566822508  0.2807210168286448 -0.027345929371409193 0.6  0.3  0.0
0.636448284786403  0.27651813785746404 -0.028995035697604553 0.6  0.3  0.0
0.6343771206971006  0.2726438710201598 -0.029965682419931163 0.6  0.3  0.0
0.6259975176085293  0.2704206630609544 -0.044137576284626896 0.6  0.3  0.0
0.6190242417542899  0.268150254571866 -0.04755002815009132 0.6  0.3  0.0
0.6131167679399684  0.2659312211764542 -0.044281093169366736 0.6  0.3  0.0
0.6081396274854131  0.2638523753500861 -0.0368578453893889 0.6  0.3  0.0
0.6073736598933686  0.26212886062589835 -0.03337714285634877 0.6  0.3  0.0
0.6069777417583414  0.26057693420679207 -0.029434625840426477 0.6  0.3  0.0
0.6070274513165863  0.2593867910938298 -0.025581194969735505 0.6  0.3  0.0
0.6075131166156815  0.2585864955902605 -0.023516382653370155 0.6  0.3  0.0
0.6045455475604602  0.25656255045799936 -0.011835083521636229 0.6  0.3  0.0
0.602192732410964  0.25495798768253464 -0.005258211948042716 0.6  0.3  0.0
0.6004952135405703  0.2537481733203662 -0.0008646084840533384 0.6  0.3  0.0
0.5998779055883842  0.25273842403663005 0.004717018572910712 0.6  0.3  0.0
0.5977756469828704  0.2503097759676303 0.0027468865336020957 0.6  0.3  0.0
0.5964979640102891  0.2485341026270002 0.0013257187633768154 0.6  0.3  0.0
0.596033149249881  0.24735547124191068 0.0002558038085332605 0.6  0.3  0.0
0.59766614815929  0.2480235429237189 0.0004026275996584414 0.6  0.3  0.0
0.5966070086719468  0.24626129726655738 0.0006940611053762183 0.6  0.3  0.0
0.596495913474152  0.24534664544955734 0.0008152996439693166 0.6  0.3  0.0
0.5972297228762949  0.2451318440775718 0.0007674252673302113 0.6  0.3  0.0
0.5971667566623821  0.24365559707091694 0.00665925429225718 0.6  0.3  0.0
0.5964554602441616  0.2434120080562195 0.0028214715396816343 0.6  0.3  0.0
0.5962477832365521  0.2435899695240417 0.0007651485688193859 0.6  0.3  0.0
0.5966464208482797  0.24423762860448195 -0.00033595696887128907 0.6  0.3  0.0
0.597707795710183  0.24536030009366983 -0.0014360671440881642 0.6  0.3  0.0
0.5974639300913245  0.24422668276552367 -0.00034546726144052994 0.6  0.3  0.0
0.5979523408195939  0.24374435861181373 8.404742320218398e-05 0.6  0.3  0.0
0.5992102798789418  0.24388420470536332 9.269343147563139e-05 0.6  0.3  0.0
0.6017875608484339  0.24597900494512562 0.0074171199881388535 0.6  0.3  0.0
0.5982983968705486  0.24627206041636882 0.003989993735519338 0.6  0.3  0.0
0.5958404536709629  0.2472393176073224 0.002189038578716887 0.6  0.3  0.0
0.5944765591252128  0.24875664620158097 0.0011415334378733666 0.6  0.3  0.0
0.5942319548369341  0.2507228931884274 0.00043469340104961495 0.6  0.3  0.0
0.5919104517893957  0.2502849560580565 0.008575243375421903 0.6  0.3  0.0
0.5924543690481933  0.2525273901232596 0.007469748721522137 0.6  0.3  0.0
0.5938366794248675  0.2548360601908135 0.006308656863053987 0.6  0.3  0.0
0.5960838210902569  0.2572536088671384 0.004790897682772081 0.6  0.3  0.0
0.5979256641093555  0.2611172210467417 0.002923257435169374 0.6  0.3  0.0
0.6007802468429669  0.26499335485032816 0.0016827183828747804 0.6  0.3  0.0
0.6045599658425201  0.2689401074560322 0.0008235306835259364 0.6  0.3  0.0
0.6091296074997155  0.2729009398374855 0.00023949628931251943 0.6  0.3  0.0
0.6112976068493511  0.2773213021698176 0.0002429932245554078 0.6  0.3  0.0
0.6142713858232925  0.2815047985126911 0.00014335411982634573 0.6  0.3  0.0
0.615705740058551  0.2851520703679381 0.0046945107911745025 0.6  0.3  0.0
0.6200126906518492  0.2871707908961741 0.00476816274911453 0.6  0.3  0.0
0.6275991373200827  0.2931424457353805 0.0019061409948332875 0.6  0.3  0.0
0.6351022077778484  0.2982578595185846 0.00038042854544155427 0.6  0.3  0.0
0.6426070539869403  0.3026573586264742 -0.0005112887890155246 0.6  0.3  0.0
0.6500840878960592  0.306452216689613 -0.0016897679412739936 0.6  0.3  0.0
0.6541897956813506  0.31030388292013894 -0.001486388272516205 0.6  0.3  0.0
0.6447617823596602  0.31177842004585554 -0.030518074575250572 0.6  0.3  0.0
0.6305225368281944  0.3052104359870247 0.01527637787354302 0.6  0.3  0.0
0.6187817834017306  0.30045693456202843 0.05106098806220165 0.6  0.3  0.0
0.6158899365392132  0.295725794295007 0.04137632152346884 0.6  0.3  0.0
0.6137189599424433  0.29157902638305966 0.02943493503899497 0.6  0.3  0.0
0.6116467469327288  0.287664990494366 0.017418084772963346 0.6  0.3  0.0
0.6095237853425302  0.2838329792080669 0.008480636215234197 0.6  0.3  0.0
0.6050045742721832  0.2802721048063551 -0.008366347641493353 0.6  0.3  0.0
0.6000146376321228  0.2758023623974018 -0.01668075825579228 0.6  0.3  0.0
0.5951499387115904  0.27150238359041867 -0.022957346943196223 0.6  0.3  0.0
0.5906971425163334  0.26727498922013604 -0.025714946023842628 0.6  0.3  0.0
0.5873791916808765  0.26313691266929856 -0.029146516853675322 0.6  0.3  0.0
0.5843423608632541  0.25935887138230573 -0.0297082479465474 0.6  0.3  0.0
0.5815681087633563  0.2558156647651048 -0.02811220049471276 0.6  0.3  0.0
0.5790942082615957  0.25248415635097093 -0.024346204841900893 0.6  0.3  0.0
0.574676843615443  0.249089052393932 -0.028306339550458963 0.6  0.3  0.0
0.5709505424835313  0.24592823504749733 -0.030458066889107727 0.6  0.3  0.0
0.5676610942774749  0.24307760697337488 -0.030607195697771917 0.6  0.3  0.0
0.5648372880550037  0.2404959111983296 -0.028598526859287838 0.6  0.3  0.0
0.5641227084428194  0.2365817967787528 -0.025562262866846843 0.6  0.3  0.0
0.5614198276516704  0.2338484927427021 -0.020607049995078165 0.6  0.3  0.0
0.5594554726968015  0.23359436144828602 -0.027702071014664743 0.6  0.3  0.0
0.5578611796967419  0.23091749093987962 -0.017344247732105238 0.6  0.3  0.0
0.5551613022765167  0.22780404204200153 -0.014557681935640547 0.6  0.3  0.0
0.5529878755043895  0.22531306670150916 -0.011177055347713852 0.6  0.3  0.0
0.5513239381687989  0.22333291923717852 -0.007015224676614726 0.6  0.3  0.0
0.5501498071345773  0.22177463747150336 -0.0036459193964719317 0.6  0.3  0.0
0.5491468814783448  0.22023874767001914 -0.0048498091312420485 0.6  0.3  0.0
0.5486102487699139  0.219128781385107 -0.005042910877956461 0.6  0.3  0.0
0.5485174493312618  0.21842465502983968 -0.004469427849776729 0.6  0.3  0.0
0.5488460956996337  0.21807610576285325 -0.003395453168175518 0.6  0.3  0.0
0.549694841024326  0.21716635531066408 -0.005216239908844299 0.6  0.3  0.0
0.5510186706163641  0.21670065837043295 -0.006434659634698998 0.6  0.3  0.0
0.5537598949311998  0.21470714571983568 -0.010069929403372133 0.6  0.3  0.0
0.5562121730626457  0.21548312998524224 -0.007090406611694437 0.6  0.3  0.0
0.5558283293806795  0.2187168213109184 -0.016279617610108602 0.6  0.3  0.0
0.5579466302643797  0.22022296990377 -0.017049542956114896 0.6  0.3  0.0
0.5601136929362638  0.22208899665785145 -0.018765694164770464 0.6  0.3  0.0
0.562464223022902  0.22425186418271847 -0.020882031384000074 0.6  0.3  0.0
0.565260617464979  0.2273263469409881 -0.018671906192954026 0.6  0.3  0.0
0.5682852952689428  0.23068639457599655 -0.016687401082974906 0.6  0.3  0.0
0.5715890735178647  0.2341747082772079 -0.014715887145313468 0.6  0.3  0.0
0.5751604352103701  0.23776655959472956 -0.012781796685588702 0.6  0.3  0.0
0.578049905720331  0.2424406797443244 -0.009699122551770972 0.6  0.3  0.0
0.5813168401267624  0.24711342474571518 -0.0064776453140561515 0.6  0.3  0.0
0.5849395488328178  0.2517803031116444 -0.003651498429513735 0.6  0.3  0.0
0.5888911723476749  0.2564421610241968 -0.0020156344250078454 0.6  0.3  0.0
0.5929001680526153  0.2575225258335998 -0.012633000782502775 0.6  0.3  0.0
0.5996219619147393  0.2631534973617986 -0.006084694711679715 0.6  0.3  0.0
0.6031980925640784  0.26898936772570775 -0.0022627140366808444 0.6  0.3  0.0
0.61137346730687  0.2737099662181986 -0.001361970654671691 0.6  0.3  0.0
0.6163415555734783  0.2787941633069698 -0.000458032341383803 0.6  0.3  0.0
0.6217472801395845  0.2838297189946968 -7.091917626192391e-05 0.6  0.3  0.0
0.6277115611107249  0.28888493013097916 -1.9249025825563826e-05 0.6  0.3  0.0
0.6342570280932612  0.2938812046001452 -0.00014525140299856545 0.6  0.3  0.0
0.6406592994142555  0.2976572742521547 -0.0002271033027136098 0.6  0.3  0.0
0.6478196074485884  0.3014228764922657 -0.00036579730479356545 0.6  0.3  0.0
0.6423275544796822  0.2966894974265494 -0.023356289811028285 0.6  0.3  0.0
0.6396401005536705  0.29365154824955575 -0.03637847390660351 0.6  0.3  0.0
0.6369246429589297  0.2895521197193922 -0.030717323009260958 0.6  0.3  0.0
0.6344700366679706  0.2851824912873727 -0.021852995190132136 0.6  0.3  0.0
0.6301484073214864  0.2817840097663065 -0.009949777873766117 0.6  0.3  0.0
0.6294786524307765  0.27825899624004924 -0.00507508208442379 0.6  0.3  0.0
0.6216823408547245  0.2773337145635985 -0.023234430714921612 0.6  0.3  0.0
0.6153383493360729  0.2761141385275003 -0.029611161138867702 0.6  0.3  0.0
0.6102649926216638  0.2747906726436634 -0.028817994869779748 0.6  0.3  0.0
0.6059903695534153  0.2734943843763211 -0.024168369968660508 0.6  0.3  0.0
0.6058085226619002  0.2711479173766662 -0.014938433787306346 0.6  0.3  0.0
0.6059755900538699  0.26916472170058603 -0.007410777171828613 0.6  0.3  0.0
0.6064058281148331  0.2675821922772086 -0.0031256451255765377 0.6  0.3  0.0
0.607099565223295  0.26648301577422595 -0.001178293304298522 0.6  0.3  0.0
0.604296894298387  0.2646784849241407 0.0019761865827728196 0.6  0.3  0.0
0.602061722488613  0.26338752087527467 0.00410023370580322 0.6  0.3  0.0
0.6004020833943297  0.26257865589218365 0.005351643359781772 0.6  0.3  0.0
0.5993677518613814  0.26219715999282306 0.005795235099311608 0.6  0.3  0.0
0.5992126751004629  0.2611526207204966 0.010709181443819982 0.6  0.3  0.0
0.5983852083040114  0.2587711802869386 0.005728595173536647 0.6  0.3  0.0
0.5984478100115522  0.2572630526104063 0.002843570385598604 0.6  0.3  0.0
0.5993080374250767  0.25645966635958733 0.0010925087010540363 0.6  0.3  0.0
0.5990132006183454  0.255160704545156 0.004844164410345053 0.6  0.3  0.0
0.5995011132092162  0.25462213948013834 0.0071251901759187275 0.6  0.3  0.0
0.5993746205379537  0.2528528374759317 0.014839097523116093 0.6  0.3  0.0
0.6019317728759561  0.2542301357409432 0.012344801359790152 0.6  0.3  0.0
0.6013158352060204  0.25309913764375985 0.006348797108583121 0.6  0.3  0.0
0.6012656697897595  0.25262379468618273 0.0028927707876462675 0.6  0.3  0.0
0.6016974563750503  0.2526788947644174 0.0009025262136715842 0.6  0.3  0.0
0.6027534851155542  0.2533230995873866 -0.0007913935996084096 0.6  0.3  0.0
0.6028017232035745  0.2543756090367989 0.012403853585064864 0.6  0.3  0.0
0.6029582267643522  0.2542189379739256 0.008935757564646495 0.6  0.3  0.0
0.6038212037664163  0.254869134481949 0.006447582691403246 0.6  0.3  0.0
0.6054293591481605  0.2561637781603974 0.0037483413732620225 0.6  0.3  0.0
0.6026667341498381  0.2562056600825802 0.003173268319800848 0.6  0.3  0.0
0.6009128469422095  0.2568776796900877 0.0020829959949077866 0.6  0.3  0.0
0.6001906865152425  0.25811140101075947 0.001221892879882919 0.6  0.3  0.0
0.5990585370005606  0.25793437193319535 0.0022323877610472683 0.6  0.3  0.0
0.5981498980534583  0.2611402536393482 0.0014482403363089715 0.6  0.3  0.0
0.5981556851564235  0.26444197599367125 0.0009682272946445872 0.6  0.3  0.0
0.5991300251009868  0.2678878709823548 0.0005939208782779714 0.6  0.3  0.0
0.6010558109727027  0.27147506108597924 0.00027232252498043594 0.6  0.3  0.0
0.6021190417649768  0.2748900564448031 0.001059770624423951 0.6  0.3  0.0
0.6040901951267561  0.2783324004242756 0.0011733728680571771 0.6  0.3  0.0
0.6068946653705143  0.2818912590045174 0.0011114202640190997 0.6  0.3  0.0
0.6086957009792227  0.2853444735925605 0.011116220470901422 0.6  0.3  0.0
0.6116415277997977  0.29011754082517127 0.0042877966458065 0.6  0.3  0.0
0.6149790993450142  0.29465584437115405 -0.0003876349391900222 0.6  0.3  0.0
0.6173959535306928  0.29691905364899446 -8.309456959665562e-05 0.6  0.3  0.0
0.6222778026382115  0.3012971651478137 -0.0021667251826510826 0.6  0.3  0.0
0.6283715130926917  0.3063478075997505 -0.001177545381400664 0.6  0.3  0.0
0.6347010715274821  0.31070507207678094 -0.0007311066134339107 0.6  0.3  0.0
0.6412109173692496  0.31447296080074844 -0.0006248443988917394 0.6  0.3  0.0
0.6477683104490609  0.3177406783729186 -0.0006966390126451683 0.6  0.3  0.0
0.651630987199026  0.32203366354609886 -0.000858248664159368 0.6  0.3  0.0
0.6353846371397425  0.3138628869461723 0.03555230103164785 0.6  0.3  0.0
0.6229449116756302  0.308586644465075 0.06269298080588917 0.6  0.3  0.0
0.6125572732708782  0.30405473426204643 0.08793246289247963 0.6  0.3  0.0
0.6110697444091662  0.2994524112097012 0.06629584211434918 0.6  0.3  0.0
0.610036765172975  0.2951762621180618 0.045605663967841256 0.6  0.3  0.0
0.6089293483677518  0.29099461860142545 0.02679428097224243 0.6  0.3  0.0
0.6076443175457278  0.28684029592037397 0.012789104992375563 0.6  0.3  0.0
0.6024112594962884  0.28258642961583585 -0.0020547429395612084 0.6  0.3  0.0
0.5969171493972234  0.27744172935024913 -0.008572526367113652 0.6  0.3  0.0
0.5916036432254473  0.2724940459807203 -0.013333946583517307 0.6  0.3  0.0
0.5867710464614784  0.2677757094368998 -0.014433830712418664 0.6  0.3  0.0
0.5838616767823473  0.2638511733034375 -0.020017185458417627 0.6  0.3  0.0
0.5811098092680679  0.26016006677795384 -0.023139404539283488 0.6  0.3  0.0
0.5785526220907943  0.2566826366081972 -0.023762422444512373 0.6  0.3  0.0
0.5762186187529763  0.25339591673333495 -0.021870699899240825 0.6  0.3  0.0
0.5718684834383508  0.24919903176687996 -0.023324583895328852 0.6  0.3  0.0
0.5682100887795506  0.24524011660211564 -0.023173305258989897 0.6  0.3  0.0
0.56499333190154  0.24159583708795268 -0.021220612843942107 0.6  0.3  0.0
0.5626795262872761  0.2407944978803048 -0.033384692896399934 0.6  0.3  0.0
0.5615326449523633  0.23598059819686698 -0.01899475830217849 0.6  0.3  0.0
0.5583621401363607  0.2323306705267173 -0.009147786252563723 0.6  0.3  0.0
0.5557889142407627  0.22915423017620273 -0.002665842827817711 0.6  0.3  0.0
0.553708116276937  0.22634341117140905 0.004234287795202379 0.6  0.3  0.0
0.5513710684639378  0.22323088370270655 -0.003109517709992237 0.6  0.3  0.0
0.5495234309984253  0.2206006444974733 -0.008858495299215976 0.6  0.3  0.0
0.54813103638412  0.2184027745587974 -0.013082973165363162 0.6  0.3  0.0
0.5471701644993046  0.21658137964585247 -0.01589812177605588 0.6  0.3  0.0
0.5462813825846687  0.21440346840058316 -0.011774434684234444 0.6  0.3  0.0
0.5458299274387659  0.21262437137820334 -0.006746459278963525 0.6  0.3  0.0
0.5457881936505493  0.2112032502217586 -0.00335042738764816 0.6  0.3  0.0
0.5461353035154262  0.21010078881908573 -0.0013242484600977898 0.6  0.3  0.0
0.5468818872956761  0.2089193240499362 -0.007727589210914227 0.6  0.3  0.0
0.5469816491252961  0.2100135128126306 -0.023441022867937204 0.6  0.3  0.0
0.5499104019371985  0.20764543159463658 -0.028178762942405094 0.6  0.3  0.0
0.5523737696659771  0.20778164917383177 -0.028334385767006698 0.6  0.3  0.0
0.5529779734204291  0.20899749306027576 -0.025935431938941055 0.6  0.3  0.0
0.5539142220099423  0.21043723563581343 -0.024281568206748608 0.6  0.3  0.0
0.5551265507727731  0.21201354366199326 -0.023250353942784217 0.6  0.3  0.0
0.5566026751254128  0.21375152408628004 -0.022420278927073913 0.6  0.3  0.0
0.5593767954769132  0.21657582968415626 -0.023536080653238995 0.6  0.3  0.0
0.5624142265337481  0.21948754658541939 -0.02440608613702443 0.6  0.3  0.0
0.5656927068771755  0.22246901466607577 -0.025035240465114086 0.6  0.3  0.0
0.5690087134406914  0.2255649256338446 -0.025431470674246896 0.6  0.3  0.0
0.5715427768543927  0.22991301142230935 -0.021391589585833252 0.6  0.3  0.0
0.5744240800199908  0.23421387942646174 -0.017114430460455358 0.6  0.3  0.0
0.5776373818163171  0.2384699082609838 -0.012718948692790073 0.6  0.3  0.0
0.5789754203497119  0.243709145176134 -0.010796960321910184 0.6  0.3  0.0
0.5851092478856552  0.24778578365415607 -0.00877370438964592 0.6  0.3  0.0
0.5899848734584855  0.24807166613942272 -0.018087018328858492 0.6  0.3  0.0
0.5976499228612405  0.25315577387612476 -0.009665706271920859 0.6  0.3  0.0
0.6052253305423615  0.2577691559770582 -0.005052072357521149 0.6  0.3  0.0
0.6099529281629376  0.26315552220488614 -0.002167803309100664 0.6  0.3  0.0
0.6151148429401376  0.2683184436020306 -0.000625457924925217 0.6  0.3  0.0
0.6207493163484347  0.27340689752602465 0.00012544218468675604 0.6  0.3  0.0
0.6268453566317698  0.278504205466683 0.00041690432435269775 0.6  0.3  0.0
0.6331412375879969  0.28229335973460035 8.285473543931913e-05 0.6  0.3  0.0
0.6402195416248544  0.2860857592606728 -0.0004121023577748488 0.6  0.3  0.0
0.6479924560414382  0.2898900589539477 -0.0008248342143927861 0.6  0.3  0.0
0.6563515336038984  0.29374385152932325 -0.0016037681954605848 0.6  0.3  0.0
0.6450314120496123  0.288607959224981 -0.009019640131337879 0.6  0.3  0.0
0.6400970230052706  0.28474766589057116 -0.016252603769349325 0.6  0.3  0.0
0.6342710209937689  0.27990053336153664 -0.02400833806588668 0.6  0.3  0.0
0.6313623970751999  0.2774420259528867 -0.01604677959795202 0.6  0.3  0.0
0.6294292784142345  0.27412849005192275 -0.011162519239442333 0.6  0.3  0.0
0.6212488279083505  0.27220067981771867 -0.024356131479605782 0.6  0.3  0.0
0.6142367890036933  0.2702128634747016 -0.027340699707840314 0.6  0.3  0.0
0.6081468486938134  0.26802299711123356 -0.024076527118052696 0.6  0.3  0.0
0.6060857735746039  0.2664221503932552 -0.02225371333113235 0.6  0.3  0.0
0.6044053499351785  0.2650369070462784 -0.01946122845796748 0.6  0.3  0.0
0.6032714140742161  0.26392837359913296 -0.016112588519889743 0.6  0.3  0.0
0.6024897477003898  0.26299556926211537 -0.012606763506546272 0.6  0.3  0.0
0.6001367663703244  0.261203635006675 -0.00610371252623529 0.6  0.3  0.0
0.5982609367726254  0.25978859187066516 -0.0024301708727799956 0.6  0.3  0.0
0.5969332149163811  0.25872404173324154 -0.00019452000497141445 0.6  0.3  0.0
0.5962032425815604  0.25797765050493 0.0015229241543006024 0.6  0.3  0.0
0.5932621577061707  0.2558184561532763 0.001885443432826661 0.6  0.3  0.0
0.5915637484250129  0.2541524991445698 0.002231447170661565 0.6  0.3  0.0
0.5921455814667176  0.254411873893763 0.006174738733939049 0.6  0.3  0.0
0.5918791037506583  0.25333982847236397 0.003165938828287582 0.6  0.3  0.0
0.5915199999839919  0.2513096470485568 0.0045023080289465995 0.6  0.3  0.0
0.5920587887203207  0.2501015725791547 0.004714225194181241 0.6  0.3  0.0
0.5934136204896742  0.24960355833670286 0.0037007475499331653 0.6  0.3  0.0
0.5939873999724682  0.24789042789833235 0.008778300638783957 0.6  0.3  0.0
0.5933301355211701  0.24785888052358815 0.004351727189410977 0.6  0.3  0.0
0.5932121999222381  0.2482829776634788 0.001817729027379257 0.6  0.3  0.0
0.5937234799807108  0.24919982263854723 0.0003647350205903668 0.6  0.3  0.0
0.5949081140659028  0.25060979338246664 -0.0005098688630571913 0.6  0.3  0.0
0.5955821186693246  0.24921027629765383 6.139487258006754e-05 0.6  0.3  0.0
0.5968994357626157  0.2485205833120024 0.000165082487481866 0.6  0.3  0.0
0.5996150287986762  0.2500109571895413 0.007660465278080991 0.6  0.3  0.0
0.6027539709518324  0.25032931361650507 0.0030866929334622166 0.6  0.3  0.0
0.5994382387731686  0.25029572760798025 0.0035633633479295315 0.6  0.3  0.0
0.5970879532269662  0.2509695158893477 0.004190934173477952 0.6  0.3  0.0
0.5957851574077643  0.2522377118904771 0.004215006435538254 0.6  0.3  0.0
0.5955429912756972  0.25400805717120944 0.0033663042151459203 0.6  0.3  0.0
0.5939770746392226  0.2550468754764802 0.0022129530075856137 0.6  0.3  0.0
0.5924233708905857  0.2546965672975966 0.005352626135191526 0.6  0.3  0.0
0.5936325394113243  0.2571135284009358 0.0025191011564337984 0.6  0.3  0.0
0.5955814582209064  0.2595823924663448 0.0008952807875574453 0.6  0.3  0.0
0.5964686907015156  0.26315944896898785 0.0018994703112475652 0.6  0.3  0.0
0.598351424531652  0.2668216157118889 0.002100893773143017 0.6  0.3  0.0
0.6011661523651172  0.27054376661696516 0.0016910667554170058 0.6  0.3  0.0
0.604811477039329  0.27429451561030854 0.001369456895755293 0.6  0.3  0.0
0.6063367426841263  0.27877845899061443 0.0009482017525480238 0.6  0.3  0.0
0.6067894509323483  0.28270165675657694 0.00691528593163936 0.6  0.3  0.0
0.6112165680412789  0.28660482259402237 0.0013607058141030222 0.6  0.3  0.0
0.6156881119420056  0.2903359873284034 -0.0015974262158230937 0.6  0.3  0.0
0.6200553750966078  0.2931810958462101 0.001097870540103709 0.6  0.3  0.0
0.6268113433472402  0.29796884191326245 7.734100010592599e-05 0.6  0.3  0.0
0.6335611938944701  0.3020796535621832 -0.0004045002701834328 0.6  0.3  0.0
0.6403058165528273  0.3056610574969439 -0.0006376530348725752 0.6  0.3  0.0
0.6461239456742642  0.31059126255948133 -0.00031169965668167315 0.6  0.3  0.0
0.6516735579777735  0.31471193050775625 2.044283048801643e-05 0.6  0.3  0.0
0.6457237770193  0.31645184487301015 -0.02540049614771173 0.6  0.3  0.0
0.6346655629258166  0.3099406310906618 0.02517732706182627 0.6  0.3  0.0
0.6280083213525373  0.30418810063983315 0.037993705754768486 0.6  0.3  0.0
0.62288010823451  0.29942601842418387 0.0451251904649738 0.6  0.3  0.0
0.6184853375667948  0.29511457354739484 0.04910865740213717 0.6  0.3  0.0
0.6144925701020225  0.29246748796686434 0.04174398595319295 0.6  0.3  0.0
0.6116556865039706  0.28748315041429606 0.021315950462247088 0.6  0.3  0.0
0.6087985886266952  0.2826973687633653 0.00846922999641528 0.6  0.3  0.0
0.6058899422962488  0.2781367773065761 -0.003768899132949262 0.6  0.3  0.0
0.6031721514926227  0.27367252809992854 -0.013682311504486339 0.6  0.3  0.0
0.5983820297419089  0.26890335474024135 -0.01781379474121631 0.6  0.3  0.0
0.593832455169567  0.264732981816932 -0.018391872738537086 0.6  0.3  0.0
0.5895194615004589  0.2607437000517258 -0.01676124958731371 0.6  0.3  0.0
0.5854903030515373  0.2569229994999055 -0.012953140691259352 0.6  0.3  0.0
0.5808830488097477  0.25303093545776645 -0.01843519468051421 0.6  0.3  0.0
0.5766477938596833  0.24936892152753787 -0.021659389909380766 0.6  0.3  0.0
0.5730486571647337  0.2458340049311997 -0.022771497004976722 0.6  0.3  0.0
0.5724506540950686  0.24210319593181784 -0.019197678985726527 0.6  0.3  0.0
0.5671366416386296  0.23865681932949936 -0.02055608631608035 0.6  0.3  0.0
0.5625685212114954  0.235607593787747 -0.020282920656000764 0.6  0.3  0.0
0.5590130351032022  0.23530177823535942 -0.03380195776784595 0.6  0.3  0.0
0.5555282136841689  0.23231625158505292 -0.026496294926686172 0.6  0.3  0.0
0.5522202837619602  0.22877481072636277 -0.018043578600203947 0.6  0.3  0.0
0.5494383021948066  0.22581496800823972 -0.009359906077099774 0.6  0.3  0.0
0.5471443024876557  0.22329066245727963 -0.004142781218804454 0.6  0.3  0.0
0.5453224285927498  0.22113270362247334 1.2554791142844503e-05 0.6  0.3  0.0
0.5436812053020305  0.21912180330775008 -0.004239277146633924 0.6  0.3  0.0
0.5424998762370037  0.21755185611719374 -0.007323976150462742 0.6  0.3  0.0
0.5417560325891906  0.2163749320261962 -0.009448209339387404 0.6  0.3  0.0
0.5414259420154629  0.21554400217497718 -0.010841148262669268 0.6  0.3  0.0
0.5416185904137892  0.21386521463662353 -0.008699895137954883 0.6  0.3  0.0
0.5434957782833266  0.21102139955871618 -0.007650057338621269 0.6  0.3  0.0
0.5447973552010963  0.2105054151076075 -0.0038306349068989182 0.6  0.3  0.0
0.5464816867146844  0.21014382008183574 -0.001820119468272363 0.6  0.3  0.0
0.5478432879037906  0.21071184615083682 -0.00679378760287041 0.6  0.3  0.0
0.5481722335291845  0.21320726545278954 -0.020191208925525336 0.6  0.3  0.0
0.5506850249820714  0.21382484524797132 -0.02344462115473727 0.6  0.3  0.0
0.5532734176421612  0.21489387755959877 -0.027140366692151183 0.6  0.3  0.0
0.555165407890118  0.21706196789995374 -0.025042825301166017 0.6  0.3  0.0
0.5572572077112711  0.21955888895259143 -0.023083327691876633 0.6  0.3  0.0
0.5596269540052641  0.22225593424634021 -0.021162590605015963 0.6  0.3  0.0
0.5622635079603703  0.2250933952623459 -0.019250556117935556 0.6  0.3  0.0
0.5655886068882005  0.2288331878353814 -0.017981175220521242 0.6  0.3  0.0
0.5690356931951283  0.23265184166223635 -0.01637500999419792 0.6  0.3  0.0
0.5727248941041179  0.23649751527049975 -0.014480143712858527 0.6  0.3  0.0
0.5759285654282968  0.23720061845599888 -0.023634832400702438 0.6  0.3  0.0
0.5803159334149549  0.24347181980382082 -0.015553346480031885 0.6  0.3  0.0
0.5848790317186964  0.24925781778003642 -0.00974488176541698 0.6  0.3  0.0
0.5897151611130004  0.2547542103791699 -0.0053044527601309125 0.6  0.3  0.0
0.5917607069268404  0.26096174068114214 -0.0026829385733715553 0.6  0.3  0.0
0.5980733126505957  0.26540965409162753 -0.0012219793044105983 0.6  0.3  0.0
0.6045267271483595  0.2699313558141749 -0.0004809554231641357 0.6  0.3  0.0
0.6113150423348309  0.27451912072825624 -0.0002095016027013032 0.6  0.3  0.0
0.6185141186805316  0.27912960248012575 -0.00016840556701747241 0.6  0.3  0.0
0.6232792311724814  0.28392939327589617 0.00033859657811084146 0.6  0.3  0.0
0.6287605804431915  0.28858517493060964 -9.963865498244603e-05 0.6  0.3  0.0
0.6348972723728862  0.2932414177639487 -0.00039636389418776127 0.6  0.3  0.0
0.6415964777565697  0.29791709183460824 -0.0006164116035569568 0.6  0.3  0.0
0.6489917926125246  0.30007288308609137 -0.0003251608017997028 0.6  0.3  0.0
0.6423765538904498  0.29230915164200977 -0.025738493534874844 0.6  0.3  0.0
0.6405099365778462  0.2877742845404977 -0.03386437243925174 0.6  0.3  0.0
0.6393099657384494  0.28403874395508344 -0.040008230002876184 0.6  0.3  0.0
0.6354548435901545  0.2804414535722707 -0.03128754407135252 0.6  0.3  0.0
0.6329302391804444  0.276786981828457 -0.020574654931615574 0.6  0.3  0.0
0.6243423187023585  0.2745116319850327 -0.02766445316471174 0.6  0.3  0.0
0.6168824851303846  0.2720801201768579 -0.024151012436655656 0.6  0.3  0.0
0.6142009472630588  0.2709828065452755 -0.02624394624875943 0.6  0.3  0.0
0.6119997998315297  0.27002690721326605 -0.025827609922278436 0.6  0.3  0.0
0.6102496822486281  0.26918060756798085 -0.02411053800647916 0.6  0.3  0.0
0.6091177587550993  0.268394306052384 -0.02084734273984522 0.6  0.3  0.0
0.6066637152370983  0.2658714582021513 -0.010438465492500942 0.6  0.3  0.0
0.6047515210866927  0.26403728523826253 -0.005176285211459639 0.6  0.3  0.0
0.6033722213058097  0.26259411629440166 -0.0022065757686267526 0.6  0.3  0.0
0.602501131612886  0.261467297437362 -0.0006049186237487864 0.6  0.3  0.0
0.5994014140994379  0.25886926970361607 0.00029894073443792295 0.6  0.3  0.0
0.597462955444657  0.2568053120270873 0.0008603534338280722 0.6  0.3  0.0
0.596357799321096  0.25533334989488954 0.000949716016817096 0.6  0.3  0.0
0.5960076525236502  0.25442634923706076 0.0007685386941289373 0.6  0.3  0.0
0.5965832699669101  0.25398721121170437 0.006123819043560889 0.6  0.3  0.0
0.5967540842872743  0.25264768523536657 0.003394444803156988 0.6  0.3  0.0
0.5977732543931038  0.2521293215340719 0.0017783868185147383 0.6  0.3  0.0
0.599551652253445  0.2522819752890146 0.0007381245851764983 0.6  0.3  0.0
0.599224810544158  0.2510941861112026 0.0009994731485278756 0.6  0.3  0.0
0.5996509170937593  0.25063283961340166 0.0009620606120698493 0.6  0.3  0.0
0.5992359963697673  0.24892832950618646 0.006143452379665482 0.6  0.3  0.0
0.6016505123686531  0.2502705309036145 0.003119623379615067 0.6  0.3  0.0
0.6008674911573951  0.2495155306240388 0.0017682241471582683 0.6  0.3  0.0
0.6006392424018795  0.24940028245597 0.0009957242035229562 0.6  0.3  0.0
0.601062863473093  0.2499063340411174 0.0004249709514840387 0.6  0.3  0.0
0.6022153233878494  0.25101343575785967 -9.720280832722689e-05 0.6  0.3  0.0
0.6008907323100795  0.2523030075530469 0.011308216265136319 0.6  0.3  0.0
0.6002339769110838  0.25243546108156767 0.005698528767995288 0.6  0.3  0.0
0.6004482938883339  0.253290476359063 0.002621574897615845 0.6  0.3  0.0
0.6015445190437363  0.25472771191870325 0.0008328416357311964 0.6  0.3  0.0
0.5993913340658776  0.25606048530276465 0.004576101881794381 0.6  0.3  0.0
0.5983754713401093  0.2578906001690024 0.007244634699398195 0.6  0.3  0.0
0.5984695096596772  0.26013486182679146 0.008810726371157403 0.6  0.3  0.0
0.5982156198960719  0.2607557929795509 0.014548237041721236 0.6  0.3  0.0
0.5984427119495851  0.2646032046186814 0.007537129019169054 0.6  0.3  0.0
0.5994965686255755  0.2683984781677516 0.0035164912374679672 0.6  0.3  0.0
0.6014029475569364  0.27218977094598173 0.0011822533561054727 0.6  0.3  0.0
0.6041171403915996  0.275982197864735 -0.00037876692131920886 0.6  0.3  0.0
0.606337436042979  0.28019707646149505 0.002685119430371836 0.6  0.3  0.0
0.6093517977334132  0.2842966664788268 0.005144030087995638 0.6  0.3  0.0
0.6129968178381291  0.2879661274260277 0.00494670567113013 0.6  0.3  0.0
0.617182245299191  0.29143603081851444 0.004002472484215581 0.6  0.3  0.0
0.6199229446185823  0.2962507586424688 0.0026666394005092657 0.6  0.3  0.0
0.6264038636684001  0.30101418668612445 -0.0031618580819964322 0.6  0.3  0.0
0.6313310481678962  0.30344675551062267 -0.0019722902254573366 0.6  0.3  0.0
0.638347569799312  0.30792016543940887 -0.007351598632582319 0.6  0.3  0.0
0.6440032873374768  0.3128687289495724 -0.003726234668367772 0.6  0.3  0.0
0.6496584848107955  0.316898016310661 -0.0017911776947178706 0.6  0.3  0.0
0.6548982576469875  0.3201648574291092 -0.0005130687639844558 0.6  0.3  0.0
0.6487768399686469  0.321113622860978 -0.024959518844675864 0.6  0.3  0.0
0.6356946747152802  0.3125696081971492 0.02350630274482963 0.6  0.3  0.0
0.6253037918856538  0.3060905144456207 0.05975693331746772 0.6  0.3  0.0
0.6167336709937048  0.3007084069059484 0.0857149888370571 0.6  0.3  0.0
0.6090306672975977  0.29594050051291654 0.106407070912062 0.6  0.3  0.0
0.6079777461847886  0.29052404785690233 0.07302152739269266 0.6  0.3  0.0
0.6068808059230032  0.2853448967867966 0.04180642541197929 0.6  0.3  0.0
0.6056661546201578  0.2804736661175894 0.0172499600540218 0.6  0.3  0.0
0.6043075016470785  0.2757850170374899 -0.0052576293115815555 0.6  0.3  0.0
0.5993960875384671  0.2703037265580397 -0.005072529101445958 0.6  0.3  0.0
0.5947354481353779  0.26540785054315613 -0.002784840440610533 0.6  0.3  0.0
0.5903250835662237  0.2607322574632224 -0.0010205166071485076 0.6  0.3  0.0
0.5862136776067515  0.2562468984789663 0.0012138008120784667 0.6  0.3  0.0
0.5824070270731363  0.2520826046793816 -0.007931075998668139 0.6  0.3  0.0
0.5789074067106988  0.24820804395918145 -0.014297222583687416 0.6  0.3  0.0
0.5757289775687391  0.24454976988927551 -0.01786636999024959 0.6  0.3  0.0
0.5731283248112956  0.24104714697668367 -0.018856618183038073 0.6  0.3  0.0
0.5693844800234378  0.23690592416340003 -0.01817256215120513 0.6  0.3  0.0
0.5661465218668983  0.2331726752081423 -0.015484473609172211 0.6  0.3  0.0
0.565631603485074  0.229177970378596 -0.009381535986466499 0.6  0.3  0.0
0.5629352577828124  0.22626503800631934 -0.004635720714348287 0.6  0.3  0.0
0.5595492354324761  0.22345773636193567 -0.006306551139060618 0.6  0.3  0.0
0.5567891294440762  0.22319542859150926 -0.019922573821995894 0.6  0.3  0.0
0.5544502369723882  0.22061701204116427 -0.015414296235701588 0.6  0.3  0.0
0.5524669268978172  0.21866563536795458 -0.011161149225934804 0.6  0.3  0.0
0.5493637163299115  0.21662652464910062 -0.008611487048843947 0.6  0.3  0.0
0.5467706063118426  0.21505849592042273 -0.005321906155237583 0.6  0.3  0.0
0.544670453397553  0.21386799764080652 -0.002855762727451094 0.6  0.3  0.0
0.5430500644097989  0.21300468519784507 -0.0013383760412217156 0.6  0.3  0.0
0.5433306190750161  0.21194087643045856 -0.004670006420763664 0.6  0.3  0.0
